position,reference,mutant,mutation_id,standardized_probability
1,M,A,M1A,0.0473851114071218
1,M,C,M1C,0.0382924134172937
1,M,D,M1D,0.0515833131508854
1,M,E,M1E,0.0300882477597495
1,M,F,M1F,0.0279970937272961
1,M,G,M1G,0.1868241402276597
1,M,H,M1H,0.0359363647372259
1,M,I,M1I,0.019512896585131
1,M,K,M1K,0.0366546076531848
1,M,L,M1L,0.002022281424075
1,M,N,M1N,0.0579801404698489
1,M,P,M1P,0.0514667595059351
1,M,Q,M1Q,0.0328719120852507
1,M,R,M1R,0.0168813574715441
1,M,S,M1S,0.0850864313393074
1,M,T,M1T,0.0653812969241962
1,M,V,M1V,0
1,M,W,M1W,0.024481563332526
1,M,Y,M1Y,0.0325313332526035
2,E,A,E2A,0.0211582707677404
2,E,C,E2C,0.0196271797045289
2,E,D,E2D,0.0274173528699457
2,E,F,E2F,0.0181952349237103
2,E,G,E2G,0.0342024400581269
2,E,H,E2H,0.0035374788084281
2,E,I,E2I,0
2,E,K,E2K,0.0310532211189164
2,E,L,E2L,0.0252141862436439
2,E,M,E2M,0.0318713671591198
2,E,N,E2N,0.0308481169774764
2,E,P,E2P,0.0411033240494081
2,E,Q,E2Q,0.0407544199564073
2,E,R,E2R,0.0327152458222344
2,E,S,E2S,0.0146267255994187
2,E,T,E2T,0.0356041111649324
2,E,V,E2V,0.0249629147493354
2,E,W,E2W,0.0308980685395994
2,E,Y,E2Y,0.0103339186243642
3,G,A,G3A,0.0073216880600629
3,G,C,G3C,0.0269564361830966
3,G,D,G3D,0.0141446173407619
3,G,E,G3E,0.0220816178251392
3,G,F,G3F,0.0284330346330845
3,G,H,G3H,0.0073542322596284
3,G,I,G3I,0.0210666929038508
3,G,K,G3K,0.0080785299103899
3,G,L,G3L,0.026823232017439
3,G,M,G3M,0
3,G,N,G3N,0.0270184972148234
3,G,P,G3P,0.0157460946960523
3,G,Q,G3Q,0.0351492492128859
3,G,R,G3R,0.0157400399612497
3,G,S,G3S,0.0154350326955679
3,G,T,G3T,0.0215366916929038
3,G,V,G3V,0.0174436909663357
3,G,W,G3W,0.0223737587793669
3,G,Y,G3Y,0.0161245156212172
4,E,A,E4A,0
4,E,C,E4C,0.0140136837006525
4,E,D,E4D,0.0231298437878407
4,E,F,E4F,0.0141468878663114
4,E,G,E4G,0.0099153850811334
4,E,H,E4H,0.0090329074836508
4,E,I,E4I,0.025476810365706
4,E,K,E4K,0.0106994732380707
4,E,L,E4L,0.0300299709372715
4,E,M,E4M,0.0272599297650763
4,E,N,E4N,0.0183700653911344
4,E,P,E4P,0.0092183337369823
4,E,Q,E4Q,0.0166058670380237
4,E,R,E4R,0.0238268951319932
4,E,S,E4S,0.0172166384112376
4,E,T,E4T,0.0103021312666505
4,E,V,E4V,0.0303872002906259
4,E,W,E4W,0.035759263744248
4,E,Y,E4Y,0.0293843848389426
5,K,A,K5A,0.0271683519011867
5,K,C,K5C,0.0223457556309033
5,K,D,K5D,0.0115713550496488
5,K,E,K5E,0.0291558186001453
5,K,F,K5F,0.0272432792443691
5,K,G,K5G,0
5,K,H,K5H,0.0185062969241947
5,K,I,K5I,0.0293336764349721
5,K,L,K5L,0.0283255630903366
5,K,M,K5M,0.012930643012836
5,K,N,K5N,0.0161563029789281
5,K,P,K5P,0.0271903003148448
5,K,Q,K5Q,0.0135565512230564
5,K,R,K5R,0.0198935880358426
5,K,S,K5S,0.0161941450714458
5,K,T,K5T,0.0186531242431567
5,K,V,K5V,0.0159231956890288
5,K,W,K5W,0.0057845422620475
5,K,Y,K5Y,0.0012344090578818
6,V,A,V6A,0.01599206829741
6,V,C,V6C,0.0208313150884005
6,V,D,V6D,0
6,V,E,V6E,0.0135240070234938
6,V,F,V6F,0.0293896827318963
6,V,G,V6G,0.0245095664809895
6,V,H,V6H,0.0412569629450244
6,V,I,V6I,0.0061402579317026
6,V,K,V6K,0.0098177524824412
6,V,L,V6L,0.0368324654880116
6,V,M,V6M,0.0290400217970453
6,V,N,V6N,0.0153994611286039
6,V,P,V6P,0.027414325502543
6,V,Q,V6Q,0.0212498486316313
6,V,R,V6R,0.0228626786146767
6,V,S,V6S,0.0307504843787842
6,V,T,V6T,0.0291437091305401
6,V,W,V6W,0.0256682913538387
6,V,Y,V6Y,0.0175155909421181
7,K,A,K7A,0.0438521736497956
7,K,C,K7C,0.0148908634051828
7,K,D,K7D,0.0322301101961734
7,K,E,K7E,0.0119982138532346
7,K,F,K7F,0.0154728747880857
7,K,G,K7G,0.0146910571566979
7,K,H,K7H,0.0119891317510293
7,K,I,K7I,0.0130396282392831
7,K,L,K7L,0.0272099782029561
7,K,M,K7M,0.0155689937030758
7,K,N,K7N,0.0113480867038023
7,K,P,K7P,0.0138918321627527
7,K,Q,K7Q,0
7,K,R,K7R,0.0270131993218711
7,K,S,K7S,0.0007394344877694
7,K,T,K7T,0.0252981956890288
7,K,V,K7V,0.0381243945265197
7,K,W,K7W,0.0153676737708902
7,K,Y,K7Y,0.0174452046500363
8,T,A,T8A,0.0395956950835539
8,T,C,T8C,0.0144677888108501
8,T,D,T8D,0.039072717364978
8,T,E,T8E,0.0477256902397675
8,T,F,T8F,0.0303221118914991
8,T,G,T8G,0.0229126301767982
8,T,H,T8H,0.0202038931944781
8,T,I,T8I,0.0385043291353839
8,T,K,T8K,0.0293715185274885
8,T,L,T8L,0.031055491644466
8,T,M,T8M,0.0335258234439317
8,T,N,T8N,0.0188128178735757
8,T,P,T8P,0.0196415596996837
8,T,Q,T8Q,0.051032332283846
8,T,R,T8R,0.0374439937030744
8,T,S,T8S,0.0205747457011383
8,T,V,T8V,0.0400566117704031
8,T,W,T8W,0
8,T,Y,T8Y,0.0174391499152323
9,K,A,K9A,0.0172279910389925
9,K,C,K9C,0.0370844938241705
9,K,D,K9D,0.0086098328893194
9,K,E,K9E,0.0349910692661661
9,K,F,K9F,0.0100516166141923
9,K,G,K9G,0.0247313211431339
9,K,H,K9H,0
9,K,I,K9I,0.0391378057641075
9,K,L,K9L,0.0047211794623409
9,K,M,K9M,0.0062151852748863
9,K,N,K9N,0.0203605594574957
9,K,P,K9P,0.041020828287721
9,K,Q,K9Q,0.0155160147735543
9,K,R,K9R,0.0200298195689043
9,K,S,K9S,0.0320416565754434
9,K,T,K9T,0.0220990251876968
9,K,V,K9V,0.0193562303221119
9,K,W,K9W,0.0266272099782029
9,K,Y,K9Y,0.0240024824412705
10,A,C,A10C,0.0215321506418005
10,A,D,A10D,0.0360052373456029
10,A,E,A10E,0.0413553523855641
10,A,F,A10F,0.0250461673528699
10,A,G,A10G,0.0216373516589959
10,A,H,A10H,0.0197679522886883
10,A,I,A10I,0.0137858743037055
10,A,K,A10K,0.0366069266166128
10,A,L,A10L,0.0300102930491644
10,A,M,A10M,0.019491705013319
10,A,N,A10N,0.0091040506175829
10,A,P,A10P,0.0162531787357713
10,A,Q,A10Q,0.0347920198595302
10,A,R,A10R,0.0155712642286253
10,A,S,A10S,0.0167118248970695
10,A,T,A10T,0
10,A,V,A10V,0.010510262775489
10,A,W,A10W,0.0453302857834813
10,A,Y,A10Y,0.0189376967788797
11,N,A,N11A,0.0373206284814711
11,N,C,N11C,0.0263698837490918
11,N,D,N11D,0.0185933337369809
11,N,E,N11E,0.0355352385565512
11,N,F,N11F,0.019926889077257
11,N,G,N11G,0.0361936909663357
11,N,H,N11H,0.0085447444901913
11,N,I,N11I,0.0259944901913296
11,N,K,N11K,0.0168200532816648
11,N,L,N11L,0
11,N,M,N11M,0.0331330225236121
11,N,P,N11P,0.026848207798497
11,N,Q,N11Q,0.0303614676677161
11,N,R,N11R,0.0071392891741327
11,N,S,N11S,0.0003360377815437
11,N,T,N11T,0.0110408089125696
11,N,V,N11V,0.0351363829014289
11,N,W,N11W,0.0475743218697007
11,N,Y,N11Y,0.0065292746427706
12,S,A,S12A,0.0180658149673044
12,S,C,S12C,0.0112239646403487
12,S,D,S12D,0.0178909844998789
12,S,E,S12E,0.0176707435214337
12,S,F,S12F,0.0055938181157651
12,S,G,S12G,0.0214027306853946
12,S,H,S12H,0.0210984802615645
12,S,I,S12I,0.0215730201017181
12,S,K,S12K,0.0263032816662616
12,S,L,S12L,0.0227166081375621
12,S,M,S12M,0.0257977113102446
12,S,N,S12N,0.0230011806732851
12,S,P,S12P,0.0288803281666249
12,S,Q,S12Q,0.0315625756841836
12,S,R,S12R,0.0173082162751271
12,S,T,S12T,0.0324268890772584
12,S,V,S12V,0.0085719907968017
12,S,W,S12W,0
12,S,Y,S12Y,0.0226651428917413
13,I,A,I13A,0.0148174497457011
13,I,C,I13C,0.0069356987163948
13,I,D,I13D,0.0299020646645663
13,I,E,I13E,0.0215730201017181
13,I,F,I13F,0.0037804250423817
13,I,G,I13G,0.0208048256236363
13,I,H,I13H,0.0224449019132962
13,I,K,I13K,0.0172264773552904
13,I,L,I13L,0.0132878723661889
13,I,M,I13M,0.0217660147735529
13,I,N,I13N,0.0274907665294246
13,I,P,I13P,0.0379874061516106
13,I,Q,I13Q,0.0262442480019375
13,I,R,I13R,0.0124137200290627
13,I,S,I13S,0.006788114555581
13,I,T,I13T,0.0079930067813015
13,I,V,I13V,0.0065065693872608
13,I,W,I13W,0
13,I,Y,I13Y,0.0218152094938242
14,S,A,S14A,0.0201985953015258
14,S,C,S14C,0.0279721179462339
14,S,D,S14D,0.0385262775490434
14,S,E,S14E,0.0250968757568432
14,S,F,S14F,0.0208388835069024
14,S,G,S14G,0.0048188120610331
14,S,H,S14H,0
14,S,I,S14I,0.0306695023008006
14,S,K,S14K,0.01918669774764
14,S,L,S14L,0.0091645979656091
14,S,M,S14M,0.033992038023736
14,S,N,S14N,0.0132712218454831
14,S,P,S14P,0.0171901489464761
14,S,Q,S14Q,0.0221625999031256
14,S,R,S14R,0.0271199140227672
14,S,T,S14T,0.0151292685880358
14,S,V,S14V,0.0092682852991039
14,S,W,S14W,0.0248168442722209
14,S,Y,S14Y,0.0203991583918638
15,N,A,N15A,0
15,N,C,N15C,0.0208691571809155
15,N,D,N15D,0.0376059578590458
15,N,E,N15E,0.0188173589246805
15,N,F,N15F,0.0257159723904093
15,N,G,N15G,0.0192275672075563
15,N,H,N15H,0.0218144526519752
15,N,I,N15I,0.0239336098328893
15,N,K,N15K,0.0172915657544213
15,N,L,N15L,0.0142187878420939
15,N,M,N15M,0.0139084826834598
15,N,P,N15P,0.0217380116250922
15,N,Q,N15Q,0.0086711370791959
15,N,R,N15R,0.0151565148946476
15,N,S,N15S,0.0214965790748365
15,N,T,N15T,0.0219045168321641
15,N,V,N15V,0.0256887260837989
15,N,W,N15W,0.0149498970695097
15,N,Y,N15Y,0.0048468152094938
16,F,A,F16A,0.0226318418503255
16,F,C,F16C,0.0241349297650763
16,F,D,F16D,0.0317109166868477
16,F,E,F16E,0.0127618672802117
16,F,G,F16G,0
16,F,H,F16H,0.0226969302494551
16,F,I,F16I,0.0158671893921032
16,F,K,F16K,0.0259051828529896
16,F,L,F16L,0.0312681642044064
16,F,M,F16M,0.041655061758295
16,F,N,F16N,0.0423135141680795
16,F,P,F16P,0.0285132598692163
16,F,Q,F16Q,0.030263835069024
16,F,R,F16R,0.0214882538144815
16,F,S,F16S,0.0285359651247275
16,F,T,F16T,0.0078734257689513
16,F,V,F16V,0.0368286812787586
16,F,W,F16W,0.017636685638169
16,F,Y,F16Y,0.020246276338095
17,S,A,S17A,4.9951562121579146e-05
17,S,C,S17C,0.0178395192540552
17,S,D,S17D,0.0049777488495989
17,S,E,S17E,0.0211635686606926
17,S,F,S17F,0.0239638835069024
17,S,G,S17G,0.047861164930976
17,S,H,S17H,0.0001316904819554
17,S,I,S17I,0.0181551223056416
17,S,K,S17K,0.0075714458706708
17,S,L,S17L,0.030609711794622
17,S,M,S17M,0.0133310123516576
17,S,N,S17N,0.00530092031969
17,S,P,S17P,0.0098616493097588
17,S,Q,S17Q,0.0161146766771615
17,S,R,S17R,0.0116795834342455
17,S,T,S17T,0.0222609893436667
17,S,V,S17V,0.0192419472027111
17,S,W,S17W,0.0113904698474207
17,S,Y,S17Y,0
18,M,A,M18A,0
18,M,C,M18C,0.0243105170743521
18,M,D,M18D,0.0148439392104626
18,M,E,M18E,0.0125317873577123
18,M,F,M18F,0.0054500181642044
18,M,G,M18G,0.0202576289658499
18,M,H,M18H,0.0209993339791717
18,M,I,M18I,0.0132863586824897
18,M,K,M18K,0.0120875211915718
18,M,L,M18L,0.0254624303705483
18,M,N,M18N,0.0187219968515365
18,M,P,M18P,0.0188241705013306
18,M,Q,M18Q,0.0105057217243884
18,M,R,M18R,0.0006781302978929
18,M,S,M18S,0.0166823080649067
18,M,T,M18T,0.0359121457980126
18,M,V,M18V,0.0172945931218198
18,M,W,M18W,0.020880509808669
18,M,Y,M18Y,0.0267490615161056
19,T,A,T19A,0.0110203741826094
19,T,C,T19C,0.0045062363768452
19,T,D,T19D,0.024083464519254
19,T,E,T19E,0.0252088883506902
19,T,F,T19F,0.0130396282392831
19,T,G,T19G,0.0064967304432065
19,T,H,T19H,0.017678311939937
19,T,I,T19I,0.016842758537176
19,T,K,T19K,0.0104058186001439
19,T,L,T19L,0.0063090336643241
19,T,M,T19M,0.0144609772341971
19,T,N,T19N,0
19,T,P,T19P,0.0095044199564059
19,T,Q,T19Q,0.0043957374666975
19,T,R,T19R,0.0039083313150884
19,T,S,T19S,0.0162319871639622
19,T,V,T19V,0.0061705316057156
19,T,W,T19W,0.0081708646161298
19,T,Y,T19Y,0.0063688241705013
20,Y,A,Y20A,0.0401807338338595
20,Y,C,Y20C,0.0185062969241961
20,Y,D,Y20D,0.0469506841850341
20,Y,E,Y20E,0.0037251755873106
20,Y,F,Y20F,0.0242242371034163
20,Y,G,Y20G,0.0137200290627284
20,Y,H,Y20H,0.0087369823201757
20,Y,I,Y20I,0.011391226689271
20,Y,K,Y20K,0
20,Y,L,Y20L,0.0050700835553416
20,Y,M,Y20M,0.0019322172438847
20,Y,N,Y20N,0.0386027185759264
20,Y,P,Y20P,0.0039174134172923
20,Y,Q,Y20Q,0.0178947687091319
20,Y,R,Y20R,0.0046803100024219
20,Y,S,Y20S,0.0304924013078241
20,Y,T,Y20T,0.0125333010414158
20,Y,V,Y20V,0.0208812666505207
20,Y,W,Y20W,0.0046901489464775
21,D,A,D21A,0.0160738072172453
21,D,C,D21C,0.0275641801889091
21,D,E,D21E,0.0255388713974328
21,D,F,D21F,0.0032809094211687
21,D,G,D21G,0
21,D,H,D21H,0.0175996003875044
21,D,I,D21I,0.019506085008478
21,D,K,D21K,0.0070469544683957
21,D,L,D21L,0.0470407483652216
21,D,M,D21M,0.023499182610803
21,D,N,D21N,0.0130865524340048
21,D,P,D21P,0.021479171712279
21,D,Q,D21Q,0.0259589186243657
21,D,R,D21R,0.0306467970452908
21,D,S,D21S,0.004939906757084
21,D,T,D21T,0.0124016105594589
21,D,V,D21V,0.0109923710341487
21,D,W,D21W,0.020960735044805
21,D,Y,D21Y,0.011001453136354
22,R,A,R22A,0.0169789900702335
22,R,C,R22C,0.0187908694599176
22,R,D,R22D,0.0186781000242189
22,R,E,R22E,0.0250370852506646
22,R,F,R22F,0.012605201017194
22,R,G,R22G,0.0122585674497457
22,R,H,R22H,0.0180559760232487
22,R,I,R22I,0.0351295713247746
22,R,K,R22K,0.0213951622668913
22,R,L,R22L,0.0280432610801633
22,R,M,R22M,0.0239230140469833
22,R,N,R22N,0.0281053221118901
22,R,P,R22P,0.0361724993945265
22,R,Q,R22Q,0.0342622305642999
22,R,S,R22S,0.023648280455316
22,R,T,R22T,0.0361997457011369
22,R,V,R22V,0
22,R,W,R22W,0.0350584281908452
22,R,Y,R22Y,0.0214640348752724
23,E,A,E23A,0.0304765076289644
23,E,C,E23C,0.0289847723419714
23,E,D,E23D,0.0190391135868249
23,E,F,E23F,0.0123115463792671
23,E,G,E23G,0.0282869641559686
23,E,H,E23H,0
23,E,I,E23I,0.0259309154759007
23,E,K,E23K,0.0102726144344877
23,E,L,E23L,0.0196082586582693
23,E,M,E23M,0.0011034754177767
23,E,N,E23N,0.0226015681763139
23,E,P,E23P,0.0090480443206587
23,E,Q,E23Q,0.0238957677403715
23,E,R,E23R,0.0188536873334948
23,E,S,E23S,0.0037910208282877
23,E,T,E23T,0.0130729292806975
23,E,V,E23V,0.0228573807217244
23,E,W,E23W,0.0259437817873563
23,E,Y,E23Y,0.0256667776701366
24,S,A,S24A,0.0391582404940678
24,S,C,S24C,0.0076615100508611
24,S,D,S24D,0.0143338278033436
24,S,E,S24E,0
24,S,F,S24F,0.024960644223783
24,S,G,S24G,0.0236808246548801
24,S,H,S24H,0.0177547529668214
24,S,I,S24I,0.0230723238072172
24,S,K,S24K,0.0256251513683701
24,S,L,S24L,0.0374000968757583
24,S,M,S24M,0.0131993218697021
24,S,N,S24N,0.0299308246548801
24,S,P,S24P,0.0079014289174148
24,S,Q,S24Q,0.0344900399612511
24,S,R,S24R,0.0115872487285057
24,S,T,S24T,0.0314339125696309
24,S,V,S24V,0.0235453499636716
24,S,W,S24W,0.027422650762898
24,S,Y,S24Y,0.0262328953741826
25,G,A,G25A,0.0032506357471556
25,G,C,G25C,0.0022531181884247
25,G,D,G25D,0.0321127997093727
25,G,E,G25E,0.0094703620731412
25,G,F,G25F,0.0061569084524097
25,G,H,G25H,0.025793170259144
25,G,I,G25I,0.0008900460159845
25,G,K,G25K,0
25,G,L,G25L,0.0330656635989344
25,G,M,G25M,0.0335538265923967
25,G,N,G25N,0.0295365100508598
25,G,P,G25P,0.0080543109711808
25,G,Q,G25Q,0.0119702107047725
25,G,R,G25R,0.0213974327924437
25,G,S,G25S,0.0284284935819811
25,G,T,G25T,0.0168283785420198
25,G,V,G25V,0.0272712823928312
25,G,W,G25W,0.0274445991765561
25,G,Y,G25Y,0.0164893133930734
26,G,A,G26A,0.0063446052312922
26,G,C,G26C,0
26,G,D,G26D,0.0317805461370792
26,G,E,G26E,0.023142710099299
26,G,F,G26F,0.0043669774763865
26,G,H,G26H,0.0250741705013334
26,G,I,G26I,0.0220513441511262
26,G,K,G26K,0.024479292806975
26,G,L,G26L,0.0264811395010912
26,G,M,G26M,0.0217009263744248
26,G,N,G26N,0.0270351477355306
26,G,P,G26P,0.0167057701622669
26,G,Q,G26Q,0.0177290203439103
26,G,R,G26R,0.0094151126180687
26,G,S,G26S,0.0135943933155727
26,G,T,G26T,0.0122494853475432
26,G,V,G26V,0.0272743097602325
26,G,W,G26W,0.008311637200292
26,G,Y,G26Y,0.0325570658755147
27,N,A,N27A,0.0137904153548074
27,N,C,N27C,0.0221187030758053
27,N,D,N27D,0.052455951804311
27,N,E,N27E,0.0317321082586583
27,N,F,N27F,0.042287024703318
27,N,G,N27G,0.049601901186728
27,N,H,N27H,0.031611013562606
27,N,I,N27I,0.0273492371034135
27,N,K,N27K,0.0177002603535951
27,N,L,N27L,0.0246450411721966
27,N,M,N27M,0.0305748970695084
27,N,P,N27P,0.0297332889319448
27,N,Q,N27Q,0.0233281363526263
27,N,R,N27R,0.007262654395736
27,N,S,N27S,0
27,N,T,N27T,0.0293972511503982
27,N,V,N27V,0.0334592213611044
27,N,W,N27W,0.0220013925890046
27,N,Y,N27Y,0.049838792685879
28,S,A,S28A,0.0291520343908951
28,S,C,S28C,0.0323678554129343
28,S,D,S28D,0.0193320113829014
28,S,E,S28E,0.0083631024461128
28,S,F,S28F,0.0331004783240508
28,S,G,S28G,0.0267619278275611
28,S,H,S28H,0
28,S,I,S28I,0.0436659905546151
28,S,K,S28K,0.0198867764591925
28,S,L,S28L,0.017089488980384
28,S,M,S28M,0.0408709736013563
28,S,N,S28N,0.0163182671348995
28,S,P,S28P,0.0225205860983303
28,S,Q,S28Q,0.0316306914507159
28,S,R,S28R,0.0254253451198851
28,S,T,S28T,0.0129987587793668
28,S,V,S28V,0.0200669048195703
28,S,W,S28W,0.0468651610559472
28,S,Y,S28Y,0.0239464761443463
29,N,A,N29A,0.0186410147735543
29,N,C,N29C,0.0339072717364994
29,N,D,N29D,0
29,N,E,N29E,0.0070318176313891
29,N,F,N29F,0.0067555703560198
29,N,G,N29G,0.0136163417292322
29,N,H,N29H,0.0294350932429174
29,N,I,N29I,0.0372668927100993
29,N,K,N29K,0.0284231956890288
29,N,L,N29L,0.0061841547590229
29,N,M,N29M,0.0356684427222088
29,N,P,N29P,0.0098154819568903
29,N,Q,N29Q,0.009969877694357
29,N,R,N29R,0.0310184063937999
29,N,S,N29S,0.0307345906999273
29,N,T,N29T,0.0423135141680809
29,N,V,N29V,0.0185630600629692
29,N,W,N29W,0.0213527791232758
29,N,Y,N29Y,0.023298619520465
30,S,A,S30A,0.0140659057883264
30,S,C,S30C,0.0058609832889319
30,S,D,S30D,0.0319341850326956
30,S,E,S30E,0.0115562182126423
30,S,F,S30F,0.0218568357955935
30,S,G,S30G,0
30,S,H,S30H,0.0192056187938982
30,S,I,S30I,0.0353157544199578
30,S,K,S30K,0.0254245882780348
30,S,L,S30L,0.0115092940179234
30,S,M,S30M,0.0278109106321157
30,S,N,S30N,0.017059215306371
30,S,P,S30P,0.0307557822717379
30,S,Q,S30Q,0.0118203560184064
30,S,R,S30R,0.0112701319932201
30,S,T,S30T,0.0147394950351188
30,S,V,S30V,0.0163303766045047
30,S,W,S30W,0.048355382659241
30,S,Y,S30Y,0.0325532816662644
31,D,A,D31A,0.0241220634536193
31,D,C,D31C,0.0144042140954226
31,D,E,D31E,0.0208827803342213
31,D,F,D31F,0.0314914325502543
31,D,G,D31G,0.0140719605231291
31,D,H,D31H,0.0067305945749576
31,D,I,D31I,0.0059729958827803
31,D,K,D31K,0.00643845362073
31,D,L,D31L,0.0178372487285057
31,D,M,D31M,0.0058571990796803
31,D,N,D31N,0
31,D,P,D31P,0.0241417413417292
31,D,Q,D31Q,0.0108917110680538
31,D,R,D31R,0.0052978929522886
31,D,S,D31S,0.0171371700169532
31,D,T,D31T,0.0276701380479521
31,D,V,D31V,0.0231934185032681
31,D,W,D31W,0.0265484984257689
31,D,Y,D31Y,0.019849691208525
32,D,A,D32A,0.0174815330588506
32,D,C,D32C,0
32,D,E,D32E,0.0069341850326941
32,D,F,D32F,0.0213694296439802
32,D,G,D32G,0.0068902882053752
32,D,H,D32H,0.0117688907725827
32,D,I,D32I,0.0183844453862921
32,D,K,D32K,0.0186364737224509
32,D,L,D32L,0.0230246427706452
32,D,M,D32M,0.0157491220634522
32,D,N,D32N,0.0114056066844258
32,D,P,D32P,0.0232380721724388
32,D,Q,D32Q,0.0234363647372231
32,D,R,D32R,0.0176276035359651
32,D,S,D32S,0.0078098510535238
32,D,T,D32T,0.0197853596512473
32,D,V,D32V,0.0261322354080891
32,D,W,D32W,0.0260724449019133
32,D,Y,D32Y,0.0241440118672788
33,K,A,K33A,0.0069977597481216
33,K,C,K33C,0
33,K,D,K33D,0.0174429341244853
33,K,E,K33E,0.0001627209978188
33,K,F,K33F,0.0210576108016455
33,K,G,K33G,0.0044108743037055
33,K,H,K33H,0.0053660087188167
33,K,I,K33I,0.0298944962460644
33,K,L,K33L,0.0016907846936304
33,K,M,K33M,0.0145215245822233
33,K,N,K33N,0.017757023492371
33,K,P,K33P,0.0322157302010158
33,K,Q,K33Q,0.0211794623395481
33,K,R,K33R,0.0132803039476871
33,K,S,K33S,0.0228096996851524
33,K,T,K33T,0.0122880842819084
33,K,V,K33V,0.0094045168321627
33,K,W,K33W,0.0055113223540808
33,K,Y,K33Y,0.0225561576652942
34,S,A,S34A,0
34,S,C,S34C,0.0329816541535467
34,S,D,S34D,0.0168707616856381
34,S,E,S34E,0.0133446355049649
34,S,F,S34F,0.0443569871639622
34,S,G,S34G,0.0090488011625076
34,S,H,S34H,0.0314679704528928
34,S,I,S34I,0.0441882114313379
34,S,K,S34K,0.0271411055945749
34,S,L,S34L,0.0338891075320901
34,S,M,S34M,0.0212173044320659
34,S,N,S34N,0.025380691450713
34,S,P,S34P,0.0104565270041172
34,S,Q,S34Q,0.0281946294502301
34,S,R,S34R,0.0087089791717122
34,S,T,S34T,0.0269579498667958
34,S,V,S34V,0.0261837006539113
34,S,W,S34W,0.0217380116250894
34,S,Y,S34Y,0.0170471058367643
35,G,A,G35A,0.0273038265923952
35,G,C,G35C,0
35,G,D,G35D,0.0303735771373214
35,G,E,G35E,0.0127505146524582
35,G,F,G35F,0.007312605957859
35,G,H,G35H,0.0176223056430128
35,G,I,G35I,0.025432913538387
35,G,K,G35K,0.025625908210219
35,G,L,G35L,0.0179348813271978
35,G,M,G35M,0.0155538568660692
35,G,N,G35N,0.0237194235892454
35,G,P,G35P,0.0266786752240238
35,G,Q,G35Q,0.0173082162751271
35,G,R,G35R,0.0179545592153063
35,G,S,G35S,0.0356737406151611
35,G,T,G35T,0.0166997154274643
35,G,V,G35V,0.0375348147251136
35,G,W,G35W,0.0182504843787842
35,G,Y,G35Y,0.0221292988617098
36,S,A,S36A,0.0290279123274386
36,S,C,S36C,0.0093046137079181
36,S,D,S36D,0.0391673225962703
36,S,E,S36E,0
36,S,F,S36F,0.0077674679099055
36,S,G,S36G,0.0036835492855412
36,S,H,S36H,0.0110135626059564
36,S,I,S36I,0.0302918382174861
36,S,K,S36K,0.0219559820779836
36,S,L,S36L,0.0282619883749092
36,S,M,S36M,0.035724449019133
36,S,N,S36N,0.0186372305643013
36,S,P,S36P,0.0043601658997335
36,S,Q,S36Q,0.0228763017679825
36,S,R,S36R,0.0015545531605701
36,S,T,S36T,0.0155954831678358
36,S,V,S36V,0.0320530092031969
36,S,W,S36W,0.0304099055461371
36,S,Y,S36Y,0.0232880237345604
37,S,A,S37A,0.0055446233954966
37,S,C,S37C,0.0085841002664097
37,S,D,S37D,0.024617038023736
37,S,E,S37E,0.0010520101719544
37,S,F,S37F,0.0099055461370806
37,S,G,S37G,0
37,S,H,S37H,0.016854111164931
37,S,I,S37I,0.0128731230322112
37,S,K,S37K,0.0085205255509822
37,S,L,S37L,0.0080437151852748
37,S,M,S37M,0.0061841547590229
37,S,N,S37N,0.0126929946718348
37,S,P,S37P,0.0205770162266907
37,S,Q,S37Q,0.0253534451441027
37,S,R,S37R,0.014605534027611
37,S,T,S37T,0.0031590578832661
37,S,V,S37V,0.0245693569871654
37,S,W,S37W,0.0028411843061273
37,S,Y,S37Y,0.0021388350690239
38,S,A,S38A,0.0228770586098343
38,S,C,S38C,0.0010058428190859
38,S,D,S38D,0.0239676677161554
38,S,E,S38E,0.0291800375393558
38,S,F,S38F,0.0042193933155727
38,S,G,S38G,0.0142831193993717
38,S,H,S38H,0
38,S,I,S38I,0.019107986195206
38,S,K,S38K,0.0075434427222101
38,S,L,S38L,0.0224895555824669
38,S,M,S38M,0.0193304976992008
38,S,N,S38N,0.0089693327682261
38,S,P,S38P,0.0186493400339065
38,S,Q,S38Q,0.0173876846694115
38,S,R,S38R,0.0122472148219922
38,S,T,S38T,0.0086908149673044
38,S,V,S38V,0.0334342455800436
38,S,W,S38W,0.0105465911843075
38,S,Y,S38Y,0.035369490191331
39,E,A,E39A,0.0021706224267377
39,E,C,E39C,0.0111263320416565
39,E,D,E39D,0.0148129086946006
39,E,F,E39F,0.0273901065633325
39,E,G,E39G,0.0083812666505221
39,E,H,E39H,0.012114767498185
39,E,I,E39I,0.0087082223298619
39,E,K,E39K,0.0065731714700896
39,E,L,E39L,0.0097609893436667
39,E,M,E39M,0.0207412509082102
39,E,N,E39N,0.0111755267619278
39,E,P,E39P,0.0014690300314846
39,E,Q,E39Q,0.0034564967304432
39,E,R,E39R,0
39,E,S,E39S,0.0121223359166868
39,E,T,E39T,0.0057905969968529
39,E,V,E39V,0.0007810607895374
39,E,W,E39W,0.0240796803100024
39,E,Y,E39Y,0.0091502179704543
40,N,A,N40A,0.0164673649794139
40,N,C,N40C,0.0095702651973829
40,N,D,N40D,0.026419078469363
40,N,E,N40E,0.0262896585129571
40,N,F,N40F,0.041216093485104
40,N,G,N40G,0.0207442782756101
40,N,H,N40H,0.0234371215790748
40,N,I,N40I,0.045287902639863
40,N,K,N40K,0.0099698776943555
40,N,L,N40L,0.0085909118430598
40,N,M,N40M,0.0259135081133446
40,N,P,N40P,0
40,N,Q,N40Q,0.0244656696536677
40,N,R,N40R,0.0248198716396222
40,N,S,N40S,0.0285367219665779
40,N,T,N40T,0.0113685214337612
40,N,V,N40V,0.0347783967062243
40,N,W,N40W,0.0071930249455073
40,N,Y,N40Y,0.0017195446839414
41,D,A,D41A,0
41,D,C,D41C,0.0214186243642514
41,D,E,D41E,0.0293745458948898
41,D,F,D41F,0.0275906696536692
41,D,G,D41G,0.0203484499878891
41,D,H,D41H,0.0221202167595045
41,D,I,D41I,0.022703741826108
41,D,K,D41K,0.019497759748123
41,D,L,D41L,0.013392316541534
41,D,M,D41M,0.0059079074836508
41,D,N,D41N,0.046072747638652
41,D,P,D41P,0.0184132053766031
41,D,Q,D41Q,0.0246586643255025
41,D,R,D41R,0.0240357834826834
41,D,S,D41S,0.0133453923468152
41,D,T,D41T,0.0023598328893194
41,D,V,D41V,0.0099910692661647
41,D,W,D41W,0.0291308428190845
41,D,Y,D41Y,0.0105768648583178
42,S,A,S42A,0.0317593545652714
42,S,C,S42C,0.016576350205861
42,S,D,S42D,0.0378110620004858
42,S,E,S42E,0.0132977113102446
42,S,F,S42F,0.0305695991765561
42,S,G,S42G,0.0429174739646418
42,S,H,S42H,0.0356646585129585
42,S,I,S42I,0.0480125333010414
42,S,K,S42K,0.0367658634051843
42,S,L,S42L,0.0219627936546379
42,S,M,S42M,0.0232017437636245
42,S,N,S42N,0.0420993279244383
42,S,P,S42P,0.0348616493097602
42,S,Q,S42Q,0
42,S,R,S42R,0.0265295773795122
42,S,T,S42T,0.0471187030758067
42,S,V,S42V,0.0315247335916701
42,S,W,S42W,0.0109583131508854
42,S,Y,S42Y,0.0390825563090337
43,N,A,N43A,0.017168957374667
43,N,C,N43C,0.0176434972148206
43,N,D,N43D,0.0153411843061274
43,N,E,N43E,0.0102559639137791
43,N,F,N43F,0.017982562363767
43,N,G,N43G,0.0040884596754648
43,N,H,N43H,0.0111490372971649
43,N,I,N43I,0.0215783179946718
43,N,K,N43K,0.0101030818600131
43,N,L,N43L,0.0129276156454333
43,N,M,N43M,0.0166641438604989
43,N,P,N43P,0.0188249273431809
43,N,Q,N43Q,0
43,N,R,N43R,0.0140242794865585
43,N,S,N43S,0.0170001816420441
43,N,T,N43T,0.0273976749818358
43,N,V,N43V,0.0099010050859758
43,N,W,N43W,0.0067290808912569
43,N,Y,N43Y,0.0152700411721952
44,S,A,S44A,0.0061569084524097
44,S,C,S44C,0.0125650883991281
44,S,D,S44D,0.0423430310002422
44,S,E,S44E,0.0220785904577393
44,S,F,S44F,0.0138933458464519
44,S,G,S44G,0.0059162327440058
44,S,H,S44H,0.0227786691692918
44,S,I,S44I,0
44,S,K,S44K,0.016774642770648
44,S,L,S44L,0.0037970755630917
44,S,M,S44M,0.0133620428675238
44,S,N,S44N,0.021249091789781
44,S,P,S44P,0.0049739646403501
44,S,Q,S44Q,0.021791747396464
44,S,R,S44R,0.0140257931702605
44,S,T,S44T,0.0139501089852264
44,S,V,S44V,0.0088134233470574
44,S,W,S44W,0.0106760111407134
44,S,Y,S44Y,0.0280599116008719
45,F,A,F45A,0.028483743037055
45,F,C,F45C,0.0330535541293291
45,F,D,F45D,0.0040816480988146
45,F,E,F45E,0.0215987527246321
45,F,G,F45G,0.0226583313150884
45,F,H,F45H,0.0136700775006069
45,F,I,F45I,0.026773280455316
45,F,K,F45K,0.0108182974085735
45,F,L,F45L,0.0179220150157423
45,F,M,F45M,0.0193410934851067
45,F,N,F45N,0.0097314725115054
45,F,P,F45P,0.0282521494308563
45,F,Q,F45Q,0.0227135807701623
45,F,R,F45R,0.018585765318479
45,F,S,F45S,0.0096489767498183
45,F,T,F45T,0
45,F,V,F45V,0.0153101537902654
45,F,W,F45W,0.021765257931704
45,F,Y,F45Y,0.0030243400339065
46,M,A,M46A,0.0121889379995142
46,M,C,M46C,0.0155652094938227
46,M,D,M46D,0.0276073201743764
46,M,E,M46E,0.0165627270525537
46,M,F,M46F,0.0416035965124714
46,M,G,M46G,0.0269571930249441
46,M,H,M46H,0.046171137079196
46,M,I,M46I,0.0309086643255025
46,M,K,M46K,0.0207018951319918
46,M,L,M46L,0.0376059578590444
46,M,N,M46N,0.0083585613950095
46,M,P,M46P,0.0250287599903124
46,M,Q,M46Q,0.0134763259869203
46,M,R,M46R,0
46,M,S,M46S,0.0260187091305401
46,M,T,M46T,0.0256955376604491
46,M,V,M46V,0.0434389379995156
46,M,W,M46W,0.0358266226689257
46,M,Y,M46Y,0.032112042867521
47,N,A,N47A,0.0197497880842819
47,N,C,N47C,0.0194848934366675
47,N,D,N47D,0.0179976992007764
47,N,E,N47E,0.0260898522644708
47,N,F,N47F,0.0177252361346573
47,N,G,N47G,0.0200328469363042
47,N,H,N47H,0
47,N,I,N47I,0.0220029062727066
47,N,K,N47K,0.0306982622911116
47,N,L,N47L,0.0243415475902169
47,N,M,N47M,0.0151739222572051
47,N,P,N47P,0.0022924739646403
47,N,Q,N47Q,0.0006788871397446
47,N,R,N47R,0.0160927282635034
47,N,S,N47S,0.0167315027851794
47,N,T,N47T,0.0164734197142179
47,N,V,N47V,0.0274831981109241
47,N,W,N47W,0.0029819568902882
47,N,Y,N47Y,0.0054515318479064
48,L,A,L48A,0.0305998728505691
48,L,C,L48C,0.0254972450956662
48,L,D,L48D,0.0185993884717849
48,L,E,L48E,0.0158104262533315
48,L,F,L48F,0.0099850145313649
48,L,G,L48G,0
48,L,H,L48H,0.0432149128118189
48,L,I,L48I,0.0129548619520479
48,L,K,L48K,0.0089155969968529
48,L,M,L48M,0.0332503330104141
48,L,N,L48N,0.0072808186001467
48,L,P,L48P,0.001298740615161
48,L,Q,L48Q,0.0251786146766786
48,L,R,L48R,0.0072550859772356
48,L,S,L48S,0.0063748789053053
48,L,T,L48T,0.0096232441269086
48,L,V,L48V,0.0167670743521434
48,L,W,L48W,0.0056013865342712
48,L,Y,L48Y,0.0050950593364024
49,T,A,T49A,0.015025581254541
49,T,C,T49C,0.0075237648341002
49,T,D,T49D,0.0207200593363996
49,T,E,T49E,0.0222413114555582
49,T,F,T49F,0.0078688847178479
49,T,G,T49G,0.0168351901186728
49,T,H,T49H,0.032663023734559
49,T,I,T49I,0.0068532029547105
49,T,K,T49K,0.0081383204165657
49,T,L,T49L,0.0369694538629194
49,T,M,T49M,0.018076410753209
49,T,N,T49N,0.0236278457253558
49,T,P,T49P,0.0096361104383614
49,T,Q,T49Q,0.0171568479050603
49,T,R,T49R,0
49,T,S,T49S,0.0161267861467667
49,T,V,T49V,0.0012722511503996
49,T,W,T49W,0.0141741341729218
49,T,Y,T49Y,0.0209743581981109
50,S,A,S50A,0.0246314180188894
50,S,C,S50C,0.0291141922983759
50,S,D,S50D,0.022856623879874
50,S,E,S50E,0.0269072414628225
50,S,F,S50F,0.0241432550254285
50,S,G,S50G,0.0213134233470574
50,S,H,S50H,0.0172401005085977
50,S,I,S50I,0.0240842213611044
50,S,K,S50K,0.0347662872366176
50,S,L,S50L,0.0314815936061986
50,S,M,S50M,0.0127535420198581
50,S,N,S50N,0.0367075865827077
50,S,P,S50P,0.0209440845240978
50,S,Q,S50Q,0.0159194114797757
50,S,R,S50R,0.0085833434245566
50,S,T,S50T,0.0192896282392831
50,S,V,S50V,0
50,S,W,S50W,0.0254412387987392
50,S,Y,S50Y,0.0250537357713718
51,D,A,D51A,0.0229330649067557
51,D,C,D51C,0.0577122184548303
51,D,E,D51E,0
51,D,F,D51F,0.0310282453378528
51,D,G,D51G,0.0231366553644936
51,D,H,D51H,0.0201781605715655
51,D,I,D51I,0.0364381508839913
51,D,K,D51K,0.0230692964398145
51,D,L,D51L,0.0202341668684897
51,D,M,D51M,0.0244058791474933
51,D,N,D51N,0.019095876725598
51,D,P,D51P,0.018428342213611
51,D,Q,D51Q,0.0200820416565754
51,D,R,D51R,0.0038977355291824
51,D,S,D51S,0.0184533179946718
51,D,T,D51T,0.0411608440300315
51,D,V,D51V,0.0160700230079908
51,D,W,D51W,0.0117666202470331
51,D,Y,D51Y,0.0104164143860484
52,K,A,K52A,0.0214685759263758
52,K,C,K52C,0.040705982077985
52,K,D,K52D,0.0266900278517815
52,K,E,K52E,0.0131380176798256
52,K,F,K52F,0.008340397190603
52,K,G,K52G,0.0384286449503512
52,K,H,K52H,0.0170667837248728
52,K,I,K52I,0.0075502542988631
52,K,L,K52L,0.0277564180188908
52,K,M,K52M,0.0437863284088157
52,K,N,K52N,0.0279933095180445
52,K,P,K52P,0.0223661903608636
52,K,Q,K52Q,0.02710326350206
52,K,R,K52R,0
52,K,S,K52S,0.0064422378299844
52,K,T,K52T,0.0433435759263744
52,K,V,K52V,0.0144730867038023
52,K,W,K52W,0.0061516105594589
52,K,Y,K52Y,0.0479391196415597
53,N,A,N53A,0.0073580164688786
53,N,C,N53C,0
53,N,D,N53D,0.0114850750787115
53,N,E,N53E,0.0161843061273916
53,N,F,N53F,0.0004616735286994
53,N,G,N53G,0.0155296379268602
53,N,H,N53H,0.0258877754904349
53,N,I,N53I,0.02092592031969
53,N,K,N53K,0.0135633627997093
53,N,L,N53L,0.0196271797045289
53,N,M,N53M,0.0327765500121109
53,N,P,N53P,0.0376672620489223
53,N,Q,N53Q,0.0221270283361603
53,N,R,N53R,0.0419979111164931
53,N,S,N53S,0.0394223782998305
53,N,T,N53T,0.0117900823443947
53,N,V,N53V,0.0436137684669426
53,N,W,N53W,0.0195885807701637
53,N,Y,N53Y,0.0142271131024461
54,E,A,E54A,0.0391695931218213
54,E,C,E54C,0.005269889803828
54,E,D,E54D,0.0238344635504965
54,E,F,E54F,0.0197414628239297
54,E,G,E54G,0.0235491341729246
54,E,H,E54H,0.0392013804795364
54,E,I,E54I,0.0148628602567221
54,E,K,E54K,0
54,E,L,E54L,0.0136208827803356
54,E,M,E54M,0.0450759869217743
54,E,N,E54N,0.0308746064422392
54,E,P,E54P,0.0317934124485348
54,E,Q,E54Q,0.008073232017439
54,E,R,E54R,0.0144798982804553
54,E,S,E54S,0.0266779183821748
54,E,T,E54T,0.0380562787599903
54,E,V,E54V,0.028443630418989
54,E,W,E54W,0.0167708585613964
54,E,Y,E54Y,0.011517619278277
55,K,A,K55A,0.0296364131751029
55,K,C,K55C,0.0185963611043822
55,K,D,K55D,0.0009823807217229
55,K,E,K55E,0.0203628299830453
55,K,F,K55F,0.036826410753209
55,K,G,K55G,0.0142899309760232
55,K,H,K55H,0.0085583676434958
55,K,I,K55I,0.0129624303705483
55,K,L,K55L,0.0033982199079666
55,K,M,K55M,0.0057913538387004
55,K,N,K55N,0.0087294139016711
55,K,P,K55P,0.0160193146040189
55,K,Q,K55Q,0.0164650944538629
55,K,R,K55R,0.006713944054249
55,K,S,K55S,0
55,K,T,K55T,0.0216093485105352
55,K,V,K55V,0.0163757871155229
55,K,W,K55W,0.0027760959069978
55,K,Y,K55Y,0.0295153184790492
56,T,A,T56A,0.0126786146766785
56,T,C,T56C,0.021988526277549
56,T,D,T56D,0.0032430673286524
56,T,E,T56E,0.0113972814240736
56,T,F,T56F,0
56,T,G,T56G,0.033242007750062
56,T,H,T56H,0.0167852385565512
56,T,I,T56I,0.0112739162024703
56,T,K,T56K,0.0309048801162523
56,T,L,T56L,0.0204816541535481
56,T,M,T56M,0.0323655848873819
56,T,N,T56N,0.0148257750060561
56,T,P,T56P,0.0033293472995896
56,T,Q,T56Q,0.0219673347057413
56,T,R,T56R,0.0085174981835795
56,T,S,T56S,0.0265409300072657
56,T,V,T56V,0.0186909663356745
56,T,W,T56W,0.0268444235892482
56,T,Y,T56Y,0.0249871336885458
57,E,A,E57A,0.0351409239525309
57,E,C,E57C,0.0177539961249711
57,E,D,E57D,0.0177108561395011
57,E,F,E57F,0.0009210765318493
57,E,G,E57G,0.0254132356502799
57,E,H,E57H,0.0046053826592409
57,E,I,E57I,0.0025119581012351
57,E,K,E57K,0.0114638835069038
57,E,L,E57L,0.0263479353354337
57,E,M,E57M,0.0150641801889077
57,E,N,E57N,0
57,E,P,E57P,0.0063264410268844
57,E,Q,E57Q,0.0123562000484393
57,E,R,E57R,0.0242567813029803
57,E,S,E57S,0.0166444659723904
57,E,T,E57T,0.010284723904093
57,E,V,E57V,0.0025982380721724
57,E,W,E57W,0.0231843364010656
57,E,Y,E57Y,0.0145048740615161
58,N,A,N58A,0.0107448837490918
58,N,C,N58C,0
58,N,D,N58D,0.0343636473722451
58,N,E,N58E,0.0302888108500834
58,N,F,N58F,0.0130471966577849
58,N,G,N58G,0.0314967304432066
58,N,H,N58H,0.0185373274400581
58,N,I,N58I,0.0131523976749804
58,N,K,N58K,0.0230776217001695
58,N,L,N58L,0.0154274642770632
58,N,M,N58M,0.0181309033664325
58,N,P,N58P,0.0145412024703304
58,N,Q,N58Q,0.019450078711551
58,N,R,N58R,0.0069099660934837
58,N,S,N58S,0.0357562363768453
58,N,T,N58T,0.0168488132719773
58,N,V,N58V,0.0277851780092018
58,N,W,N58W,0.0198973722450956
58,N,Y,N58Y,0.0181210644223769
59,N,A,N59A,0.0209425708403972
59,N,C,N59C,0.0262033785420213
59,N,D,N59D,0.0325790142891741
59,N,E,N59E,0.0192790324533799
59,N,F,N59F,0.0229898280455316
59,N,G,N59G,0.0355231290869474
59,N,H,N59H,0.0303433034633097
59,N,I,N59I,0.0054257992249953
59,N,K,N59K,0.0361830951804311
59,N,L,N59L,0.0502527851780106
59,N,M,N59M,0.0276557580527987
59,N,P,N59P,0.0339451138290143
59,N,Q,N59Q,0.0402882053766045
59,N,R,N59R,0.0214133264713019
59,N,S,N59S,0.0203310426253344
59,N,T,N59T,0.0419479595543715
59,N,V,N59V,0.0338550496488268
59,N,W,N59W,0
59,N,Y,N59Y,0.0213088822959568
60,S,A,S60A,0.0039113586824897
60,S,C,S60C,0.014087097360137
60,S,D,S60D,0.0264357289900702
60,S,E,S60E,0.023095029062727
60,S,F,S60F,0.0042610196173407
60,S,G,S60G,0.0162168503269571
60,S,H,S60H,0.0354201985953029
60,S,I,S60I,0.0185282453378556
60,S,K,S60K,0.0381576955679341
60,S,L,S60L,0.0117181823686136
60,S,M,S60M,0.0150490433519012
60,S,N,S60N,0.0099509566480988
60,S,P,S60P,0.0149037297166384
60,S,Q,S60Q,0.0245928190845255
60,S,R,S60R,0.0139046984742068
60,S,T,S60T,0.0370072959554372
60,S,V,S60V,0.0244172317752482
60,S,W,S60W,0.0251536388956178
60,S,Y,S60Y,0
61,F,A,F61A,0.0414401186728036
61,F,C,F61C,0.0083214761443448
61,F,D,F61D,0.0278570779849842
61,F,E,F61E,0.0199957616856381
61,F,G,F61G,0.0114033361588762
61,F,H,F61H,0.0294842879631886
61,F,I,F61I,0.00518209614919
61,F,K,F61K,0
61,F,L,F61L,0.013411237587795
61,F,M,F61M,0.0277821506418019
61,F,N,F61N,0.0114162024703318
61,F,P,F61P,0.0240683276822475
61,F,Q,F61Q,0.0377300799225008
61,F,R,F61R,0.0205316057156696
61,F,S,F61S,0.0418079438120625
61,F,T,F61T,0.0249674558004373
61,F,V,F61V,0.015151973843547
61,F,W,F61W,0.0426911782513926
61,F,Y,F61Y,0.0275270949382431
62,L,A,L62A,0.0254586461612981
62,L,C,L62C,0.0147712823928326
62,L,D,L62D,0.0204990615161056
62,L,E,L62E,0.0151504601598464
62,L,F,L62F,0.0012752785178023
62,L,G,L62G,0.0380108682489707
62,L,H,L62H,0.0122298074594347
62,L,I,L62I,0.0332261140712037
62,L,K,L62K,0
62,L,M,L62M,0.0390840699927357
62,L,N,L62N,0.0174058488738193
62,L,P,L62P,0.0217357410995398
62,L,Q,L62Q,0.0361248183579573
62,L,R,L62R,0.0002694356987163
62,L,S,L62S,0.0131130418987648
62,L,T,L62T,0.0260414143860499
62,L,V,L62V,0.0185713853233242
62,L,W,L62W,0.0110128057641089
62,L,Y,L62Y,0.0050178614676677
63,L,A,L63A,0.0195166807943812
63,L,C,L63C,0.0025634233470559
63,L,D,L63D,0.025586552434002
63,L,E,L63E,0.0120110801646873
63,L,F,L63F,0.001209433276821
63,L,G,L63G,0.0223200230079908
63,L,H,L63H,0.0218000726568176
63,L,I,L63I,0.0082601719544684
63,L,K,L63K,0.0052350750787115
63,L,M,L63M,0.0187817873577123
63,L,N,L63N,0.0064611588762412
63,L,P,L63P,0.0135436849116008
63,L,Q,L63Q,0.0309518043109712
63,L,R,L63R,0.0184487769435699
63,L,S,L63S,0.0090616674739646
63,L,T,L63T,0.0190050557035588
63,L,V,L63V,0
63,L,W,L63W,0.013549739646402
63,L,Y,L63Y,0.0176510656333238
64,N,A,N64A,0.0267823625575186
64,N,C,N64C,0.0133257144587053
64,N,D,N64D,0.0250227052555084
64,N,E,N64E,0.0170198595301526
64,N,F,N64F,0.0080263078227173
64,N,G,N64G,0.0215177706466443
64,N,H,N64H,0.0418609227415839
64,N,I,N64I,0.0161593303463294
64,N,K,N64K,0.0248917716154032
64,N,L,N64L,0.0150164991523357
64,N,M,N64M,0.0187469726325987
64,N,P,N64P,0.0232214216517302
64,N,Q,N64Q,0.0043238374909179
64,N,R,N64R,0.003901519738434
64,N,S,N64S,0.0429621276338097
64,N,T,N64T,0.0205747457011383
64,N,V,N64V,0.0072172438847164
64,N,W,N64W,0
64,N,Y,N64Y,0.0045690542504238
65,N,A,N65A,0.0310872790021797
65,N,C,N65C,0.0116379571324776
65,N,D,N65D,0.0246215790748365
65,N,E,N65E,0.0220104746912071
65,N,F,N65F,0.027121427706465
65,N,G,N65G,0.0266900278517801
65,N,H,N65H,0.0208835371760717
65,N,I,N65I,0.0329468394284316
65,N,K,N65K,0.0205565814967304
65,N,L,N65L,0.0196127997093713
65,N,M,N65M,0.0322959554371504
65,N,P,N65P,0.0361308730927585
65,N,Q,N65Q,0.0374349116008719
65,N,R,N65R,0.0310380842819084
65,N,S,N65S,0.0205679341244853
65,N,T,N65T,0.0241319023976736
65,N,V,N65V,0.0124651852748835
65,N,W,N65W,0
65,N,Y,N65Y,0.0152935032695554
66,S,A,S66A,0
66,S,C,S66C,0.0102953196899961
66,S,D,S66D,0.0216971421651717
66,S,E,S66E,0.0173778457253572
66,S,F,S66F,0.0059487769435698
66,S,G,S66G,0.0081163720029048
66,S,H,S66H,0.0109840457737937
66,S,I,S66I,0.0118529002179704
66,S,K,S66K,0.0219370610317254
66,S,L,S66L,0.0065088399128118
66,S,M,S66M,0.0218636473722437
66,S,N,S66N,0.0170047226931446
66,S,P,S66P,0.0272183034633083
66,S,Q,S66Q,0.0104640954226205
66,S,R,S66R,0.0186031726810351
66,S,T,S66T,0.0079528941632356
66,S,V,S66V,0.0165400217970453
66,S,W,S66W,0.0338633749091776
66,S,Y,S66Y,0.0211575139258886
67,S,A,S67A,0.0224835008476614
67,S,C,S67C,0.0085969665778624
67,S,D,S67D,0.0187091305400809
67,S,E,S67E,0.0235339973359167
67,S,F,S67F,0.0093424558004359
67,S,G,S67G,0.0086461612981337
67,S,H,S67H,0.0148590760474691
67,S,I,S67I,0.0180529486558489
67,S,K,S67K,0.0291051101961734
67,S,L,S67L,0.0012487890530394
67,S,M,S67M,0
67,S,N,S67N,0.0273409118430613
67,S,P,S67P,0.0185660874303691
67,S,Q,S67Q,0.0077598994914008
67,S,R,S67R,0.0076032332283846
67,S,T,S67T,0.0144518951319918
67,S,V,S67V,0.0245284875272463
67,S,W,S67W,0.0139251332041656
67,S,Y,S67Y,0.0148810244611272
68,Y,A,Y68A,0.0184835916686849
68,Y,C,Y68C,0.0269730867038024
68,Y,D,Y68D,0.0303296803100024
68,Y,E,Y68E,0.0283096694114812
68,Y,F,Y68F,0.0124833494792942
68,Y,G,Y68G,0.0187658936788568
68,Y,H,Y68H,0.0341517316541536
68,Y,I,Y68I,0.0246616916929052
68,Y,K,Y68K,0.0425034814725115
68,Y,L,Y68L,0.0266105594574958
68,Y,M,Y68M,0.004430552191814
68,Y,N,Y68N,0
68,Y,P,Y68P,0.0194962460644238
68,Y,Q,Y68Q,0.0150755328166626
68,Y,R,Y68R,0.0594385747154289
68,Y,S,Y68S,0.0228324049406636
68,Y,T,Y68T,0.0151890590942131
68,Y,V,Y68V,0.0210485286994429
68,Y,W,Y68W,0.0100750787115524
69,G,A,G69A,0.0286843061273902
69,G,C,G69C,0.0339587369823202
69,G,D,G69D,0.0061092274158391
69,G,E,G69E,0.0231290869459918
69,G,F,G69F,0.0137442480019361
69,G,H,G69H,0.0156378663114555
69,G,I,G69I,0.029592516347784
69,G,K,G69K,0
69,G,L,G69L,0.0220445325744732
69,G,M,G69M,0.0091411358682489
69,G,N,G69N,0.0128489040930007
69,G,P,G69P,0.0173619520464989
69,G,Q,G69Q,0.0188657968031
69,G,R,G69R,0.0081443751513683
69,G,S,G69S,0.0106116795834342
69,G,T,G69T,0.0310804674255268
69,G,V,G69V,0.0051238193267134
69,G,W,G69W,0.0165248849600373
69,G,Y,G69Y,0.0057398885928796
70,N,A,N70A,0.024916747396464
70,N,C,N70C,0.0039794744490191
70,N,D,N70D,0.0082124909178978
70,N,E,N70E,0.0282975599418731
70,N,F,N70F,0.0193486619036086
70,N,G,N70G,0.0153593485105352
70,N,H,N70H,0.0236074109953984
70,N,I,N70I,0.013042655606683
70,N,K,N70K,0.0198512048922243
70,N,L,N70L,0.0317866008718818
70,N,M,N70M,0.0085999939452652
70,N,P,N70P,0.0266173710341473
70,N,Q,N70Q,0.0262253269556793
70,N,R,N70R,0.0263532332283832
70,N,S,N70S,0.0058238980382659
70,N,T,N70T,0.0129041535480746
70,N,V,N70V,0
70,N,W,N70W,0.004973207798497
70,N,Y,N70Y,0.0044366069266152
71,V,A,V71A,0.0148053402760959
71,V,C,V71C,0.0088906212157893
71,V,D,V71D,0.0075979353354309
71,V,E,V71E,0.0224509566480988
71,V,F,V71F,0
71,V,G,V71G,0.0169525006054735
71,V,H,V71H,0.0282513925890046
71,V,I,V71I,0.0191004177766999
71,V,K,V71K,0.025992976507629
71,V,L,V71L,0.0140507689513185
71,V,M,V71M,0.0105375090821008
71,V,N,V71N,0.0210129571324762
71,V,P,V71P,0.0335341487042868
71,V,Q,V71Q,0.0138123637684655
71,V,R,V71R,0.0088308307096149
71,V,S,V71S,0.0162206345362073
71,V,T,V71T,0.0156310547348012
71,V,W,V71W,0.0125582768224751
71,V,Y,V71Y,0.0105208585613936
72,K,A,K72A,0.0285760777427934
72,K,C,K72C,0.0313324957616856
72,K,D,K72D,0.0166891196415597
72,K,E,K72E,0.0263539900702335
72,K,F,K72F,0.0207177888108501
72,K,G,K72G,0.0164280092031955
72,K,H,K72H,0.0350644829256465
72,K,I,K72I,0.0288515681763125
72,K,L,K72L,0.0322127028336159
72,K,M,K72M,0.0211877875999017
72,K,N,K72N,0.0246177948655849
72,K,P,K72P,0.0181740433518998
72,K,Q,K72Q,0.0384589186243628
72,K,R,K72R,0.0225236134657288
72,K,S,K72S,0.038092607168806
72,K,T,K72T,0.0398098813271979
72,K,V,K72V,0
72,K,W,K72W,0.0336953560184064
72,K,Y,K72Y,0.0234295531605716
73,D,A,D73A,0.0335825865827077
73,D,C,D73C,0.0183685517074366
73,D,E,D73E,0.0150293654637941
73,D,F,D73F,0.013962975296682
73,D,G,D73G,0.0234045773795108
73,D,H,D73H,0.0296348994914023
73,D,I,D73I,0.0164143860498924
73,D,K,D73K,0.0300224025187697
73,D,L,D73L,0.0113980382659239
73,D,M,D73M,0.023973722450958
73,D,N,D73N,0.0060948474206829
73,D,P,D73P,0.0147319266166142
73,D,Q,D73Q,0.0242673770888849
73,D,R,D73R,0
73,D,S,D73S,0.024214398159362
73,D,T,D73T,0.0006402882053766
73,D,V,D73V,0.0221815209493838
73,D,W,D73W,0.0089821990796817
73,D,Y,D73Y,0.0049308246548815
74,S,A,S74A,0.0135141680794395
74,S,C,S74C,0.025084766287238
74,S,D,S74D,0.0031832768224765
74,S,E,S74E,0.0203476931460416
74,S,F,S74F,0.0156355957859046
74,S,G,S74G,0.0174066057156696
74,S,H,S74H,0.0006909966093499
74,S,I,S74I,0.0055673286510065
74,S,K,S74K,0.0123758779365478
74,S,L,S74L,0.0084054855897325
74,S,M,S74M,0.0362822414628239
74,S,N,S74N,0.0134483228384611
74,S,P,S74P,0.0080611225478338
74,S,Q,S74Q,0.0230117764591925
74,S,R,S74R,0.0399809275853732
74,S,T,S74T,0.0074253753935591
74,S,V,S74V,0
74,S,W,S74W,0.0100554008234439
74,S,Y,S74Y,0.0109598268345846
75,L,A,L75A,0.0268709130540068
75,L,C,L75C,0.0068070356018392
75,L,D,L75D,0.0315474388471785
75,L,E,L75E,0.0129677282635006
75,L,F,L75F,0
75,L,G,L75G,0.0438317389198353
75,L,H,L75H,0.0066511261806718
75,L,I,L75I,0.0147008961007508
75,L,K,L75K,0.0291573322838445
75,L,M,L75M,0.0229830164688772
75,L,N,L75N,0.0034125999031242
75,L,P,L75P,0.0323807217243871
75,L,Q,L75Q,0.0237141256962931
75,L,R,L75R,0.0113268951319918
75,L,S,L75S,0.0157619883749077
75,L,T,L75T,0.0055385686606912
75,L,V,L75V,0.0290725659966079
75,L,W,L75W,0.0009596754662145
75,L,Y,L75Y,0.0150089307338338
76,L,A,L76A,0.0082162751271508
76,L,C,L76C,0.0134172923225977
76,L,D,L76D,0.0022341971421651
76,L,E,L76E,0.0021865161055959
76,L,F,L76F,0
76,L,G,L76G,0.0045925163477853
76,L,H,L76H,0.0356790385081148
76,L,I,L76I,0.0246155243400339
76,L,K,L76K,0.0070734439331557
76,L,M,L76M,0.0142747941390181
76,L,N,L76N,0.0108160268830239
76,L,P,L76P,0.0027670138047967
76,L,Q,L76Q,0.0144670319689997
76,L,R,L76R,0.0188173589246791
76,L,S,L76S,0.0327886594817161
76,L,T,L76T,0.0298770888835083
76,L,V,L76V,0.0101257871155243
76,L,W,L76W,0.0065814967304432
76,L,Y,L76Y,0.0116697444901913
77,E,A,E77A,0.0270540687817873
77,E,C,E77C,0.0078809941874546
77,E,D,E77D,0.0188113041898765
77,E,F,E77F,0.0373213853233243
77,E,G,E77G,0.0396070477113103
77,E,H,E77H,0.0163182671348995
77,E,I,E77I,0.0044789900702349
77,E,K,E77K,0.0032990736255752
77,E,L,E77L,0.0250938483894419
77,E,M,E77M,0
77,E,N,E77N,0.0368650096875771
77,E,P,E77P,0.0143792383143632
77,E,Q,E77Q,0.0230965427464277
77,E,R,E77R,0.0194447808186001
77,E,S,E77S,0.0144632477597481
77,E,T,E77T,0.0260497396464035
77,E,V,E77V,0.0228498123032225
77,E,W,E77W,0.013258355534029
77,E,Y,E77Y,0.0195953923468166
78,S,A,S78A,0.0328174194720271
78,S,C,S78C,0
78,S,D,S78D,0.0447369217728264
78,S,E,S78E,0.0479868006781289
78,S,F,S78F,0.0065656030515863
78,S,G,S78G,0.0506978081860015
78,S,H,S78H,0.0043404880116236
78,S,I,S78I,0.0304833192056174
78,S,K,S78K,0.030255509808669
78,S,L,S78L,0.0275437454589489
78,S,M,S78M,0.0085750181642044
78,S,N,S78N,0.0466070779849843
78,S,P,S78P,0.0364313393073383
78,S,Q,S78Q,0.0150687212400083
78,S,R,S78R,0.0361316299346089
78,S,T,S78T,0.0364548014046971
78,S,V,S78V,0.0299512593848389
78,S,W,S78W,0.0181869096633553
78,S,Y,S78Y,0.0236959614918866
79,I,A,I79A,0.0263895616372003
79,I,C,I79C,0.0142225720513441
79,I,D,I79D,0.0232433700653897
79,I,E,I79E,0.0151126180673286
79,I,F,I79F,0.0155985105352385
79,I,G,I79G,0.0169835311213369
79,I,H,I79H,0.0094574957616842
79,I,K,I79K,0.0442926556066844
79,I,L,I79L,0.004548619520465
79,I,M,I79M,0.0151602991038978
79,I,N,I79N,0.0044706648098799
79,I,P,I79P,0.0128254419956406
79,I,Q,I79Q,0.0015598510535224
79,I,R,I79R,0
79,I,S,I79S,0.0204892225720513
79,I,T,I79T,0.0206527004117205
79,I,V,I79V,0.0303047045289402
79,I,W,I79W,0.007745519496246
79,I,Y,I79Y,0.0111134657301996
80,D,A,D80A,0.019033815693874
80,D,C,D80C,0
80,D,E,D80E,0.0305310002421908
80,D,F,D80F,0.0149726023250195
80,D,G,D80G,0.0399309760232502
80,D,H,D80H,0.0024264349721496
80,D,I,D80I,0.043441208525068
80,D,K,D80K,0.0385588217486074
80,D,L,D80L,0.005624091789781
80,D,M,D80M,0.0210712339549542
80,D,N,D80N,0.0318221724388486
80,D,P,D80P,0.0114162024703318
80,D,Q,D80Q,0.0322528154516846
80,D,R,D80R,0.0096512472753693
80,D,S,D80S,0.0283921651731654
80,D,T,D80T,0.0273499939452666
80,D,V,D80V,0.0355306975054507
80,D,W,D80W,0.0208320719302494
80,D,Y,D80Y,0.0103596512472767
81,M,A,M81A,0.036905122305643
81,M,C,M81C,0.0164514713005584
81,M,D,M81D,0.0322777912327454
81,M,E,M81E,0.021441329619764
81,M,F,M81F,0.0447149733591683
81,M,G,M81G,0.0470831315088413
81,M,H,M81H,0.0243930128360392
81,M,I,M81I,0.0333298014046999
81,M,K,M81K,0.0321445870670865
81,M,L,M81L,0.0120012412206345
81,M,N,M81N,0.0302744308549285
81,M,P,M81P,0.0288432429159603
81,M,Q,M81Q,0.0322641680794395
81,M,R,M81R,0.0407854504722707
81,M,S,M81S,0.0401542443690966
81,M,T,M81T,0.0130842819084524
81,M,V,M81V,0.0214678190845241
81,M,W,M81W,0.0297991341729246
81,M,Y,M81Y,0
82,S,A,S82A,0.0198209312182112
82,S,C,S82C,0.0047673468152095
82,S,D,S82D,0.0310373274400581
82,S,E,S82E,0.031641287236619
82,S,F,S82F,0
82,S,G,S82G,0.0083456950835553
82,S,H,S82H,0.0341048074594319
82,S,I,S82I,0.0137185153790264
82,S,K,S82K,0.0290316965366917
82,S,L,S82L,0.0262699806248486
82,S,M,S82M,0.0254760535238556
82,S,N,S82N,0.0282536631145542
82,S,P,S82P,0.0230246427706466
82,S,Q,S82Q,0.0168616795834342
82,S,R,S82R,0.0153918927100979
82,S,T,S82T,0.021474630661177
82,S,V,S82V,0.0015689331557277
82,S,W,S82W,0.0222526640833117
82,S,Y,S82Y,0.0240206466456769
83,V,A,V83A,0.0131168261080178
83,V,C,V83C,0
83,V,D,V83D,0.0118309518043123
83,V,E,V83E,0.0358780879147493
83,V,F,V83F,0.0002225115039961
83,V,G,V83G,0.0345225841608152
83,V,H,V83H,0.0012094332768238
83,V,I,V83I,0.0161048377331073
83,V,K,V83K,0.0354012775490448
83,V,L,V83L,0.0065951198837491
83,V,M,V83M,0.0198004964882538
83,V,N,V83N,0.011198232017439
83,V,P,V83P,0.015145919108743
83,V,Q,V83Q,0.0130910934851053
83,V,R,V83R,0.0093704589488994
83,V,S,V83S,0.0143610741099554
83,V,T,V83T,0.0192162145798014
83,V,W,V83W,0.0157839367885686
83,V,Y,V83Y,0.017723722450958
84,L,A,L84A,0.031958403971906
84,L,C,L84C,0.0123660389924907
84,L,D,L84D,0.015855079922498
84,L,E,L84E,0
84,L,F,L84F,0.013678402760959
84,L,G,L84G,0.025540385081132
84,L,H,L84H,0.0152216032937743
84,L,I,L84I,0.0093008294986679
84,L,K,L84K,0.0160897008961007
84,L,M,L84M,0.023534754177767
84,L,N,L84N,0.0298036752240238
84,L,P,L84P,0.0284542262048922
84,L,Q,L84Q,0.0075752300799211
84,L,R,L84R,0.0244134475659966
84,L,S,L84S,0.02025460159845
84,L,T,L84T,0.0234477173649794
84,L,V,L84V,0.0259089670622427
84,L,W,L84W,0.0059101780092032
84,L,Y,L84Y,0.0032006841850312
85,D,A,D85A,0.0199238617098571
85,D,C,D85C,0.0244558307096149
85,D,E,D85E,0.0524294623395496
85,D,F,D85F,0.0332230867038024
85,D,G,D85G,0.0450320900944539
85,D,H,D85H,0.042950018164203
85,D,I,D85I,0.0227362860256721
85,D,K,D85K,0.035048589246791
85,D,L,D85L,0.0330384172923226
85,D,M,D85M,0.0132273250181628
85,D,N,D85N,0.0341108621942345
85,D,P,D85P,0.028709281908451
85,D,Q,D85Q,0.0364449624606442
85,D,R,D85R,0.0108780879147479
85,D,S,D85S,0.0261927827561153
85,D,T,D85T,0.0454074836522161
85,D,V,D85V,0
85,D,W,D85W,0.0343121821264229
85,D,Y,D85Y,0.0265636352627741
86,S,A,S86A,0.0427668624364253
86,S,C,S86C,0.0298135141680794
86,S,D,S86D,0.0494664264955181
86,S,E,S86E,0.0306172802131267
86,S,F,S86F,0.0172113405182839
86,S,G,S86G,0.0441011746185517
86,S,H,S86H,0.0270071445870671
86,S,I,S86I,0.0280962400096876
86,S,K,S86K,0.0427259929765062
86,S,L,S86L,0.0396350508597724
86,S,M,S86M,0.0451297226931446
86,S,N,S86N,0.0370852506660194
86,S,P,S86P,0.0196498849600387
86,S,Q,S86Q,0.0336355655122292
86,S,R,S86R,0.0329914930976023
86,S,T,S86T,0.0321582102203909
86,S,V,S86V,0.0585061455558247
86,S,W,S86W,0
86,S,Y,S86Y,0.030843575926373
87,N,A,N87A,0.0221951441026869
87,N,C,N87C,0.025855231290868
87,N,D,N87D,0.0199359711794609
87,N,E,N87E,0.0216025369338823
87,N,F,N87F,0.0424338520222814
87,N,G,N87G,0.0075964216517316
87,N,H,N87H,0.0172181520949368
87,N,I,N87I,0.0193017377088883
87,N,K,N87K,0.018314815936062
87,N,L,N87L,0
87,N,M,N87M,0.0207859045773781
87,N,P,N87P,0.0273931339307324
87,N,Q,N87Q,0.0169540142891727
87,N,R,N87R,0.0248660389924921
87,N,S,N87S,0.0202152458222316
87,N,T,N87T,0.0072740070234923
87,N,V,N87V,0.0382394344877694
87,N,W,N87W,0.0173574109953984
87,N,Y,N87Y,0.0208593182368598
88,F,A,F88A,0.0252565693872622
88,F,C,F88C,0.0208411540324548
88,F,D,F88D,0.0072331375635747
88,F,E,F88E,0.0196226386534284
88,F,G,F88G,0.0098041293291353
88,F,H,F88H,0.0173339488980382
88,F,I,F88I,0.0098434851053538
88,F,K,F88K,0.0171114373940421
88,F,L,F88L,0.0178175708403972
88,F,M,F88M,8.703681278900976e-05
88,F,N,F88N,0
88,F,P,F88P,0.0178069750544926
88,F,Q,F88Q,0.0160594272220876
88,F,R,F88R,0.0165710523129087
88,F,S,F88S,0.0210553402760973
88,F,T,F88T,0.0139720573988873
88,F,V,F88V,0.0181763138774521
88,F,W,F88W,0.0105397796076546
88,F,Y,F88Y,0.0175110498910147
89,D,A,D89A,0.025588066117704
89,D,C,D89C,0.0307111286025672
89,D,E,D89E,0.0251528820537674
89,D,F,D89F,0.043961915718093
89,D,G,D89G,0.0225478324049406
89,D,H,D89H,0.0184586158876241
89,D,I,D89I,0.0352249333979172
89,D,K,D89K,0.0317585977234211
89,D,L,D89L,0.0021887866311455
89,D,M,D89M,0.0395775308791489
89,D,N,D89N,0
89,D,P,D89P,0.0347488798740629
89,D,Q,D89Q,0.0355942722208767
89,D,R,D89R,0.0352446112860257
89,D,S,D89S,0.041827621700171
89,D,T,D89T,0.0387533301041429
89,D,V,D89V,0.026775550980867
89,D,W,D89W,0.0122487285056928
89,D,Y,D89Y,0.029819568902882
90,S,A,S90A,0.0390409300072657
90,S,C,S90C,0.0303100024218925
90,S,D,S90D,0.0613912266892696
90,S,E,S90E,0.0469045168321614
90,S,F,S90F,0.0390893678856866
90,S,G,S90G,0.0458192056187939
90,S,H,S90H,0.0318690966335675
90,S,I,S90I,0
90,S,K,S90K,0.0686682610801647
90,S,L,S90L,0.05264213489949
90,S,M,S90M,0.0406583010414144
90,S,N,S90N,0.0366773129086946
90,S,P,S90P,0.0324548922257205
90,S,Q,S90Q,0.0434646706224268
90,S,R,S90R,0.0407180915475888
90,S,T,S90T,0.0420728384596755
90,S,V,S90V,0.0411411661419216
90,S,W,S90W,0.0249023674013064
90,S,Y,S90Y,0.0259225902155485
91,K,A,K91A,0.0288614071203667
91,K,C,K91C,0.0268308004359409
91,K,D,K91D,0.0094438726083783
91,K,E,K91E,0.0237391014773539
91,K,F,K91F,0.0119096633567435
91,K,G,K91G,0.0277829074836522
91,K,H,K91H,0
91,K,I,K91I,0.0201781605715655
91,K,L,K91L,0.0026232138532318
91,K,M,K91M,0.0120549769920077
91,K,N,K91N,0.0114646403487527
91,K,P,K91P,0.0020336340518271
91,K,Q,K91Q,0.0255956345362059
91,K,R,K91R,0.0305181339307324
91,K,S,K91S,0.0033830830709614
91,K,T,K91T,0.0333456950835539
91,K,V,K91V,0.0138759384838944
91,K,W,K91W,0.0082934729958813
91,K,Y,K91Y,0.0160049346088641
92,K,A,K92A,0.0095785904577393
92,K,C,K92C,0.032084796560912
92,K,D,K92D,0.0306778275611542
92,K,E,K92E,0.034532423104868
92,K,F,K92F,0.0269632477597495
92,K,G,K92G,0.0406628420925164
92,K,H,K92H,0
92,K,I,K92I,0.0112739162024703
92,K,L,K92L,0.0375590336643269
92,K,M,K92M,0.001495519496246
92,K,N,K92N,0.0311077137321399
92,K,P,K92P,0.0206791898764834
92,K,Q,K92Q,0.0261118006781303
92,K,R,K92R,0.0119422075563104
92,K,S,K92S,0.0350765923952545
92,K,T,K92T,0.0115872487285057
92,K,V,K92V,0.0273885928796333
92,K,W,K92W,0.0201963247759762
92,K,Y,K92Y,0.0079498667958357
93,D,A,D93A,0.0260633627997108
93,D,C,D93C,0.0416020828287735
93,D,E,D93E,0.0462786086219424
93,D,F,D93F,0.0040226144344877
93,D,G,D93G,0.0362133688544456
93,D,H,D93H,0.0358523552918396
93,D,I,D93I,0.0215979958827817
93,D,K,D93K,0.007244490191331
93,D,L,D93L,0.0143058246548815
93,D,M,D93M,0.020142589004603
93,D,N,D93N,0.0320265197384369
93,D,P,D93P,0.0057883264713005
93,D,Q,D93Q,0.0244921591184306
93,D,R,D93R,0.0161896040203439
93,D,S,D93S,0.0427971361104384
93,D,T,D93T,0.0175352688302252
93,D,V,D93V,0
93,D,W,D93W,0.0259975175587323
93,D,Y,D93Y,0.0260376301767982
94,F,A,F94A,0.0244391801889091
94,F,C,F94C,0.007074200775006
94,F,D,F94D,0.0065709009445386
94,F,E,F94E,0.0210008476628738
94,F,G,F94G,0.018992189392106
94,F,H,F94H,0.0116069266166142
94,F,I,F94I,0.0039416323565042
94,F,K,F94K,0.0128178735771373
94,F,L,F94L,0.0139243763623167
94,F,M,F94M,0.0355223722450957
94,F,N,F94N,0.0121238496003875
94,F,P,F94P,0.0128943146040217
94,F,Q,F94Q,0.0073057943812075
94,F,R,F94R,0.0207056793412462
94,F,S,F94S,0.0003428493581995
94,F,T,F94T,0.0039370913054008
94,F,V,F94V,0.0103437575684199
94,F,W,F94W,0
94,F,Y,F94Y,0.0060539779607653
95,L,A,L95A,0.0375295168321628
95,L,C,L95C,0.0465404759021555
95,L,D,L95D,0.0220263683700654
95,L,E,L95E,0
95,L,F,L95F,0.0204922499394526
95,L,G,L95G,0.0283081557277777
95,L,H,L95H,0.0276277549043352
95,L,I,L95I,0.035595785904576
95,L,K,L95K,0.0208313150883991
95,L,M,L95M,0.0335303644950337
95,L,N,L95N,0.0333441813998533
95,L,P,L95P,0.0348200230079923
95,L,Q,L95Q,0.0278896221845469
95,L,R,L95R,0.0222064967304418
95,L,S,L95S,0.0369830770162267
95,L,T,L95T,0.0259876786146753
95,L,V,L95V,0.0388169048195689
95,L,W,L95W,0.0236899067570826
95,L,Y,L95Y,0.0246170380237331
96,P,A,P96A,0.0129147493339777
96,P,C,P96C,0.0096989283119399
96,P,D,P96D,0.0250325441995626
96,P,E,P96E,0.00889213489949
96,P,F,P96F,0.0083169350932429
96,P,G,P96G,0.005456072899007
96,P,H,P96H,0.0084599782029533
96,P,I,P96I,0.0177449140227658
96,P,K,P96K,0.0178357350448036
96,P,L,P96L,0.0028071264228612
96,P,M,P96M,0.0042829680310002
96,P,N,P96N,0.0305355412932899
96,P,Q,P96Q,0.0078749394526519
96,P,R,P96R,0.0123584705739888
96,P,S,P96S,0.0048316783724858
96,P,T,P96T,0.0213497517558731
96,P,V,P96V,0.0091971421651731
96,P,W,P96W,0.0024521675950579
96,P,Y,P96Y,0
97,S,A,S97A,0.0264758416081361
97,S,C,S97C,0.0234462036812787
97,S,D,S97D,0.0375620610317268
97,S,E,S97E,0.0284141135868235
97,S,F,S97F,0.0033724872850555
97,S,G,S97G,0.022656060789536
97,S,H,S97H,0.0215223116977476
97,S,I,S97I,0.0410866735286995
97,S,K,S97K,0
97,S,L,S97L,0.0211605412932899
97,S,M,S97M,0.0304348813271979
97,S,N,S97N,0.0232062848147251
97,S,P,S97P,0.0272977718575926
97,S,Q,S97Q,0.0419419048195689
97,S,R,S97R,0.0365176192782756
97,S,T,S97T,0.0288175102930477
97,S,V,S97V,0.0435910632114314
97,S,W,S97W,0.0197724933397917
97,S,Y,S97Y,0.0183201138290129
98,N,A,N98A,0.0166989585856139
98,N,C,N98C,0.0093719726325987
98,N,D,N98D,0.025942268103657
98,N,E,N98E,0.0276285117461855
98,N,F,N98F,0.0040407786388956
98,N,G,N98G,0.0137283543230806
98,N,H,N98H,0.0175352688302252
98,N,I,N98I,0.0081284814725129
98,N,K,N98K,0.0292784269798983
98,N,L,N98L,0.0075071143133944
98,N,M,N98M,0
98,N,P,N98P,0.0069848934366688
98,N,Q,N98Q,0.0031280273674027
98,N,R,N98R,0.0267702530879161
98,N,S,N98S,0.0196362618067343
98,N,T,N98T,0.020304553160573
98,N,V,N98V,0.0147591729232273
98,N,W,N98W,0.0280076895132007
98,N,Y,N98Y,0.0028154516832162
99,L,A,L99A,0.0155031484620959
99,L,C,L99C,0.0094007326229111
99,L,D,L99D,0.0298051889077244
99,L,E,L99E,0.0286373819326699
99,L,F,L99F,0.0267566299346089
99,L,G,L99G,0.0052048014046984
99,L,H,L99H,0.0123879874061516
99,L,I,L99I,0.0246162811818842
99,L,K,L99K,0.0110097783967062
99,L,M,L99M,0.0316443146040189
99,L,N,L99N,0.008662054976992
99,L,P,L99P,0
99,L,Q,L99Q,0.0021365645434729
99,L,R,L99R,0.0154766589973359
99,L,S,L99S,0.0002505146524568
99,L,T,L99T,0.0229118733349479
99,L,V,L99V,0.019381962945023
99,L,W,L99W,0.0057966517316541
99,L,Y,L99Y,0.0175791656575442
100,S,A,S100A,0.0349774461128589
100,S,C,S100C,0.0258469060305158
100,S,D,S100D,0.0365993581981109
100,S,E,S100E,0.031881962945023
100,S,F,S100F,0.006665506175828
100,S,G,S100G,0.02474872850569
100,S,H,S100H,0.0034852567207542
100,S,I,S100I,0.0178697929280697
100,S,K,S100K,0.0029531968999757
100,S,L,S100L,0.0077023795107774
100,S,M,S100M,0.0287720997820281
100,S,N,S100N,0.0278207495761686
100,S,P,S100P,0.01981487648341
100,S,Q,S100Q,0
100,S,R,S100R,0.0226893618309504
100,S,T,S100T,0.0135898522644708
100,S,V,S100V,0.0196385323322824
100,S,W,S100W,0.0189142346815209
100,S,Y,S100Y,0.0290120186485818
101,R,A,R101A,0
101,R,C,R101C,0.0190875514652472
101,R,D,R101D,0.0086537297166384
101,R,E,R101E,0.0181566359893436
101,R,F,R101F,0.0189709978202969
101,R,G,R101G,0.0313150883991281
101,R,H,R101H,0.0146986255752012
101,R,I,R101I,0.0160791051101961
101,R,K,R101K,0.0191322051344165
101,R,L,R101L,0.0271070477113102
101,R,M,R101M,0.0119626422862678
101,R,N,R101N,0.0056006296924208
101,R,P,R101P,0.0118021918139985
101,R,Q,R101Q,0.0246798558973131
101,R,S,R101S,0.0147183034633083
101,R,T,R101T,0.0063211431339321
101,R,V,R101V,0.010782725841608099
101,R,W,R101W,0.0216297832404955
101,R,Y,R101Y,0.003905303947687
102,T,A,T102A,0.0096012957132477
102,T,C,T102C,0.0183897432792443
102,T,D,T102D,0.0280364495035131
102,T,E,T102E,0.0253012230564315
102,T,F,T102F,0.026821718333737
102,T,G,T102G,0.0172332889319448
102,T,H,T102H,0.040473631629936
102,T,I,T102I,0
102,T,K,T102K,0.0108720331799481
102,T,L,T102L,0.0133506902397689
102,T,M,T102M,0.020619399370309
102,T,N,T102N,0.0116122245095664
102,T,P,T102P,0.0200404153548088
102,T,Q,T102Q,0.0211953560184064
102,T,R,T102R,0.0241016287236633
102,T,S,T102S,0.0335447444901913
102,T,V,T102V,0.0319054250423846
102,T,W,T102W,0.0243854444175359
102,T,Y,T102Y,0.0116417413417292
103,F,A,F103A,0.0230783785420198
103,F,C,F103C,0.0282460946960537
103,F,D,F103D,0.019702863889563
103,F,E,F103E,0.0181248486316299
103,F,G,F103G,0.0077530879147507
103,F,H,F103H,0.0288303766045061
103,F,I,F103I,0.0126142831193993
103,F,K,F103K,0
103,F,L,F103L,0.0094347905061758
103,F,M,F103M,0.0118975538871411
103,F,N,F103N,0.0136526701380493
103,F,P,F103P,0.0257734923710355
103,F,Q,F103Q,0.0153025853717607
103,F,R,F103R,0.0056475538871411
103,F,S,F103S,0.0130532513925904
103,F,T,F103T,0.0123607410995412
103,F,V,F103V,0.0093507810607909
103,F,W,F103W,0.0143255025429886
103,F,Y,F103Y,0.0170077500605487
104,N,A,N104A,0.0199026701380465
104,N,C,N104C,0.0168563816904819
104,N,D,N104D,0
104,N,E,N104E,0.0208555340276082
104,N,F,N104F,0.01398492371034
104,N,G,N104G,0.0219756599660921
104,N,H,N104H,0.0272584160813742
104,N,I,N104I,0.0172226931460402
104,N,K,N104K,0.0292375575199806
104,N,L,N104L,0.0105723238072158
104,N,M,N104M,0.0274589791717123
104,N,P,N104P,0.0033596209736013
104,N,Q,N104Q,0.0298029183821749
104,N,R,N104R,0.0021592697989828
104,N,S,N104S,0.0222882356502771
104,N,T,N104T,0.0072634112375863
104,N,V,N104V,0.016919956405908
104,N,W,N104W,0.0208502361346559
104,N,Y,N104Y,0.0310592758537162
105,N,A,N105A,0.0166111649309774
105,N,C,N105C,0.0105587006539127
105,N,D,N105D,0.024577682247519
105,N,E,N105E,0.0279289779607667
105,N,F,N105F,0
105,N,G,N105G,0.0149650339065149
105,N,H,N105H,0.0141658089125696
105,N,I,N105I,0.0296182489706965
105,N,K,N105K,0.017811516105596
105,N,L,N105L,0.0204998183579559
105,N,M,N105M,0.0358001332041671
105,N,P,N105P,0.0110120489222586
105,N,Q,N105Q,0.0319311576652957
105,N,R,N105R,0.0291747396464035
105,N,S,N105S,0.0080792867522416
105,N,T,N105T,0.0313869883749092
105,N,V,N105V,0.0161956587551465
105,N,W,N105W,0.0035775914264969
105,N,Y,N105Y,0.0052010171954482
106,M,A,M106A,0.0043874122063467
106,M,C,M106C,0.0273893497214822
106,M,D,M106D,0.0244581012351673
106,M,E,M106E,0.0027208464519268
106,M,F,M106F,0.0048839004601598
106,M,G,M106G,0.0230117764591911
106,M,H,M106H,0.0152594453862921
106,M,I,M106I,0.0044525006054734
106,M,K,M106K,0.010682065875516
106,M,L,M106L,0.0171348994914037
106,M,N,M106N,0
106,M,P,M106P,0.0178864434487769
106,M,Q,M106Q,0.0090306369581012
106,M,R,M106R,0.0196324775974826
106,M,S,M106S,0.0127353778154531
106,M,T,M106T,0.02092592031969
106,M,V,M106V,0.0091880600629706
106,M,W,M106W,0.0050382961976265
106,M,Y,M106Y,0.0042231775248258
107,S,A,S107A,0.0098222935335432
107,S,C,S107C,0.0107509384838944
107,S,D,S107D,0.0146660813756371
107,S,E,S107E,0.0245405969968529
107,S,F,S107F,0.0053183276822489
107,S,G,S107G,0.029994399370309
107,S,H,S107H,0.0241016287236633
107,S,I,S107I,0.0164772039234695
107,S,K,S107K,0.0409254662145812
107,S,L,S107L,0.0138585311213369
107,S,M,S107M,0.001537145798014
107,S,N,S107N,0.0076221542746427
107,S,P,S107P,0.0267573867764592
107,S,Q,S107Q,0.0203651005085977
107,S,R,S107R,0.0332919593121835
107,S,T,S107T,0.0088103959796575
107,S,V,S107V,0.0158361588762426
107,S,W,S107W,0
107,S,Y,S107Y,0.0174058488738207
108,K,A,K108A,0
108,K,C,K108C,0.013792685880357
108,K,D,K108D,0.0266453741826108
108,K,E,K108E,0.0405334221361105
108,K,F,K108F,0.015614404214094
108,K,G,K108G,0.0338815391135854
108,K,H,K108H,0.0328022826350206
108,K,I,K108I,0.0383506902397675
108,K,L,K108L,0.0369505328166626
108,K,M,K108M,0.044981381690482
108,K,N,K108N,0.0249462642286254
108,K,P,K108P,0.0220263683700654
108,K,Q,K108Q,0.0496601780092018
108,K,R,K108R,0.044939755388714
108,K,S,K108S,0.0421250605473466
108,K,T,K108T,0.0110014531363512
108,K,V,K108V,0.0358621942358911
108,K,W,K108W,0.0254132356502771
108,K,Y,K108Y,0.0376294199564045
109,D,A,D109A,0.0110869762654381
109,D,C,D109C,0.0116515802857835
109,D,E,D109E,0.0039635807701622
109,D,F,D109F,0.0363412751271494
109,D,G,D109G,0.020287145798014
109,D,H,D109H,0.0070575502542988
109,D,I,D109I,0.0099918261080164
109,D,K,D109K,0.0085909118430598
109,D,L,D109L,0
109,D,M,D109M,0.0124727536933868
109,D,N,D109N,0.0111187636231519
109,D,P,D109P,0.0086802191813998
109,D,Q,D109Q,0.0061372305642998
109,D,R,D109R,0.0013706405909407
109,D,S,D109S,0.0278570779849842
109,D,T,D109T,0.021442086461613
109,D,V,D109V,0.0147304129329121
109,D,W,D109W,0.0102415839186243
109,D,Y,D109Y,0.0182035601840625
110,N,A,N110A,0.0093961915718091
110,N,C,N110C,0.0212967728263488
110,N,D,N110D,0.0110801646887852
110,N,E,N110E,0.0068357955921516
110,N,F,N110F,0.0133325260353596
110,N,G,N110G,0.0031567873577123
110,N,H,N110H,0.0088588338580756
110,N,I,N110I,0.0095876725599418
110,N,K,N110K,0.0119157180915461
110,N,L,N110L,0.0185766832162737
110,N,M,N110M,0.0074980322111891
110,N,P,N110P,0
110,N,Q,N110Q,0.0051525793170259
110,N,R,N110R,0.0118309518043095
110,N,S,N110S,0.0041883627997093
110,N,T,N110T,0.0269337309275854
110,N,V,N110V,0.0154380600629692
110,N,W,N110W,0.0188400641801889
110,N,Y,N110Y,0.0022826350205861
111,I,A,I111A,0.0387752785178009
111,I,C,I111C,0.010203741826108
111,I,D,I111D,0.0167511806732879
111,I,E,I111E,0.0137132174860755
111,I,F,I111F,0.0109772341971435
111,I,G,I111G,0.0031454347299602
111,I,H,I111H,0.0076531847905075
111,I,K,I111K,0.0394329740857351
111,I,L,I111L,0.015987527246308
111,I,M,I111M,0.0136746185517088
111,I,N,I111N,0.016884384838944
111,I,P,I111P,0.0144965488011625
111,I,Q,I111Q,0.0092410389924935
111,I,R,I111R,0.0159406030515877
111,I,S,I111S,0.0127315936062
111,I,T,I111T,0.0359969120852521
111,I,V,I111V,0
111,I,W,I111W,0.0003610135626073
111,I,Y,I111Y,0.0146819750544926
112,G,A,G112A,0.0013645858561395
112,G,C,G112C,0.0293321627512715
112,G,D,G112D,0.020206920561878
112,G,E,G112E,0.0441685335432308
112,G,F,G112F,0.0042178796318721
112,G,H,G112H,0.0104739343666747
112,G,I,G112I,0.0020843424558004
112,G,K,G112K,0
112,G,L,G112L,0.0162153366432536
112,G,M,G112M,0.0062568115766515
112,G,N,G112N,0.0364608561395011
112,G,P,G112P,0.0012200290627256
112,G,Q,G112Q,0.0046447384354551
112,G,R,G112R,0.0151504601598436
112,G,S,G112S,0.0162289597965609
112,G,T,G112T,0.0017573867764591
112,G,V,G112V,0.0094332768224751
112,G,W,G112W,0.0077720089610075
112,G,Y,G112Y,0.0202553584402989
113,N,A,N113A,0.0217660147735515
113,N,C,N113C,0.0187636231533045
113,N,D,N113D,0.028308912569628
113,N,E,N113E,0.0249417231775248
113,N,F,N113F,0.0131243945265183
113,N,G,N113G,0.0287751271494308
113,N,H,N113H,0.054973207798497
113,N,I,N113I,0.0186304189876483
113,N,K,N113K,0.0159799588278033
113,N,L,N113L,0.0337195749576169
113,N,M,N113M,0.0383832344393316
113,N,P,N113P,0
113,N,Q,N113Q,5.751998062484872e-05
113,N,R,N113R,0.0210568539597965
113,N,S,N113S,0.042046348994914
113,N,T,N113T,0.0272243581981109
113,N,V,N113V,0.0321211249697263
113,N,W,N113W,0.0139395131993218
113,N,Y,N113Y,0.0401489464761444
114,K,A,K114A,0.0035208282877195
114,K,C,K114C,0.0318395798014033
114,K,D,K114D,0.0248985831920562
114,K,E,K114E,0.0263653426979884
114,K,F,K114F,0.0109673952530865
114,K,G,K114G,0
114,K,H,K114H,0.0218167231775248
114,K,I,K114I,0.0390341184306113
114,K,L,K114L,0.0428493581981095
114,K,M,K114M,0.018469968515379
114,K,N,K114N,0.0337014107532076
114,K,P,K114P,0.0192162145798
114,K,Q,K114Q,0.0219650641801889
114,K,R,K114R,0.0264803826592381
114,K,S,K114S,0.0132507871155229
114,K,T,K114T,0.0244989706950835
114,K,V,K114V,0.036708343424558
114,K,W,K114W,0.0223230503753921
114,K,Y,K114Y,0.0333464519254043
115,Y,A,Y115A,0
115,Y,C,Y115C,0.0224940966335674
115,Y,D,Y115D,0.0115600024218939
115,Y,E,Y115E,0.0120595180431083
115,Y,F,Y115F,0.0247631085008477
115,Y,G,Y115G,0.0047007447323807
115,Y,H,Y115H,0.0076660511019617
115,Y,I,Y115I,0.0033565936061986
115,Y,K,Y115K,0.030771675950592
115,Y,L,Y115L,0.0151822475175587
115,Y,M,Y115M,0.0217493642528457
115,Y,N,Y115N,0.0327561152821492
115,Y,P,Y115P,0.0203878057641061
115,Y,Q,Y115Q,0.0108758173891983
115,Y,R,Y115R,0.0198852627754904
115,Y,S,Y115S,0.0153722148219908
115,Y,T,Y115T,0.0183049769920077
115,Y,V,Y115V,0.0012798195689028
115,Y,W,Y115W,0.0098033724872836
116,L,A,L116A,0.0202863889561637
116,L,C,L116C,0.0063536873334948
116,L,D,L116D,0.0238132719786859
116,L,E,L116E,0.0130585492855413
116,L,F,L116F,0.0160283967062242
116,L,G,L116G,0.0238306793412434
116,L,H,L116H,0.0200169532574459
116,L,I,L116I,0.0236104383627983
116,L,K,L116K,0
116,L,M,L116M,0.0273121518527474
116,L,N,L116N,0.0138789658512943
116,L,P,L116P,0.0164726628723662
116,L,Q,L116Q,0.0255048135141667
116,L,R,L116R,0.0102173649794139
116,L,S,L116S,0.0234272826350206
116,L,T,L116T,0.0291520343908923
116,L,V,L116V,0.0069720271252105
116,L,W,L116W,0.0082707677403729
116,L,Y,L116Y,0.0240902760959056
117,N,A,N117A,0.0335303644950337
117,N,C,N117C,0.0071998365221589
117,N,D,N117D,0.0207306551223042
117,N,E,N117E,0.0339678190845227
117,N,F,N117F,0.0161941450714458
117,N,G,N117G,0.0262692237829983
117,N,H,N117H,0.0229285238556537
117,N,I,N117I,0.0249818357955907
117,N,K,N117K,0.0276663538387019
117,N,L,N117L,0
117,N,M,N117M,0.0306036570598194
117,N,P,N117P,0.0384725417776701
117,N,Q,N117Q,0.0075033301041414
117,N,R,N117R,0.0228119702107048
117,N,S,N117S,0.0209357592637428
117,N,T,N117T,0.0219491705013306
117,N,V,N117V,0.0242249939452638
117,N,W,N117W,0.0107706163720029
117,N,Y,N117Y,0.0258733954952759
118,K,A,K118A,0.0174928856866069
118,K,C,K118C,0.0235143194478082
118,K,D,K118D,0.0173044320658741
118,K,E,K118E,0.0105291838217486
118,K,F,K118F,0.0027844211673528
118,K,G,K118G,0.0172264773552918
118,K,H,K118H,0
118,K,I,K118I,0.0217735831920562
118,K,L,K118L,0.0303342213611044
118,K,M,K118M,0.0203809941874532
118,K,N,K118N,0.0095165294260111
118,K,P,K118P,0.005961643255024
118,K,Q,K118Q,0.0238897130055703
118,K,R,K118R,0.0390273068539598
118,K,S,K118S,0.02270828287721
118,K,T,K118T,0.0297930794381206
118,K,V,K118V,0.02009263744248
118,K,W,K118W,0.0277647432792444
118,K,Y,K118Y,0.014083313150884
119,L,A,L119A,0
119,L,C,L119C,0.0051041414386035
119,L,D,L119D,0.03278109106321
119,L,E,L119E,0.00537054976992
119,L,F,L119F,0.0421288447565997
119,L,G,L119G,0.0381440724146268
119,L,H,L119H,0.0397909602809397
119,L,I,L119I,0.0393126362315317
119,L,K,L119K,0.0141536994429644
119,L,M,L119M,0.0394057277791219
119,L,N,L119N,0.0311606926616614
119,L,P,L119P,0.0229996669895858
119,L,Q,L119Q,0.022076319932187
119,L,R,L119R,0.0255517377088883
119,L,S,L119S,0.0242666202470332
119,L,T,L119T,0.0315534935819811
119,L,V,L119V,0.0326630237345604
119,L,W,L119W,0.0383711249697263
119,L,Y,L119Y,0.0366780697505449
120,L,A,L120A,0.0101174618551707
120,L,C,L120C,0.026578772099782
120,L,D,L120D,0.0235816783724873
120,L,E,L120E,0.0204105110196159
120,L,F,L120F,0.0277912327440044
120,L,G,L120G,0.0107963489949126
120,L,H,L120H,0.0212952591426495
120,L,I,L120I,0.0176011140712022
120,L,K,L120K,0.0145911540324534
120,L,M,L120M,0.0254313998546849
120,L,N,L120N,0
120,L,P,L120P,0.0187295652700411
120,L,Q,L120Q,0.007151398643738
120,L,R,L120R,0.0165286691692904
120,L,S,L120S,0.0062189694841366
120,L,T,L120T,0.0192956829740857
120,L,V,L120V,0.017514834100265
120,L,W,L120W,0.0109916141922983
120,L,Y,L120Y,0.0237345604262533
121,N,A,N121A,0.0100531302978943
121,N,C,N121C,0.0262139743279258
121,N,D,N121D,0.0212392528457253
121,N,E,N121E,0.0327515742310501
121,N,F,N121F,0.0243233833858091
121,N,G,N121G,0.0289340639379995
121,N,H,N121H,0.0147145192540566
121,N,I,N121I,0
121,N,K,N121K,0.0058776338096405
121,N,L,N121L,0.0152374969726326
121,N,M,N121M,0.0362474267377089
121,N,P,N121P,0.0060032695567934
121,N,Q,N121Q,0.0336855170743536
121,N,R,N121R,0.0126869399370321
121,N,S,N121S,0.0318698534754178
121,N,T,N121T,0.0164136292080421
121,N,V,N121V,0.0359757205134429
121,N,W,N121W,0.0202992552676193
121,N,Y,N121Y,0.0204460825865827
122,K,A,K122A,0.0206549709372729
122,K,C,K122C,0.0123932852991039
122,K,D,K122D,0.0248176011140712
122,K,E,K122E,0.0285563998546849
122,K,F,K122F,0.0286169472027111
122,K,G,K122G,0.0402049527730671
122,K,H,K122H,0.0366182792443677
122,K,I,K122I,0.0145828287720998
122,K,L,K122L,0.0266408331315088
122,K,M,K122M,0.0236747699200775
122,K,N,K122N,0.0156726810365706
122,K,P,K122P,0.0188839610075079
122,K,Q,K122Q,0.0358326774037283
122,K,R,K122R,0.0287062545410511
122,K,S,K122S,0.0349842576895118
122,K,T,K122T,0.0116152518769663
122,K,V,K122V,0.0363654940663599
122,K,W,K122W,0.0197263259869218
122,K,Y,K122Y,0
123,K,A,K123A,0.0116432550254299
123,K,C,K123C,0.000821930249455
123,K,D,K123D,0.0326221542746428
123,K,E,K123E,0.0271040203439089
123,K,F,K123F,0.0088156938726069
123,K,G,K123G,0.0217160632114313
123,K,H,K123H,0.0132417050133204
123,K,I,K123I,0.0294002785178009
123,K,L,K123L,0.0249629147493326
123,K,M,K123M,0.0056808549285541
123,K,N,K123N,0.0356147069508341
123,K,P,K123P,0.0123070053281666
123,K,Q,K123Q,0.0333615887624122
123,K,R,K123R,0.0184056369580998
123,K,S,K123S,0.0234620973601342
123,K,T,K123T,0
123,K,V,K123V,0.0212566602082829
123,K,W,K123W,0.0060721421651717
123,K,Y,K123Y,0.0060691147977718
124,K,A,K124A,0.0186410147735543
124,K,C,K124C,0.0125885504964896
124,K,D,K124D,0.0088845664809895
124,K,E,K124E,0.0082344393315572
124,K,F,K124F,0
124,K,G,K124G,0.0256153124243172
124,K,H,K124H,0.0244111770404456
124,K,I,K124I,0.0056097117946234
124,K,L,K124L,0.0135474691208539
124,K,M,K124M,0.0226083797529682
124,K,N,K124N,0.0220089610075093
124,K,P,K124P,0.0204877088883507
124,K,Q,K124Q,0.0129942177282649
124,K,R,K124R,0.0037811818842334
124,K,S,K124S,0.017448232017439
124,K,T,K124T,0.0069864071203681
124,K,V,K124V,0.0309116916929053
124,K,W,K124W,0.0116629329135384
124,K,Y,K124Y,0.0103210523129087
125,D,A,D125A,0.0419002785178009
125,D,C,D125C,0.0311924800193751
125,D,E,D125E,0.0141272099782015
125,D,F,D125F,0.0015046015984485
125,D,G,D125G,0.0062689210462581
125,D,H,D125H,0.0314263441511262
125,D,I,D125I,0.015465306369581
125,D,K,D125K,0.0073943448776943
125,D,L,D125L,0.0333388835069024
125,D,M,D125M,0.0147092213611044
125,D,N,D125N,0.0112928372487285
125,D,P,D125P,0.0141658089125696
125,D,Q,D125Q,0.0371760716880601
125,D,R,D125R,0.0038742734318222
125,D,S,D125S,0.0162077682247517
125,D,T,D125T,0
125,D,V,D125V,0.017956072899007
125,D,W,D125W,0.0258007386776445
125,D,Y,D125Y,0.0268118793896827
126,T,A,T126A,0.014717546621458
126,T,C,T126C,0.0249689694841352
126,T,D,T126D,0.0126097420682974
126,T,E,T126E,0.0217788810850085
126,T,F,T126F,0.0234174436909649
126,T,G,T126G,0.0099865282150641
126,T,H,T126H,0.0291701985953001
126,T,I,T126I,0.0316912387987392
126,T,K,T126K,0.0223881387745217
126,T,L,T126L,0.0084009445386292
126,T,M,T126M,0.0322172438847178
126,T,N,T126N,0
126,T,P,T126P,0.0125666020828287
126,T,Q,T126Q,0.0018353414870414
126,T,R,T126R,0.0227037418261066
126,T,S,T126S,0.0064301283603764
126,T,V,T126V,0.0216926011140712
126,T,W,T126W,0.009532423104868
126,T,Y,T126Y,0.0259104807459419
127,I,A,I127A,0.0230692964398159
127,I,C,I127C,0.0363594393315559
127,I,D,I127D,0.0277632295955437
127,I,E,I127E,0.0365872487285043
127,I,F,I127F,0.0260255207071916
127,I,G,I127G,0.022192116735287
127,I,H,I127H,0.0246185517074338
127,I,K,I127K,0.0352907786388956
127,I,L,I127L,0.0175859772341957
127,I,M,I127M,0
127,I,N,I127N,0.0177925950593364
127,I,P,I127P,0.0368195991765547
127,I,Q,I127Q,0.0113919835311199
127,I,R,I127R,0.0151519738435442
127,I,S,I127S,0.0220664809881327
127,I,T,I127T,0.0133226870913054
127,I,V,I127V,0.0341222148219908
127,I,W,I127W,0.0111452530879147
127,I,Y,I127Y,0.0303713066117704
128,T,A,T128A,0.0286207314119641
128,T,C,T128C,0.0047166384112361
128,T,D,T128D,0.018275460159845
128,T,E,T128E,0.0149559518043095
128,T,F,T128F,0.0038379450230079
128,T,G,T128G,0.0212294139016711
128,T,H,T128H,0.0104058186001439
128,T,I,T128I,0.0161986861225464
128,T,K,T128K,0.0020048740615146
128,T,L,T128L,0.0125696294502286
128,T,M,T128M,0.009359863162992
128,T,N,T128N,0
128,T,P,T128P,0.0225213429401792
128,T,Q,T128Q,0.0287229050617569
128,T,R,T128R,0.020001059578589
128,T,S,T128S,0.0170387805764107
128,T,V,T128V,0.0146668382174846
128,T,W,T128W,0.0231419532574473
128,T,Y,T128Y,0.0468023431823686
129,N,A,N129A,0.0262964700896101
129,N,C,N129C,0.0174020646645677
129,N,D,N129D,0.0237958646161284
129,N,E,N129E,0.0166512775490433
129,N,F,N129F,0.0378806914507131
129,N,G,N129G,0.0371889379995156
129,N,H,N129H,0.0329695446839428
129,N,I,N129I,0.0306233349479279
129,N,K,N129K,0.0280031484620959
129,N,L,N129L,0.0129056672317752
129,N,M,N129M,0.0174058488738193
129,N,P,N129P,0.0303622245095665
129,N,Q,N129Q,0
129,N,R,N129R,0.0121601780092032
129,N,S,N129S,0.0218515379026384
129,N,T,N129T,0.0258514470816178
129,N,V,N129V,0.0321665354807445
129,N,W,N129W,0.0336703802373456
129,N,Y,N129Y,0.0228142407362557
130,E,A,E130A,0.0453545047226946
130,E,C,E130C,0
130,E,D,E130D,0.0360953015257946
130,E,F,E130F,0.0167617764591911
130,E,G,E130G,0.0244914022765817
130,E,H,E130H,0.0200351174618551
130,E,I,E130I,0.0294267679825624
130,E,K,E130K,0.0302948655848888
130,E,L,E130L,0.0439679704528942
130,E,M,E130M,0.0237300193751514
130,E,N,E130N,0.0375802252361361
130,E,P,E130P,0.0165566723177539
130,E,Q,E130Q,0.0089549527730685
130,E,R,E130R,0.0245330285783497
130,E,S,E130S,0.0474751755873107
130,E,T,E130T,0.0346330830709629
130,E,V,E130V,0.0300768951319932
130,E,W,E130W,0.0367045592153078
130,E,Y,E130Y,0.036634172923226
131,N,A,N131A,0.0377134294017908
131,N,C,N131C,0.0170107774279472
131,N,D,N131D,0.037423558973117
131,N,E,N131E,0.019010353596511
131,N,F,N131F,0.006162206345362
131,N,G,N131G,0.0301957193024945
131,N,H,N131H,0.0192669229837719
131,N,I,N131I,0.0209017013804795
131,N,K,N131K,0.008581072899007
131,N,L,N131L,0.0245701138290129
131,N,M,N131M,0.0320219786873335
131,N,P,N131P,0.0188105473480261
131,N,Q,N131Q,0.0249984863162993
131,N,R,N131R,0.0188612557519966
131,N,S,N131S,0.0093288326471286
131,N,T,N131T,0.0210629086945977
131,N,V,N131V,0.0144276761927813
131,N,W,N131W,0.0264387563574701
131,N,Y,N131Y,0
132,N,A,N132A,0.0123312242673771
132,N,C,N132C,0.0092539053039491
132,N,D,N132D,0.0123690663598934
132,N,E,N132E,0.003015257931704
132,N,F,N132F,0.0097344998789053
132,N,G,N132G,0.020923649794139
132,N,H,N132H,0.0127073746669896
132,N,I,N132I,0.025666777670138
132,N,K,N132K,0.0219007326229111
132,N,L,N132L,0.0001150399612496
132,N,M,N132M,0.0323368248970709
132,N,P,N132P,0.0077054068781787
132,N,Q,N132Q,0.0042337733107304
132,N,R,N132R,0
132,N,S,N132S,0.0038265923952545
132,N,T,N132T,0.013919078469363
132,N,V,N132V,0.0104920985710826
132,N,W,N132W,0.0042216638411251
132,N,Y,N132Y,0.0142657120368142
133,N,A,N133A,0.0184676979898294
133,N,C,N133C,0.0212157907483666
133,N,D,N133D,0.002654244369098
133,N,E,N133E,0.006573171470091
133,N,F,N133F,0.0204657604746926
133,N,G,N133G,0.0190701441026897
133,N,H,N133H,0.0266930552191828
133,N,I,N133I,0.0026943569871639
133,N,K,N133K,0.0035685093242916
133,N,L,N133L,0.0161540324533799
133,N,M,N133M,0.0277783664325502
133,N,P,N133P,0.0154410874303719
133,N,Q,N133Q,0.0083214761443448
133,N,R,N133R,0.0170660268830239
133,N,S,N133S,0.018828711552434
133,N,T,N133T,0
133,N,V,N133V,0.012619581012353
133,N,W,N133W,0.0137472753693388
133,N,Y,N133Y,0.045453651005086
134,I,A,I134A,0.0059419653669169
134,I,C,I134C,0.0152246306611756
134,I,D,I134D,0.0291785238556551
134,I,E,I134E,0.0225470755630903
134,I,F,I134F,0.0177744308549285
134,I,G,I134G,0
134,I,H,I134H,0.018936183095179
134,I,K,I134K,0.014990766529426
134,I,L,I134L,0.0259256175829499
134,I,M,I134M,0.0255895798014033
134,I,N,I134N,0.0328030394768709
134,I,P,I134P,0.0078984015500121
134,I,Q,I134Q,0.0066594514410268
134,I,R,I134R,0.0205717183337356
134,I,S,I134S,0.0203855352385551
134,I,T,I134T,0.0218681884233456
134,I,V,I134V,0.0128980988132719
134,I,W,I134W,0.0171288447565996
134,I,Y,I134Y,0.0059495337854187
135,N,A,N135A,0.0085122002906272
135,N,C,N135C,0.0148598328893194
135,N,D,N135D,0.0109038205376618
135,N,E,N135E,0.0215177706466471
135,N,F,N135F,0.0223132114313407
135,N,G,N135G,0.0069531060789551
135,N,H,N135H,0.0158694599176556
135,N,I,N135I,0.0194568902882054
135,N,K,N135K,0.0096489767498197
135,N,L,N135L,0.005661177040447
135,N,M,N135M,0.0152518769677902
135,N,P,N135P,0.0192207556309033
135,N,Q,N135Q,0.0325487406151625
135,N,R,N135R,0.0158558367643511
135,N,S,N135S,0
135,N,T,N135T,0.0012132174860741
135,N,V,N135V,0.020094907968031
135,N,W,N135W,0.0220679946718348
135,N,Y,N135Y,0.0156583010414158
136,H,A,H136A,0.0406931157665294
136,H,C,H136C,0
136,H,D,H136D,0.0107585069023991
136,H,E,H136E,0.0328703984015514
136,H,F,H136F,0.024573141196417
136,H,G,H136G,0.028717607168806
136,H,I,H136I,0.0267596573020102
136,H,K,H136K,0.0225977839670622
136,H,L,H136L,0.0332563877452168
136,H,M,H136M,0.0157725841608151
136,H,N,H136N,0.0338898643739404
136,H,P,H136P,0.0041278154516846
136,H,Q,H136Q,0.0438302252361347
136,H,R,H136R,0.0443456345362073
136,H,S,H136S,0.0189346694114812
136,H,T,H136T,0.033867159118432
136,H,V,H136V,0.03074064543473
136,H,W,H136W,0.0076160995398415
136,H,Y,H136Y,0.0340442601114071
137,N,A,N137A,0.0210629086945992
137,N,C,N137C,0.0188491462823914
137,N,D,N137D,0.0066700472269314
137,N,E,N137E,0.0155508294986679
137,N,F,N137F,0.0046454952773068
137,N,G,N137G,0.0253526883022509
137,N,H,N137H,0.0128367946233955
137,N,I,N137I,0.0152745822232986
137,N,K,N137K,0.0211423770888835
137,N,L,N137L,0.0206708646161284
137,N,M,N137M,0.0062901126180659
137,N,P,N137P,0.0127437030758038
137,N,Q,N137Q,0.014901459191086
137,N,R,N137R,0.0282430673286496
137,N,S,N137S,0.0189308852022267
137,N,T,N137T,0.0157453378542005
137,N,V,N137V,0.0196498849600373
137,N,W,N137W,0.0247880842819084
137,N,Y,N137Y,0
138,N,A,N138A,0.0457109772341957
138,N,C,N138C,0.0343787842092516
138,N,D,N138D,0.0120852506660194
138,N,E,N138E,0.0284648219907954
138,N,F,N138F,0.0410526156454347
138,N,G,N138G,0.0261988374909179
138,N,H,N138H,0.0185676011140698
138,N,I,N138I,0.0292148522644694
138,N,K,N138K,0.0204286752240252
138,N,L,N138L,0.0332457919593122
138,N,M,N138M,0.035359651247274
138,N,P,N138P,0.0347927767013791
138,N,Q,N138Q,0.0416936606926603
138,N,R,N138R,0.0353657059820766
138,N,S,N138S,0
138,N,T,N138T,0.0225084766287222
138,N,V,N138V,0.0222980745943328
138,N,W,N138W,0.0231548195689015
138,N,Y,N138Y,0.0256811576652942
139,N,A,N139A,0.0163606502785178
139,N,C,N139C,0.0172461552434003
139,N,D,N139D,0.0141461310244611
139,N,E,N139E,0.030097329861952
139,N,F,N139F,0.026290415354806
139,N,G,N139G,0
139,N,H,N139H,0.0265795289416309
139,N,I,N139I,0.0377845725357229
139,N,K,N139K,0.0023984318236861
139,N,L,N139L,0.0437711915718078
139,N,M,N139M,0.0288424860741099
139,N,P,N139P,0.0154198958585614
139,N,Q,N139Q,0.0489245277306854
139,N,R,N139R,0.0158709736013548
139,N,S,N139S,0.0101325986921758
139,N,T,N139T,0.0337036812787586
139,N,V,N139V,0.0147705255509794
139,N,W,N139W,0.0264614616129813
139,N,Y,N139Y,0.0193206587551465
140,N,A,N140A,0.0197134596754662
140,N,C,N140C,0.0268444235892454
140,N,D,N140D,0.0177426434972148
140,N,E,N140E,0.0106654153548074
140,N,F,N140F,0.0348404577379497
140,N,G,N140G,0.0036979292806961
140,N,H,N140H,0
140,N,I,N140I,0.0210265802857835
140,N,K,N140K,0.0247835432308051
140,N,L,N140L,0.0052827561152821
140,N,M,N140M,0.0257424618551693
140,N,P,N140P,0.0316541535480732
140,N,Q,N140Q,0.0314475357229353
140,N,R,N140R,0.0113458161782514
140,N,S,N140S,0.0183602264470816
140,N,T,N140T,0.012257053766045
140,N,V,N140V,0.0252550557035602
140,N,W,N140W,0.0159360620004844
140,N,Y,N140Y,0.0161290566723163
141,N,A,N141A,0.0200714458706708
141,N,C,N141C,0.0198875333010414
141,N,D,N141D,0.0171197626543957
141,N,E,N141E,0.0011186122547832
141,N,F,N141F,0.008419108743037
141,N,G,N141G,0.017875090821022
141,N,H,N141H,0.0006879692419472
141,N,I,N141I,0.0266968394284316
141,N,K,N141K,0
141,N,L,N141L,0.002913084281907
141,N,M,N141M,0.0103157544199564
141,N,P,N141P,0.030298649794139
141,N,Q,N141Q,0.0137503027367387
141,N,R,N141R,0.0103399733591668
141,N,S,N141S,0.010523129086946
141,N,T,N141T,0.0117113707919593
141,N,V,N141V,0.0027125211915718
141,N,W,N141W,0.0179984560426253
141,N,Y,N141Y,0.0123115463792671
142,N,A,N142A,0.0203022826350206
142,N,C,N142C,0.0006675345119883
142,N,D,N142D,0.0165778638895602
142,N,E,N142E,0.0095521009929765
142,N,F,N142F,0.0035768345846451
142,N,G,N142G,0
142,N,H,N142H,0.0113253814482911
142,N,I,N142I,0.0260868248970681
142,N,K,N142K,0.0188983410026627
142,N,L,N142L,0.0106623879874047
142,N,M,N142M,0.0215881569387261
142,N,P,N142P,0.0118687938968273
142,N,Q,N142Q,0.0278684306127392
142,N,R,N142R,0.0170660268830225
142,N,S,N142S,0.0139697868733335
142,N,T,N142T,0.0200245216759506
142,N,V,N142V,0.0098495398401536
142,N,W,N142W,0.005839034875271
142,N,Y,N142Y,0.0097337430370549
143,L,A,L143A,0.0417163659481715
143,L,C,L143C,0.0106926616614192
143,L,D,L143D,0.0231926616614178
143,L,E,L143E,0.0069546197626529
143,L,F,L143F,0.0224388471784936
143,L,G,L143G,0
143,L,H,L143H,0.0082389803826592
143,L,I,L143I,0.011393497214822
143,L,K,L143K,0.0140522826350191
143,L,M,L143M,0.0136488859287963
143,L,N,L143N,0.0164507144587053
143,L,P,L143P,0.0130759566480974
143,L,Q,L143Q,0.0195757144587053
143,L,R,L143R,0.0149816844272206
143,L,S,L143S,0.0095422620489222
143,L,T,L143T,0.0237822414628239
143,L,V,L143V,0.0176381993218683
143,L,W,L143W,0.0115297287478808
143,L,Y,L143Y,0.0074775974812289
144,T,A,T144A,0.0114290687817873
144,T,C,T144C,0.0293942237829983
144,T,D,T144D,0.0149461128602567
144,T,E,T144E,0.0212710402034377
144,T,F,T144F,0.0257750060547334
144,T,G,T144G,0.0419706648098799
144,T,H,T144H,0.032232380721723
144,T,I,T144I,0.0024831981109227
144,T,K,T144K,0.0228013744248002
144,T,L,T144L,0
144,T,M,T144M,0.0357902942601114
144,T,N,T144N,0.0315428977960751
144,T,P,T144P,0.0151595422620475
144,T,Q,T144Q,0.0175004541051088
144,T,R,T144R,0.0220013925890046
144,T,S,T144S,0.0159693630418973
144,T,V,T144V,0.0198565027851766
144,T,W,T144W,0.0170788931944781
144,T,Y,T144Y,0.0108077016226689
145,A,C,A145C,0.0197081617825153
145,A,D,A145D,0.0188060062969256
145,A,E,A145E,0.0126210946960523
145,A,F,A145F,0.0292012291111663
145,A,G,A145G,0.0079279183821748
145,A,H,A145H,0.0263585311213383
145,A,I,A145I,0
145,A,K,A145K,0.0144405425042383
145,A,L,A145L,0.0120118370065391
145,A,M,A145M,0.0156734378784223
145,A,N,A145N,0.0327288689755389
145,A,P,A145P,0.0140886110438377
145,A,Q,A145Q,0.02888562605958
145,A,R,A145R,0.0245171348994914
145,A,S,A145S,0.0250824957616856
145,A,T,A145T,0.0297635626059579
145,A,V,A145V,0.0204703015257932
145,A,W,A145W,0.0153101537902654
145,A,Y,A145Y,0.0082715245822233
146,N,A,N146A,0.0202614131751029
146,N,C,N146C,0.0328499636715898
146,N,D,N146D,0.0174679099055461
146,N,E,N146E,0.0242416444659724
146,N,F,N146F,0.0180226749818358
146,N,G,N146G,0.015500121094696
146,N,H,N146H,0.0128504177767013
146,N,I,N146I,0.0096081072899007
146,N,K,N146K,0.0099418745458949
146,N,L,N146L,0.0191533967062242
146,N,M,N146M,0.0109817752482427
146,N,P,N146P,0.0236558488738193
146,N,Q,N146Q,0.0007568418503269
146,N,R,N146R,0.0101643860498896
146,N,S,N146S,0.0033626483410012
146,N,T,N146T,0.0116795834342455
146,N,V,N146V,0.0169161721966578
146,N,W,N146W,0.0295319689997578
146,N,Y,N146Y,0
147,N,A,N147A,0.0376437999515621
147,N,C,N147C,0.016694417534512
147,N,D,N147D,0.0152450653911344
147,N,E,N147E,0.0297582647130056
147,N,F,N147F,0.0102726144344877
147,N,G,N147G,0.0255729292806961
147,N,H,N147H,0.0171772826350192
147,N,I,N147I,0.0218136958101221
147,N,K,N147K,0.0239691813998547
147,N,L,N147L,0.02826728626786
147,N,M,N147M,0.0377262957132464
147,N,P,N147P,0.0121268769677874
147,N,Q,N147Q,0.0113208403971892
147,N,R,N147R,0.0106707132477597
147,N,S,N147S,0.006685184063938
147,N,T,N147T,0.0219552252361332
147,N,V,N147V,0
147,N,W,N147W,0.0132205134415098
147,N,Y,N147Y,0.0183322232986181
148,I,A,I148A,0.043118037054977
148,I,C,I148C,0.0227938060062969
148,I,D,I148D,0.0264440542504224
148,I,E,I148E,0
148,I,F,I148F,0.0323330406878179
148,I,G,I148G,0.0275157423104854
148,I,H,I148H,0.0333267740372958
148,I,K,I148K,0.0211824897069508
148,I,L,I148L,0.031171288447566
148,I,M,I148M,0.0304303402760945
148,I,N,I148N,0.0431452833615874
148,I,P,I148P,0.0324268890772584
148,I,Q,I148Q,0.0394791414386036
148,I,R,I148R,0.0201221542746413
148,I,S,I148S,0.0356389258900446
148,I,T,I148T,0.034359863162992
148,I,V,I148V,0.059342455800436
148,I,W,I148W,0.0357403426979898
148,I,Y,I148Y,0.0272886897553887
149,T,A,T149A,0.0065156514894633
149,T,C,T149C,0.0291255449261308
149,T,D,T149D,0.0095112315330574
149,T,E,T149E,0.0142679825623637
149,T,F,T149F,0.0267785783482683
149,T,G,T149G,0.0094696052312908
149,T,H,T149H,0.0293480564301269
149,T,I,T149I,0.0245201622668913
149,T,K,T149K,0
149,T,L,T149L,0.0175102930491644
149,T,M,T149M,0.01696763744248
149,T,N,T149N,0.0256894829256478
149,T,P,T149P,0.0217993158149659
149,T,Q,T149Q,0.0307762170016953
149,T,R,T149R,0.0387321385323323
149,T,S,T149S,0.0378610135626046
149,T,V,T149V,0.0271622971663841
149,T,W,T149W,0.0160556430128346
149,T,Y,T149Y,0.0268376120125924
150,N,A,N150A,0.0293927100992962
150,N,C,N150C,0
150,N,D,N150D,0.0232017437636231
150,N,E,N150E,0.0307504843787842
150,N,F,N150F,0.0321188544441739
150,N,G,N150G,0.0292852385565512
150,N,H,N150H,0.0099645798014047
150,N,I,N150I,0.0263668563816891
150,N,K,N150K,0.0266423468152095
150,N,L,N150L,0.0233568963429402
150,N,M,N150M,0.0132053766045033
150,N,P,N150P,0.0069894344877694
150,N,Q,N150Q,0.0249114495035117
150,N,R,N150R,0.0229512291111649
150,N,S,N150S,0.007081012351659
150,N,T,N150T,0.023760293049163
150,N,V,N150V,0.0215851295713248
150,N,W,N150W,0.0266340215548559
150,N,Y,N150Y,0.0524468697021057
151,N,A,N151A,0.0142573867764592
151,N,C,N151C,0.0216131327197869
151,N,D,N151D,0.0359772341971422
151,N,E,N151E,0.0056929643981579
151,N,F,N151F,0.0018799951562107
151,N,G,N151G,0.0146903003148462
151,N,H,N151H,0.0419646100750773
151,N,I,N151I,0
151,N,K,N151K,0.0240668139985454
151,N,L,N151L,0.0090253390651489
151,N,M,N151M,0.0201819447808186
151,N,P,N151P,0.0107017437636231
151,N,Q,N151Q,0.0049883446355049
151,N,R,N151R,0.0184676979898266
151,N,S,N151S,0.0071211249697249
151,N,T,N151T,0.0226356260595786
151,N,V,N151V,0.0268739404214095
151,N,W,N151W,0.0044366069266166
151,N,Y,N151Y,0.0120004843787842
152,L,A,L152A,0.0502792746427693
152,L,C,L152C,0.0365456224267377
152,L,D,L152D,0.0268277730685396
152,L,E,L152E,0.0139660026640833
152,L,F,L152F,0.0389485953015244
152,L,G,L152G,0.0374757810607895
152,L,H,L152H,0.0361399551949625
152,L,I,L152I,0.0153275611528215
152,L,K,L152K,0.0413909239525295
152,L,M,L152M,0.0213194780818586
152,L,N,L152N,0.0313877452167595
152,L,P,L152P,0.0192215124727537
152,L,Q,L152Q,0.0205853414870428
152,L,R,L152R,0.030969968515379
152,L,S,L152S,0.0238374909178964
152,L,T,L152T,0.0224562545410511
152,L,V,L152V,0.0326584826834585
152,L,W,L152W,0.027287932913537
152,L,Y,L152Y,0
153,I,A,I153A,0.0102938060062955
153,I,C,I153C,0.0007507871155243
153,I,D,I153D,0.0325214943085493
153,I,E,I153E,0.0125401126180659
153,I,F,I153F,0.0085515560668442
153,I,G,I153G,0.0250461673528699
153,I,H,I153H,0.0250105957859046
153,I,K,I153K,0
153,I,L,I153L,0.0129170198595301
153,I,M,I153M,0.0238609530152579
153,I,N,I153N,0.0165135323322824
153,I,P,I153P,0.0296409542262049
153,I,Q,I153Q,0.0219582526035359
153,I,R,I153R,0.005414446597239
153,I,S,I153S,0.0044789900702349
153,I,T,I153T,0.0190898219907954
153,I,V,I153V,0.0139523795107774
153,I,W,I153W,0.0330989646403487
153,I,Y,I153Y,0.0103823565027851
154,N,A,N154A,0.0440519798982805
154,N,C,N154C,0.0364956708646147
154,N,D,N154D,0.0387843606200034
154,N,E,N154E,0
154,N,F,N154F,0.0017664688786617
154,N,G,N154G,0.0537736134657288
154,N,H,N154H,0.0281355957859032
154,N,I,N154I,0.0230708101235166
154,N,K,N154K,0.0388532332283846
154,N,L,N154L,0.0321127997093727
154,N,M,N154M,0.0266801889077258
154,N,P,N154P,0.0252527851780078
154,N,Q,N154Q,0.0262101901186714
154,N,R,N154R,0.0247025611528215
154,N,S,N154S,0.0314112073141196
154,N,T,N154T,0.0141181278759976
154,N,V,N154V,0.0290718091547576
154,N,W,N154W,0.0196022039234681
154,N,Y,N154Y,0.0261670501332027
155,N,A,N155A,0.0142679825623651
155,N,C,N155C,0.0073723964640362
155,N,D,N155D,0.0013252300799239
155,N,E,N155E,0.0232062848147251
155,N,F,N155F,0.0192835735044805
155,N,G,N155G,0.0138426374424814
155,N,H,N155H,0.0313794199564073
155,N,I,N155I,0.0116886655364509
155,N,K,N155K,0.0132333797529682
155,N,L,N155L,0.0125968757568418
155,N,M,N155M,0.0136057459433277
155,N,P,N155P,0
155,N,Q,N155Q,0.0221005388713974
155,N,R,N155R,0.0127156999273446
155,N,S,N155S,0.0164053039476885
155,N,T,N155T,0.0090404759021554
155,N,V,N155V,0.018391256962945
155,N,W,N155W,0.0258136049891015
155,N,Y,N155Y,0.0080369036086233
156,N,A,N156A,0.0151534875272449
156,N,C,N156C,0.0289333070961492
156,N,D,N156D,0.0214897674981822
156,N,E,N156E,0.0187598389440542
156,N,F,N156F,0.0272273855655108
156,N,G,N156G,0.0192737345604248
156,N,H,N156H,0.0241750423831436
156,N,I,N156I,0.0069689997578106
156,N,K,N156K,0.0108879268588036
156,N,L,N156L,0.0329264046984742
156,N,M,N156M,0.0360975720513427
156,N,P,N156P,0.0282687999515621
156,N,Q,N156Q,0.0345763199321856
156,N,R,N156R,0.0396297529668201
156,N,S,N156S,0.0290248849600387
156,N,T,N156T,0.0112118551707421
156,N,V,N156V,0.0100826471300557
156,N,W,N156W,0.03266529426011
156,N,Y,N156Y,0
157,M,A,M157A,0.0160412630176798
157,M,C,M157C,0
157,M,D,M157D,0.0151519738435456
157,M,E,M157E,0.0074798680067813
157,M,F,M157F,0.0192025914264955
157,M,G,M157G,0.0014221058367643
157,M,H,M157H,0.0214927948655849
157,M,I,M157I,0.0192858440300301
157,M,K,M157K,0.0015257931702591
157,M,L,M157L,0.0261072596270269
157,M,N,M157N,0.0008363102446112
157,M,P,M157P,0.0167814543472996
157,M,Q,M157Q,0.0130812545410497
157,M,R,M157R,0.0171939331557278
157,M,S,M157S,0.0230170743521434
157,M,T,M157T,0.0050905182852977
157,M,V,M157V,0.0196150702349237
157,M,W,M157W,0.0080270646645677
157,M,Y,M157Y,0.0127527851780092
158,N,A,N158A,0.0155281242431567
158,N,C,N158C,0.0083805098086689
158,N,D,N158D,0.0073731533058852
158,N,E,N158E,0.0323103354323081
158,N,F,N158F,0.0126460704771131
158,N,G,N158G,0.0155894284330332
158,N,H,N158H,0.0187000484378784
158,N,I,N158I,0.0104368491160087
158,N,K,N158K,0.0172310184063924
158,N,L,N158L,0.0121980201017195
158,N,M,N158M,0.0151058064906757
158,N,P,N158P,0.0129329135383856
158,N,Q,N158Q,0.0249076652942587
158,N,R,N158R,0.0016453741826093
158,N,S,N158S,0.0138555037539341
158,N,T,N158T,0.0022357108258644
158,N,V,N158V,0.0024597360135626
158,N,W,N158W,0
158,N,Y,N158Y,0.0185494369096633
159,S,A,S159A,0.0127338641317496
159,S,C,S159C,0.015933791474932
159,S,D,S159D,0.0172401005085977
159,S,E,S159E,0.0197565996609348
159,S,F,S159F,0.0071695628481472
159,S,G,S159G,0.0120988738193267
159,S,H,S159H,0.0137041353838702
159,S,I,S159I,0.0245110801646888
159,S,K,S159K,0.0223601356260582
159,S,L,S159L,0.0119800496488253
159,S,M,S159M,0.00185199200775
159,S,N,S159N,0.016086673528698
159,S,P,S159P,0.0007076471300557
159,S,Q,S159Q,0.006641287236619
159,S,R,S159R,0.0013131206103158
159,S,T,S159T,0.0197535722935321
159,S,V,S159V,0
159,S,W,S159W,0.0094438726083783
159,S,Y,S159Y,0.0122252664083299
160,P,A,P160A,0.0129124788084296
160,P,C,P160C,0.0068388229595543
160,P,D,P160D,0.0081822172438861
160,P,E,P160E,0.0416073807217258
160,P,F,P160F,0.0039794744490191
160,P,G,P160G,0.0187696778881099
160,P,H,P160H,0.0089277064664581
160,P,I,P160I,0
160,P,K,P160K,6.962945023148975e-05
160,P,L,P160L,0.0212619581012351
160,P,M,P160M,0.0164037902639864
160,P,N,P160N,0.0230284269798983
160,P,Q,P160Q,0.0092100084766301
160,P,R,P160R,0.0069886776459205
160,P,S,P160S,0.026858803584403
160,P,T,P160T,0.0093144526519752
160,P,V,P160V,0.0058087612012608
160,P,W,P160W,0.0132409481714701
160,P,Y,P160Y,0.0171273310729004
161,S,A,S161A,0.0156545168321627
161,S,C,S161C,0.0123826895131993
161,S,D,S161D,0.0190247335916687
161,S,E,S161E,0.0344083010414144
161,S,F,S161F,0.0001347178493581
161,S,G,S161G,0.0066246367159118
161,S,H,S161H,0.0160200714458692
161,S,I,S161I,0.0021978687333494
161,S,K,S161K,0.0199654880116251
161,S,L,S161L,0.0113776035359637
161,S,M,S161M,0.0122305643012822
161,S,N,S161N,0.0058700653911358
161,S,P,S161P,0.0247381327197869
161,S,Q,S161Q,0.0127959251634778
161,S,R,S161R,0.0190656030515849
161,S,T,S161T,0.0022236013562591
161,S,V,S161V,0
161,S,W,S161W,0.0172628057641061
161,S,Y,S161Y,0.0287766408331301
162,I,A,I162A,0.0246563937999501
162,I,C,I162C,0.0116909360620005
162,I,D,I162D,0.0215404759021555
162,I,E,I162E,0.0251210946960523
162,I,F,I162F,0.0114464761443448
162,I,G,I162G,0.0142929583434245
162,I,H,I162H,0.0168291353838702
162,I,K,I162K,0.0434359106321143
162,I,L,I162L,0.0080959372729474
162,I,M,I162M,0.023412902639863
162,I,N,I162N,0.0242257507871141
162,I,P,I162P,0.0169577984984257
162,I,Q,I162Q,0.0204824109953984
162,I,R,I162R,0.0139289174134159
162,I,S,I162S,0.0309820779849843
162,I,T,I162T,0.0269957919593122
162,I,V,I162V,0.0082715245822233
162,I,W,I162W,0
162,I,Y,I162Y,0.0217047105836764
163,M,A,M163A,0.0064513199321869
163,M,C,M163C,0.0006418018890758
163,M,D,M163D,0.0202826047469121
163,M,E,M163E,0.0345876725599405
163,M,F,M163F,0.0104587975296668
163,M,G,M163G,0.0231427100992976
163,M,H,M163H,0.0305453802373456
163,M,I,M163I,0.0133030092031969
163,M,K,M163K,0.0189354262533287
163,M,L,M163L,0.0074541353838701
163,M,N,M163N,0.020333313150884
163,M,P,M163P,0.0146411055945735
163,M,Q,M163Q,0
163,M,R,M163R,0.0154198958585614
163,M,S,M163S,0.0135815270041158
163,M,T,M163T,0.0124999999999986
163,M,V,M163V,0.0156810062969228
163,M,W,M163W,0.0254412387987392
163,M,Y,M163Y,0.008351749818357901
164,N,A,N164A,0.0076743763623153
164,N,C,N164C,0.0028684306127377
164,N,D,N164D,0.0318849903124243
164,N,E,N164E,0.0257538144829256
164,N,F,N164F,0.0088164507144573
164,N,G,N164G,0.0177555098086704
164,N,H,N164H,0.0196317207556309
164,N,I,N164I,0.0222897493339792
164,N,K,N164K,0.0060252179704529
164,N,L,N164L,0.0090435032695553
164,N,M,N164M,0.0209736013562606
164,N,P,N164P,0.0193774218939196
164,N,Q,N164Q,0.0265553100024205
164,N,R,N164R,0.0194266166141909
164,N,S,N164S,0
164,N,T,N164T,0.0164976386534255
164,N,V,N164V,0.0210053887139743
164,N,W,N164W,0.0126006599660935
164,N,Y,N164Y,0.0258612860256721
165,T,A,T165A,0.0240047529668214
165,T,C,T165C,0.0264130237345604
165,T,D,T165D,0.0004321566965366
165,T,E,T165E,0.0114600992976507
165,T,F,T165F,0.0233780879147507
165,T,G,T165G,0.031567116735287
165,T,H,T165H,0.0173029183821748
165,T,I,T165I,0.0093167231775262
165,T,K,T165K,0.0064210462581739
165,T,L,T165L,0.0280334221361118
165,T,M,T165M,0
165,T,N,T165N,0.0328143921046258
165,T,P,T165P,0.0126907241462824
165,T,Q,T165Q,0.0172393436667488
165,T,R,T165R,0.0260830406878193
165,T,S,T165S,0.0148235044805037
165,T,V,T165V,0.028684306127393
165,T,W,T165W,0.0142513320416565
165,T,Y,T165Y,0.0165226144344877
166,N,A,N166A,0.0198602869944296
166,N,C,N166C,0.0058329801404684
166,N,D,N166D,0.0273129086945978
166,N,E,N166E,0
166,N,F,N166F,0.0074056975054492
166,N,G,N166G,0.0297590215548559
166,N,H,N166H,0.0182043170259128
166,N,I,N166I,0.0102506660208268
166,N,K,N166K,0.0347382840881569
166,N,L,N166L,0.0258189028820523
166,N,M,N166M,0.0395616372002906
166,N,P,N166P,0.0212127633809639
166,N,Q,N166Q,0.0113117582949866
166,N,R,N166R,0.0327508173891969
166,N,S,N166S,0.0362080709614919
166,N,T,N166T,0.0238443024945493
166,N,V,N166V,0.019067116735287
166,N,W,N166W,0.0062000484378784
166,N,Y,N166Y,0.009409814725115
167,K,A,K167A,0.0209160813756343
167,K,C,K167C,0.0290468333736968
167,K,D,K167D,0.0119429643981593
167,K,E,K167E,0.0311289053039477
167,K,F,K167F,0.0071453439089367
167,K,G,K167G,0.0093825684185018
167,K,H,K167H,0.0217970452894163
167,K,I,K167I,0
167,K,L,K167L,0.0186818842334691
167,K,M,K167M,0.0385671470089596
167,K,N,K167N,0.0076183700653911
167,K,P,K167P,0.0008650702349237
167,K,Q,K167Q,0.0104111164930976
167,K,R,K167R,0.0222503935577607
167,K,S,K167S,0.0244853475417777
167,K,T,K167T,0.0266211552434003
167,K,V,K167V,0.0283157241462824
167,K,W,K167W,0.0008567449745687
167,K,Y,K167Y,0.0318251998062471
168,K,A,K168A,0.0058700653911344
168,K,C,K168C,0.0334259203196886
168,K,D,K168D,0.0342251453136353
168,K,E,K168E,0.0381554250423832
168,K,F,K168F,0
168,K,G,K168G,0.015098238072171
168,K,H,K168H,0.0105004238314361
168,K,I,K168I,0.0604247396464035
168,K,L,K168L,0.0319281302978929
168,K,M,K168M,0.0266370489222558
168,K,N,K168N,0.0423748183579559
168,K,P,K168P,0.0201403184790492
168,K,Q,K168Q,0.0217599600387489
168,K,R,K168R,0.0282158210220392
168,K,S,K168S,0.0266960825865827
168,K,T,K168T,0.0353914386049891
168,K,V,K168V,0.0179916444659724
168,K,W,K168W,0.0248107895374168
168,K,Y,K168Y,0.0382863586824883
169,E,A,E169A,0.0023166929038522
169,E,C,E169C,0.0334259203196914
169,E,D,E169D,0.0343318600145328
169,E,F,E169F,0.0061924800193765
169,E,G,E169G,0.0119641559699685
169,E,H,E169H,0.0034012472753693
169,E,I,E169I,0.0204006720755645
169,E,K,E169K,0.0349403608621956
169,E,L,E169L,0.0339118127876013
169,E,M,E169M,0.0279115705982092
169,E,N,E169N,0.0049421772826364
169,E,P,E169P,0.0250560062969256
169,E,Q,E169Q,0.0189498062484877
169,E,R,E169R,0.0213747275369339
169,E,S,E169S,0.0480814059094212
169,E,T,E169T,0.0061190663598948
169,E,V,E169V,0.0367984076047483
169,E,W,E169W,0
169,E,Y,E169Y,0.004386655364495
170,N,A,N170A,0.0190262472753679
170,N,C,N170C,0.0300890046015984
170,N,D,N170D,0.0279335190118659
170,N,E,N170E,0.0310850084766287
170,N,F,N170F,0.0091820053281666
170,N,G,N170G,0.0280568842334692
170,N,H,N170H,0.0284663356744975
170,N,I,N170I,0.0429015802857835
170,N,K,N170K,0.0124765379026384
170,N,L,N170L,0.0257046197626544
170,N,M,N170M,0.0348707314119627
170,N,P,N170P,0
170,N,Q,N170Q,0.0097534209251634
170,N,R,N170R,0.0096542746427692
170,N,S,N170S,0.0345695083555326
170,N,T,N170T,0.0410132598692177
170,N,V,N170V,0.0098079135383856
170,N,W,N170W,0.0358372184548303
170,N,Y,N170Y,0.0288099418745459
171,F,A,F171A,0.0018345846451925
171,F,C,F171C,0.0135474691208511
171,F,D,F171D,0.0107471542746427
171,F,E,F171E,0.0044146585129557
171,F,G,F171G,0.0085954528941632
171,F,H,F171H,0.0271062908694585
171,F,I,F171I,0.0156605715669653
171,F,K,F171K,0.0108538689755374
171,F,L,F171L,0.0142036510050859
171,F,M,F171M,0.011312515136837
171,F,N,F171N,0.0179712097360121
171,F,P,F171P,0.0002853293775732
171,F,Q,F171Q,0.0125567631387745
171,F,R,F171R,0.0067169714216517
171,F,S,F171S,0.0193153608621942
171,F,T,F171T,0.0081784330346316
171,F,V,F171V,0
171,F,W,F171W,0.0048067025914265
171,F,Y,F171Y,0.0015030879147493
172,L,A,L172A,0.0256327197868747
172,L,C,L172C,0.0043344332768238
172,L,D,L172D,0.0291800375393558
172,L,E,L172E,0.0148923770888835
172,L,F,L172F,0.040869459917657
172,L,G,L172G,0.0255260050859772
172,L,H,L172H,0.0349683640106563
172,L,I,L172I,0.0367545107774294
172,L,K,L172K,0.0318017377088898
172,L,M,L172M,0
172,L,N,L172N,0.0298611952046514
172,L,P,L172P,0.0301972329861966
172,L,Q,L172Q,0.0094521978687347
172,L,R,L172R,0.0195999333979186
172,L,S,L172S,0.0147682550254299
172,L,T,L172T,0.0351515197384355
172,L,V,L172V,0.0404774158391877
172,L,W,L172W,0.0348699745701138
172,L,Y,L172Y,0.0134680007265696
173,D,A,D173A,0.0195522523613451
173,D,C,D173C,0.0302509687575684
173,D,E,D173E,0.0289022765802844
173,D,F,D173F,0.0221482199079666
173,D,G,D173G,0.0243052191813984
173,D,H,D173H,0.0212248728505677
173,D,I,D173I,0.0286525187696779
173,D,K,D173K,0.0154198958585614
173,D,L,D173L,0.0167095543715171
173,D,M,D173M,0.0375211915718092
173,D,N,D173N,0.0311629631872124
173,D,P,D173P,0.0272288992492115
173,D,Q,D173Q,0.0253814482925648
173,D,R,D173R,0.0159307641075321
173,D,S,D173S,0.0388237163962204
173,D,T,D173T,0.0325237648340989
173,D,V,D173V,0.0233334342455786
173,D,W,D173W,0
173,D,Y,D173Y,0.0375824957616856
174,A,C,A174C,0.0150619096633567
174,A,D,A174D,0.0318320113829
174,A,E,A174E,0.0391325078711538
174,A,F,A174F,0.0349070598207784
174,A,G,A174G,0.0419116311455558
174,A,H,A174H,0.0315814967304432
174,A,I,A174I,0.0196370186485832
174,A,K,A174K,0.0470051767982548
174,A,L,A174L,0.0281726810365692
174,A,M,A174M,0.0243862012593848
174,A,N,A174N,0.044937484863163
174,A,P,A174P,0.0223896524582209
174,A,Q,A174Q,0.0404622790021783
174,A,R,A174R,0.0477287176071688
174,A,S,A174S,0.0405364495035103
174,A,T,A174T,0.0496609348510535
174,A,V,A174V,0.0327644405425042
174,A,W,A174W,0
174,A,Y,A174Y,0.0429220150157409
175,A,C,A175C,0.0353316480988133
175,A,D,A175D,0.0283361588762426
175,A,E,A175E,0.0169941269072428
175,A,F,A175F,0.0230072354080905
175,A,G,A175G,0.0238783603778154
175,A,H,A175H,0.0292277185759278
175,A,I,A175I,0.0004276156454361
175,A,K,A175K,0.0355904880116251
175,A,L,A175L,0.0318547166384112
175,A,M,A175M,0.0161752240251891
175,A,N,A175N,0.0139675163477853
175,A,P,A175P,0.0331943267134914
175,A,Q,A175Q,0.0339572232986209
175,A,R,A175R,0.0296878784209266
175,A,S,A175S,0
175,A,T,A175T,0.0179197444901927
175,A,V,A175V,0.0256137987406151
175,A,W,A175W,0.0248297105836778
175,A,Y,A175Y,0.0157354989101477
176,N,A,N176A,0.0370383264713006
176,N,C,N176C,0.0230155606684427
176,N,D,N176D,0.0239215003632827
176,N,E,N176E,0.0296750121094696
176,N,F,N176F,0.017921258173892
176,N,G,N176G,0.0108561395010898
176,N,H,N176H,0.0327720089610075
176,N,I,N176I,0.0213550496488254
176,N,K,N176K,0.0182709191087416
176,N,L,N176L,0.0010512533301041
176,N,M,N176M,0.0177812424315815
176,N,P,N176P,0.0071105291838217
176,N,Q,N176Q,0.0092622305643012
176,N,R,N176R,0.0124462642286253
176,N,S,N176S,0.0034163841123744
176,N,T,N176T,0.0285927282635021
176,N,V,N176V,0.0170372668927101
176,N,W,N176W,0
176,N,Y,N176Y,0.0133711249697263
177,L,A,L177A,0.017908391862435
177,L,C,L177C,0.0204460825865827
177,L,D,L177D,0.0114896161298135
177,L,E,L177E,0.0113117582949866
177,L,F,L177F,0.0449162932913524
177,L,G,L177G,0.0209910087188181
177,L,H,L177H,0.0303955255509809
177,L,I,L177I,0.0129798377331058
177,L,K,L177K,0.0097730988132719
177,L,M,L177M,0.0356078953741826
177,L,N,L177N,0.0059010959069978
177,L,P,L177P,0.0240872487285057
177,L,Q,L177Q,0
177,L,R,L177R,0.0184782937757326
177,L,S,L177S,0.0145366614192284
177,L,T,L177T,0.0192404335190118
177,L,V,L177V,0.0092697989828045
177,L,W,L177W,0.0005759566480974
177,L,Y,L177Y,0.0292814543472982
178,I,A,I178A,0.0242166686849116
178,I,C,I178C,0.020105503753937
178,I,D,I178D,0.0214277064664582
178,I,E,I178E,0.0302093424558004
178,I,F,I178F,0.0376793715185289
178,I,G,I178G,0.0083010414143874
178,I,H,I178H,0.0067033482683472
178,I,K,I178K,0.0237890530394783
178,I,L,I178L,0.0005358440300314
178,I,M,I178M,0.0069084524097844
178,I,N,I178N,0.0300224025187697
178,I,P,I178P,0.0145631508839927
178,I,Q,I178Q,0.0051026277549057
178,I,R,I178R,0.0416467364979428
178,I,S,I178S,0.0192094030031484
178,I,T,I178T,0.0317275672075563
178,I,V,I178V,0.0318297408573519
178,I,W,I178W,0
178,I,Y,I178Y,0.004508506902399
179,N,A,N179A,0.0045281847905061
179,N,C,N179C,0.0008491765560668
179,N,D,N179D,0.013239434487768
179,N,E,N179E,0.0099025187696779
179,N,F,N179F,0.0038016166141923
179,N,G,N179G,0.0090230685395979
179,N,H,N179H,0.0035064482925647
179,N,I,N179I,0.0141907846936304
179,N,K,N179K,0.0014274037297166
179,N,L,N179L,0.0042140954226204
179,N,M,N179M,0.0044101174618551
179,N,P,N179P,0.0119762654395737
179,N,Q,N179Q,0.0106722269314604
179,N,R,N179R,0
179,N,S,N179S,0.0140454710583662
179,N,T,N179T,0.0214473843545653
179,N,V,N179V,0.0161933882295941
179,N,W,N179W,0.001806581496729
179,N,Y,N179Y,0.0137760353596498
180,D,A,D180A,0.034816238798742
180,D,C,D180C,0.038100932429161
180,D,E,D180E,0.0305294865584901
180,D,F,D180F,0.0001914809881327
180,D,G,D180G,0.0302767013804809
180,D,H,D180H,0.0118862012593862
180,D,I,D180I,0.0142134899491402
180,D,K,D180K,0.0319894344877694
180,D,L,D180L,0
180,D,M,D180M,0.0142573867764592
180,D,N,D180N,0.0428319508355548
180,D,P,D180P,0.0083714277064664
180,D,Q,D180Q,0.0513721542746428
180,D,R,D180R,0.0269185940905802
180,D,S,D180S,0.0392218152094952
180,D,T,D180T,0.030145767740373
180,D,V,D180V,0.0293109711794637
180,D,W,D180W,0.0191390167110694
180,D,Y,D180Y,0.0117741886655378
181,D,A,D181A,0.0334970634536207
181,D,C,D181C,0
181,D,E,D181E,0.0291414386049891
181,D,F,D181F,0.0186606926616614
181,D,G,D181G,0.0198292564785662
181,D,H,D181H,0.0131206103172681
181,D,I,D181I,0.018880933640108
181,D,K,D181K,0.0073807217243884
181,D,L,D181L,0.0170675405667232
181,D,M,D181M,0.0218954347299602
181,D,N,D181N,0.0242302918382189
181,D,P,D181P,0.0246707737951078
181,D,Q,D181Q,0.0435343000726568
181,D,R,D181R,0.0299368793896827
181,D,S,D181S,0.0222685577621714
181,D,T,D181T,0.0166323565027852
181,D,V,D181V,0.0431573928311954
181,D,W,D181W,0.0099161419229837
181,D,Y,D181Y,0.0237269920077515
182,S,A,S182A,0.0165619702107033
182,S,C,S182C,0.0210765318479036
182,S,D,S182D,0.0133173891983531
182,S,E,S182E,0.0142944720271252
182,S,F,S182F,0.0205974509566467
182,S,G,S182G,0.0333623456042625
182,S,H,S182H,0.0169191995640577
182,S,I,S182I,0.0269973056430128
182,S,K,S182K,0.0230579438120596
182,S,L,S182L,0.0061304189876469
182,S,M,S182M,0.0283679462339549
182,S,N,S182N,0.0241175224025188
182,S,P,S182P,0
182,S,Q,S182Q,0.0258832344393315
182,S,R,S182R,0.0205505267619278
182,S,T,S182T,0.0293079438120596
182,S,V,S182V,0.0351583313150884
182,S,W,S182W,0.0193683397917157
182,S,Y,S182Y,0.0188847178493582
183,G,A,G183A,0.0119452349237117
183,G,C,G183C,0.0188256841850327
183,G,D,G183D,0.0318244429643982
183,G,E,G183E,0.0177524824412705
183,G,F,G183F,0.014472329861952
183,G,H,G183H,0.0263857774279486
183,G,I,G183I,0.0267210583676449
183,G,K,G183K,0.0360075078711567
183,G,L,G183L,0.0234348510535238
183,G,M,G183M,0.0293071869702107
183,G,N,G183N,0.0135565512230564
183,G,P,G183P,0.0299671530636972
183,G,Q,G183Q,0.0290627270525551
183,G,R,G183R,0.0366493097602339
183,G,S,G183S,0
183,G,T,G183T,0.0325010595785905
183,G,V,G183V,0.0316564240736256
183,G,W,G183W,0.0189104504722707
183,G,Y,G183Y,0.0215018769677888
184,L,A,L184A,0.0237459130540096
184,L,C,L184C,0.0254071809154759
184,L,D,L184D,0.0107365584887396
184,L,E,L184E,0.0568282271736512
184,L,F,L184F,0.0445636049891029
184,L,G,L184G,0.0211991402276594
184,L,H,L184H,0.0099940966335674
184,L,I,L184I,0.0143618309518043
184,L,K,L184K,0.0326774037297166
184,L,M,L184M,0.0350243703075819
184,L,N,L184N,0.0084546803100038
184,L,P,L184P,0.0195113829014303
184,L,Q,L184Q,0.0123879874061516
184,L,R,L184R,0.0445567934124486
184,L,S,L184S,0.0300693267134899
184,L,T,L184T,0.0377187272947459
184,L,V,L184V,0
184,L,W,L184W,0.0172771857592637
184,L,Y,L184Y,0.0226583313150884
185,N,A,N185A,0.0295826774037311
185,N,C,N185C,0.0066617219665778
185,N,D,N185D,0.0064967304432065
185,N,E,N185E,0
185,N,F,N185F,0.0110567025914279
185,N,G,N185G,0.0195514955194976
185,N,H,N185H,0.0142028941632356
185,N,I,N185I,0.002048770888835
185,N,K,N185K,0.0006539113586839
185,N,L,N185L,0.0122858137563588
185,N,M,N185M,0.0013388532332297
185,N,P,N185P,0.0125491947202712
185,N,Q,N185Q,0.0303493581981109
185,N,R,N185R,0.0008400944538643
185,N,S,N185S,0.0210296076531848
185,N,T,N185T,0.0289015197384369
185,N,V,N185V,0.0028971906030515
185,N,W,N185W,0.0071377754904349
185,N,Y,N185Y,0.0038394587067086
186,N,A,N186A,0.0139834100266394
186,N,C,N186C,0.0180809518043109
186,N,D,N186D,0.0370231896342926
186,N,E,N186E,0.0297037720997806
186,N,F,N186F,0.0202636837006525
186,N,G,N186G,0.0149355170743507
186,N,H,N186H,0.0310759263744234
186,N,I,N186I,0.0092228747880828
186,N,K,N186K,0.0200040869459903
186,N,L,N186L,0
186,N,M,N186M,0.0065724146282392
186,N,P,N186P,0.0091593000726554
186,N,Q,N186Q,0.0168692480019375
186,N,R,N186R,0.0343863526277549
186,N,S,N186S,0.031085765318479
186,N,T,N186T,0.030406121336884
186,N,V,N186V,0.0216540021797045
186,N,W,N186W,0.0040899733591668
186,N,Y,N186Y,0.0432186970210691
187,L,A,L187A,0.01185517074352
187,L,C,L187C,0.0127187272947445
187,L,D,L187D,0.026263925890046
187,L,E,L187E,0.0311478263502059
187,L,F,L187F,0.0103664628239269
187,L,G,L187G,0.0295569447808172
187,L,H,L187H,0.0211726507628952
187,L,I,L187I,0.0143239888592879
187,L,K,L187K,0.011428311939937
187,L,M,L187M,0.0294252542988617
187,L,N,L187N,0.0176540930007251
187,L,P,L187P,0.0123191147977718
187,L,Q,L187Q,0.009208494792928
187,L,R,L187R,0
187,L,S,L187S,0.0080520404456284
187,L,T,L187T,0.0163924376362315
187,L,V,L187V,0.0324533785420185
187,L,W,L187W,0.0171318721239995
187,L,Y,L187Y,0.0350939997578092
188,K,A,K188A,0.0240970876725613
188,K,C,K188C,0.0108470573988873
188,K,D,K188D,0.0172522099782043
188,K,E,K188E,0.0158225357229367
188,K,F,K188F,0.0320810123516604
188,K,G,K188G,0.0327553584403017
188,K,H,K188H,0.0164862860256735
188,K,I,K188I,0.0139947626543957
188,K,L,K188L,0.0207609287963187
188,K,M,K188M,0.0062280515863419
188,K,N,K188N,0.0236808246548801
188,K,P,K188P,0.009063937999517
188,K,Q,K188Q,0.0179212581738934
188,K,R,K188R,0.0311145253087929
188,K,S,K188S,0.0452863889561651
188,K,T,K188T,0.0245012412206359
188,K,V,K188V,0.0443410934851054
188,K,W,K188W,0.0059684548316797
188,K,Y,K188Y,0
189,K,A,K189A,0.0157445810123516
189,K,C,K189C,0.0272780939694841
189,K,D,K189D,0.0254351840639394
189,K,E,K189E,0.0024703317994685
189,K,F,K189F,0.0095566420440784
189,K,G,K189G,0.0298929825623638
189,K,H,K189H,0.01155092031969
189,K,I,K189I,0.0015424436909663
189,K,L,K189L,0.0202432489706965
189,K,M,K189M,0.0165551586340532
189,K,N,K189N,0.0398325865827077
189,K,P,K189P,0.0284739040930021
189,K,Q,K189Q,0.0254321566965367
189,K,R,K189R,0.0555612739162039
189,K,S,K189S,0.0229254964882552
189,K,T,K189T,0.0237686183095194
189,K,V,K189V,0.040517528457255
189,K,W,K189W,0
189,K,Y,K189Y,0.0191919956405923
190,F,A,F190A,0.0318032513925904
190,F,C,F190C,0.0186236074109968
190,F,D,F190D,0.0250333010414144
190,F,E,F190E,0.0338399128118203
190,F,G,F190G,0.0343999757810622
190,F,H,F190H,0.0250953620731412
190,F,I,F190I,0.0414719060305173
190,F,K,F190K,0.0310630600629692
190,F,L,F190L,0.0102892649551963
190,F,M,F190M,0.0293760595785904
190,F,N,F190N,0
190,F,P,F190P,0.0173445446839428
190,F,Q,F190Q,0.0279327621700184
190,F,R,F190R,0.0193607713732152
190,F,S,F190S,0.0230761080164703
190,F,T,F190T,0.0356048680067827
190,F,V,F190V,0.0221421651731654
190,F,W,F190W,0.0201721058367657
190,F,Y,F190Y,0.0422348026156469
191,S,A,S191A,0.009921439815936
191,S,C,S191C,0.0059215306369595
191,S,D,S191D,0.0412335008476643
191,S,E,S191E,0.0465926979898281
191,S,F,S191F,0
191,S,G,S191G,0.0394632477597481
191,S,H,S191H,0.0370511927827561
191,S,I,S191I,0.0039287660450486
191,S,K,S191K,0.0257598692177283
191,S,L,S191L,0.005348601356262
191,S,M,S191M,0.0247835432308079
191,S,N,S191N,0.0255630903366432
191,S,P,S191P,0.0501695325744747
191,S,Q,S191Q,0.020816178251394
191,S,R,S191R,0.0486808246548816
191,S,T,S191T,0.0332056793412463
191,S,V,S191V,0.032522251150401
191,S,W,S191W,0.0250121094696066
191,S,Y,S191Y,0.0236823383385822
192,T,A,T192A,0.0266082889319434
192,T,C,T192C,0.0231608743037055
192,T,D,T192D,0.0242257507871141
192,T,E,T192E,0.0197868733349465
192,T,F,T192F,0.0112428856866055
192,T,G,T192G,0.0136556975054492
192,T,H,T192H,0.0192691935093229
192,T,I,T192I,0.0135671470089596
192,T,K,T192K,0.0293828711552434
192,T,L,T192L,0.0349267377088884
192,T,M,T192M,0.0231941753451185
192,T,N,T192N,0
192,T,P,T192P,0.0331738919835311
192,T,Q,T192Q,0.0181354444175345
192,T,R,T192R,0.0182936243642528
192,T,S,T192S,0.0232388290142892
192,T,V,T192V,0.0212135202228128
192,T,W,T192W,0.0169426616614192
192,T,Y,T192Y,0.0311743158149673
193,V,A,V193A,0
193,V,C,V193C,0.005845846451924
193,V,D,V193D,0.0363465730201003
193,V,E,V193E,0.0429136897553887
193,V,F,V193F,0.0070204650036314
193,V,G,V193G,0.0284708767255994
193,V,H,V193H,0.0448050375393544
193,V,I,V193I,0.0210757750060533
193,V,K,V193K,0.028665385081132
193,V,L,V193L,0.016687605957859
193,V,M,V193M,0.0135383870186486
193,V,N,V193N,0.0436054432065862
193,V,P,V193P,0.0296364131751015
193,V,Q,V193Q,0.0276724085735045
193,V,R,V193R,0.0323935880358426
193,V,S,V193S,0.020711734076046
193,V,T,V193T,0.0412183640106549
193,V,W,V193W,0.0196218818115766
193,V,Y,V193Y,0.025666777670138
194,N,A,N194A,0.0134664870428689
194,N,C,N194C,0.0332261140712037
194,N,D,N194D,0.0017952288689755
194,N,E,N194E,0.0266998667958357
194,N,F,N194F,0.0211703802373456
194,N,G,N194G,0.0161661419229837
194,N,H,N194H,0.0191223661903608
194,N,I,N194I,0.0181081981109227
194,N,K,N194K,0.0264099963671605
194,N,L,N194L,0.0314929462339549
194,N,M,N194M,0.0050451077742794
194,N,P,N194P,0.0137601416807944
194,N,Q,N194Q,0.0335031181884233
194,N,R,N194R,0.0083895919108743
194,N,S,N194S,0.0267853899249227
194,N,T,N194T,0.0133968575926374
194,N,V,N194V,0.0195953923468166
194,N,W,N194W,0.0032710704771145
194,N,Y,N194Y,0
195,N,A,N195A,0.0087127633809625
195,N,C,N195C,0.0262646827318963
195,N,D,N195D,0.0424172015015728
195,N,E,N195E,0.0024461128602567
195,N,F,N195F,0.0057989222572051
195,N,G,N195G,0.0228142407362557
195,N,H,N195H,0.0145412024703318
195,N,I,N195I,0.0049096330830695
195,N,K,N195K,0.0213262896585115
195,N,L,N195L,0.0028661600871881
195,N,M,N195M,0
195,N,P,N195P,0.0147508476628709
195,N,Q,N195Q,0.019371367159117
195,N,R,N195R,0.0210606381690482
195,N,S,N195S,0.0305029970937259
195,N,T,N195T,0.005642255994186
195,N,V,N195V,0.0284511988374895
195,N,W,N195W,0.0033967062242659
195,N,Y,N195Y,0.021675950593364
196,V,A,V196A,0.0208615887624108
196,V,C,V196C,0.0319697565996595
196,V,D,V196D,0
196,V,E,V196E,0.022664386049891
196,V,F,V196F,0.0037516650520707
196,V,G,V196G,0.0120610317268103
196,V,H,V196H,0.0307572959554357
196,V,I,V196I,0.0313786631145542
196,V,K,V196K,0.036430582465488
196,V,L,V196L,0.0212559033664325
196,V,M,V196M,0.0333456950835539
196,V,N,V196N,0.0085538265923938
196,V,P,V196P,0.0060494369096619
196,V,Q,V196Q,0.0109696657786375
196,V,R,V196R,0.025737163962217
196,V,S,V196S,0.0203143921046244
196,V,T,V196T,0.0218961915718091
196,V,W,V196W,0.003678251392589
196,V,Y,V196Y,0.0303864434487769
197,N,A,N197A,0
197,N,C,N197C,0.0020404456284828
197,N,D,N197D,0.0342433095180431
197,N,E,N197E,0.0017755509808684
197,N,F,N197F,0.0061470695083569
197,N,G,N197G,0.0125242189392104
197,N,H,N197H,0.026659754177767
197,N,I,N197I,0.020573232017439
197,N,K,N197K,0.0161918745458963
197,N,L,N197L,0.0227060123516604
197,N,M,N197M,0.0158467546621472
197,N,P,N197P,0.0295743521433761
197,N,Q,N197Q,0.0222609893436667
197,N,R,N197R,0.0077530879147507
197,N,S,N197S,0.0401512170016967
197,N,T,N197T,0.0017952288689769
197,N,V,N197V,0.0085008476628723
197,N,W,N197W,0.0264909784451455
197,N,Y,N197Y,0.0016680794381206
198,D,A,D198A,0.0369263138774508
198,D,C,D198C,0.0219938241705013
198,D,E,D198E,0.0221005388713974
198,D,F,D198F,0.0029161116493097
198,D,G,D198G,0.001372911116493
198,D,H,D198H,0.0228006175829499
198,D,I,D198I,0.0094885262775476
198,D,K,D198K,0.0252845725357229
198,D,L,D198L,0.0073224449019118
198,D,M,D198M,0.0207200593363996
198,D,N,D198N,0.0046152216032923
198,D,P,D198P,0
198,D,Q,D198Q,0.0112012593848389
198,D,R,D198R,0.0164900702349237
198,D,S,D198S,0.0074185638169048
198,D,T,D198T,0.0119861043836266
198,D,V,D198V,0.0255638471784936
198,D,W,D198W,0.0066927524824412
198,D,Y,D198Y,0.0046780394768695
199,T,A,T199A,0.0037100387503027
199,T,C,T199C,0.0005063271978687
199,T,D,T199D,0.0174754783240494
199,T,E,T199E,0.0030122305642998
199,T,F,T199F,0.0119967001695325
199,T,G,T199G,0.0252633809639138
199,T,H,T199H,0.0407256599660935
199,T,I,T199I,0.0203037963187212
199,T,K,T199K,0.0232123395495263
199,T,L,T199L,0.0279335190118673
199,T,M,T199M,0.0467864495035104
199,T,N,T199N,0.0269609772341971
199,T,P,T199P,0.0162062545410497
199,T,Q,T199Q,0
199,T,R,T199R,0.0196877270525537
199,T,S,T199S,0.0174383930733834
199,T,V,T199V,0.0227658028578348
199,T,W,T199W,0.0062848147251136
199,T,Y,T199Y,0.0233924679099055
200,Y,A,Y200A,0.0301836098328893
200,Y,C,Y200C,0.0270283361588762
200,Y,D,Y200D,0.0182239949140227
200,Y,E,Y200E,0
200,Y,F,Y200F,0.0175133204165643
200,Y,G,Y200G,0.0331708646161298
200,Y,H,Y200H,0.009692116735287
200,Y,I,Y200I,0.0197255691450714
200,Y,K,Y200K,0.0088134233470574
200,Y,L,Y200L,0.0168594090578832
200,Y,M,Y200M,0.0011488859287963
200,Y,N,Y200N,0.0135709312182112
200,Y,P,Y200P,0.0085795592153063
200,Y,Q,Y200Q,0.0187144284330332
200,Y,R,Y200R,0.0281984136594803
200,Y,S,Y200S,0.0007863586824897
200,Y,T,Y200T,0.0248191147977718
200,Y,V,Y200V,0.0025581254541051
200,Y,W,Y200W,0.0081542140954226
201,E,A,E201A,0.0134089670622426
201,E,C,E201C,0.0181081981109227
201,E,D,E201D,0.0221285420198581
201,E,F,E201F,0.009289476870913
201,E,G,E201G,0.0251180673286496
201,E,H,E201H,0.0303652518769664
201,E,I,E201I,0.0152102506660208
201,E,K,E201K,0.0326153426979884
201,E,L,E201L,0.0188514168079438
201,E,M,E201M,0.0100902155485575
201,E,N,E201N,0.0153616190360848
201,E,P,E201P,0.0061152821506418
201,E,Q,E201Q,0.0303175708403972
201,E,R,E201R,0.0187923831436183
201,E,S,E201S,0.0155924558004359
201,E,T,E201T,0.0112042867522388
201,E,V,E201V,0.0066950230079908
201,E,W,E201W,0
201,E,Y,E201Y,0.0098593787842092
202,K,A,K202A,0
202,K,C,K202C,0.015666626301768
202,K,D,K202D,0.0161896040203439
202,K,E,K202E,0.0319069387260852
202,K,F,K202F,0.0219120852506674
202,K,G,K202G,0.0205550678130298
202,K,H,K202H,0.0319409966093485
202,K,I,K202I,0.0251248789053039
202,K,L,K202L,0.0162123092758537
202,K,M,K202M,0.0156734378784209
202,K,N,K202N,0.0321059881327198
202,K,P,K202P,0.0335349055461371
202,K,Q,K202Q,0.0169676374424814
202,K,R,K202R,0.0342100084766287
202,K,S,K202S,0.0248244126907241
202,K,T,K202T,0.0164393618309532
202,K,V,K202V,0.0338853233228385
202,K,W,K202W,0.0249243158149673
202,K,Y,K202Y,0.0339791717122804
203,K,A,K203A,0.0005895798014032
203,K,C,K203C,0.0125650883991267
203,K,D,K203D,0.0252550557035602
203,K,E,K203E,0.0245337854201972
203,K,F,K203F,0.0143845362073127
203,K,G,K203G,0.0224827440058125
203,K,H,K203H,0.0221777367401294
203,K,I,K203I,0.0130865524340019
203,K,L,K203L,0.0191473419714216
203,K,M,K203M,0.0381160692661661
203,K,N,K203N,0.0174580709614919
203,K,P,K203P,0.0245799527730685
203,K,Q,K203Q,0.0119891317510293
203,K,R,K203R,0.0249674558004359
203,K,S,K203S,0.0207079498667944
203,K,T,K203T,0.0115554613707905
203,K,V,K203V,0.0060168927100993
203,K,W,K203W,0.0352067691935093
203,K,Y,K203Y,0
204,I,A,I204A,0.0193781787357714
204,I,C,I204C,0.0205777730685396
204,I,D,I204D,0.0242734318236847
204,I,E,I204E,0.0281310547348026
204,I,F,I204F,0.0296999878905304
204,I,G,I204G,0.0097973177524824
204,I,H,I204H,0.025273219907968
204,I,K,I204K,0.0210137139743265
204,I,L,I204L,0.0277147917171228
204,I,M,I204M,0.0278184790506176
204,I,N,I204N,0.0214496548801148
204,I,P,I204P,0.0216978990070235
204,I,Q,I204Q,0
204,I,R,I204R,0.0143762109469591
204,I,S,I204S,0.0286744671833374
204,I,T,I204T,0.0321476144344878
204,I,V,I204V,0.0321794017922015
204,I,W,I204W,0.0234318236861225
204,I,Y,I204Y,0.0283861104383628
205,I,A,I205A,0.0148492371034148
205,I,C,I205C,0.0025172559941874
205,I,D,I205D,0.0258612860256735
205,I,E,I205E,0.0066700472269328
205,I,F,I205F,0.0168412448534754
205,I,G,I205G,0.004906605715671
205,I,H,I205H,0.0035344514410282
205,I,K,I205K,0.0037009566481002
205,I,L,I205L,0.0278252906272719
205,I,M,I205M,0.0087112496972632
205,I,N,I205N,0.0107115827076788
205,I,P,I205P,0.0112436425284572
205,I,Q,I205Q,0.0117862981351416
205,I,R,I205R,0
205,I,S,I205S,0.0127588399128118
205,I,T,I205T,0.0178728202954724
205,I,V,I205V,0.0166429522886911
205,I,W,I205W,0.0094325199806262
205,I,Y,I205Y,0.0114358803584403
206,E,A,E206A,0.0200661479777186
206,E,C,E206C,0.019344120852508
206,E,D,E206D,0.0402465790748365
206,E,F,E206F,0.0458593182368627
206,E,G,E206G,0.0283641620247047
206,E,H,E206H,0.0170682974085749
206,E,I,E206I,0.0287395555824669
206,E,K,E206K,0.0185380842819098
206,E,L,E206L,0
206,E,M,E206M,0.0628209009445387
206,E,N,E206N,0.0493544139016711
206,E,P,E206P,0.0212233591668699
206,E,Q,E206Q,0.0264236195204664
206,E,R,E206R,0.0457851477355306
206,E,S,E206S,0.0242832707677418
206,E,T,E206T,0.0217069811092274
206,E,V,E206V,0.0361104383628011
206,E,W,E206W,0.0162887503027367
206,E,Y,E206Y,0.0297658331315088
207,T,A,T207A,0.0292413417292323
207,T,C,T207C,0.0259717849358184
207,T,D,T207D,0.0483235953015244
207,T,E,T207E,0.0033618914991523
207,T,F,T207F,0.0346224872850569
207,T,G,T207G,0.0301003572293533
207,T,H,T207H,0.0350939997578106
207,T,I,T207I,0.0261708343424558
207,T,K,T207K,0.0579680310002408
207,T,L,T207L,0.0201039900702335
207,T,M,T207M,0.0164772039234681
207,T,N,T207N,0.0118294381206089
207,T,P,T207P,0
207,T,Q,T207Q,0.0363306793412449
207,T,R,T207R,0.029275399612497
207,T,S,T207S,0.0465677222087673
207,T,V,T207V,0.0194334281908438
207,T,W,T207W,0.0186447989828031
207,T,Y,T207Y,0.0304318539597966
208,E,A,E208A,0.0097950472269314
208,E,C,E208C,0
208,E,D,E208D,0.0234439331557278
208,E,F,E208F,0.0048839004601584
208,E,G,E208G,0.0293904395737453
208,E,H,E208H,0.0238268951319932
208,E,I,E208I,0.0151640833131494
208,E,K,E208K,0.0290914870428675
208,E,L,E208L,0.0015886110438348
208,E,M,E208M,0.0303766045047227
208,E,N,E208N,0.0332624424800194
208,E,P,E208P,0.0131153124243144
208,E,Q,E208Q,0.0078651005085977
208,E,R,E208R,0.0189959736013548
208,E,S,E208S,0.0079536510050845
208,E,T,E208T,0.0277427948655835
208,E,V,E208V,0.0229133870186472
208,E,W,E208W,0.000946809154759
208,E,Y,E208Y,0.0101553039476856
209,L,A,L209A,0.0009294017922015
209,L,C,L209C,0.0229769617340746
209,L,D,L209D,0.0299172015015742
209,L,E,L209E,0.0069856502785164
209,L,F,L209F,0.0134021554855897
209,L,G,L209G,0.0143625877936546
209,L,H,L209H,0.0087793654637926
209,L,I,L209I,0.0409875272463052
209,L,K,L209K,0.0167844817146995
209,L,M,L209M,0.0297340457737951
209,L,N,L209N,0.0302910813756343
209,L,P,L209P,0.0013441511261792
209,L,Q,L209Q,0.0197906575441981
209,L,R,L209R,0
209,L,S,L209S,0.0183988253814483
209,L,T,L209T,0.0305181339307324
209,L,V,L209V,0.0297514531363526
209,L,W,L209W,0.0019132961976265
209,L,Y,L209Y,0.0141166141922983
210,S,A,S210A,0.0126082283845967
210,S,C,S210C,0.0182065875514652
210,S,D,S210D,0.0034269798982804
210,S,E,S210E,0.0115055098086718
210,S,F,S210F,0.0023734560426253
210,S,G,S210G,0.0072361649309774
210,S,H,S210H,0.0032635020586112
210,S,I,S210I,0.0092016832162751
210,S,K,S210K,0.0128178735771373
210,S,L,S210L,0.0267959857108273
210,S,M,S210M,0.0206163720029063
210,S,N,S210N,0.000753814482927
210,S,P,S210P,0.0144927645919123
210,S,Q,S210Q,0
210,S,R,S210R,0.0109499878905318
210,S,T,S210T,0.0040861891499166
210,S,V,S210V,0.0062272947444916
210,S,W,S210W,0.0127187272947445
210,S,Y,S210Y,0.0122880842819084
211,D,A,D211A,0
211,D,C,D211C,0.0331443751513684
211,D,E,D211E,0.0272690118672788
211,D,F,D211F,0.0078401247275369
211,D,G,D211G,0.0259271312666491
211,D,H,D211H,0.021424679099054
211,D,I,D211I,0.0320598207798484
211,D,K,D211K,0.0306498244126907
211,D,L,D211L,0.0300201319932187
211,D,M,D211M,0.0222564482925634
211,D,N,D211N,0.0040892165173165
211,D,P,D211P,0.0319742976507615
211,D,Q,D211Q,0.0124492915960281
211,D,R,D211R,0.0318630418987634
211,D,S,D211S,0.0071733470573974
211,D,T,D211T,0.0204097541777656
211,D,V,D211V,0.0197149733591654
211,D,W,D211W,0.0181846391378043
211,D,Y,D211Y,0.0086196718333723
212,A,C,A212C,0.0139198353112133
212,A,D,A212D,0.0461582707677404
212,A,E,A212E,0.0267884172923226
212,A,F,A212F,0.0087014107532076
212,A,G,A212G,0.0111596330830709
212,A,H,A212H,0.0400906696536678
212,A,I,A212I,0.027807883264713
212,A,K,A212K,0.0023590760474677
212,A,L,A212L,0.0220861588762398
212,A,M,A212M,0.0281113768466941
212,A,N,A212N,0.0074980322111891
212,A,P,A212P,0.0203317994671819
212,A,Q,A212Q,0.0077091910874303
212,A,R,A212R,0.024291596028094
212,A,S,A212S,0.0243279244369096
212,A,T,A212T,0.0288863829014289
212,A,V,A212V,0.0220263683700654
212,A,W,A212W,0
212,A,Y,A212Y,0.0148288023734546
213,S,A,S213A,0.0463868370065377
213,S,C,S213C,0.02752633809639
213,S,D,S213D,0.0156454347299588
213,S,E,S213E,0.0504276156454333
213,S,F,S213F,0.0239858319205619
213,S,G,S213G,0.0175193751513669
213,S,H,S213H,0.0454052131266651
213,S,I,S213I,0.0204430552191814
213,S,K,S213K,0.0422219363041885
213,S,L,S213L,0.0422416141922984
213,S,M,S213M,0.0218946778881085
213,S,N,S213N,0.022504692419472
213,S,P,S213P,0.0161464640348752
213,S,Q,S213Q,0
213,S,R,S213R,0.0156295410511019
213,S,T,S213T,0.0270964519254042
213,S,V,S213V,0.0192010777427948
213,S,W,S213W,0.0359060910632114
213,S,Y,S213Y,0.022115675708404
214,D,A,D214A,0.0382969544683943
214,D,C,D214C,0.0319008839912826
214,D,E,D214E,0.0059624000968757
214,D,F,D214F,0.0068955860983289
214,D,G,D214G,0.0385399007023507
214,D,H,D214H,0.006120580043594
214,D,I,D214I,0.0314785662388001
214,D,K,D214K,0.017330164688788
214,D,L,D214L,0.0321801586340532
214,D,M,D214M,0.0171008416081375
214,D,N,D214N,0
214,D,P,D214P,0.0117348328893208
214,D,Q,D214Q,0.0163508113344635
214,D,R,D214R,0.0289552555098101
214,D,S,D214S,0.0103437575684199
214,D,T,D214T,0.0287872366190361
214,D,V,D214V,0.0238246246064422
214,D,W,D214W,0.0208979171712293
214,D,Y,D214Y,0.020562636231533
215,F,A,F215A,0.0407566904819569
215,F,C,F215C,0.0395593666747382
215,F,D,F215D,0.0310161358682476
215,F,E,F215E,0.0318842334705726
215,F,G,F215G,0.0215412327440058
215,F,H,F215H,0.0162229050617583
215,F,I,F215I,0.0216320537660436
215,F,K,F215K,0.021000090821022
215,F,L,F215L,0.0197967122790008
215,F,M,F215M,0.0206451319932187
215,F,N,F215N,0.0173021615403245
215,F,P,F215P,0.0215283664325502
215,F,Q,F215Q,0.0221815209493824
215,F,R,F215R,0
215,F,S,F215S,0.0420546742552676
215,F,T,F215T,0.0262949564059094
215,F,V,F215V,0.0245511927827561
215,F,W,F215W,0.0366319023976736
215,F,Y,F215Y,0.0258892891741342
216,E,A,E216A,0.0043972511503996
216,E,C,E216C,0.0164900702349237
216,E,D,E216D,0.0145866129813528
216,E,F,E216F,0.0096285420198609
216,E,G,E216G,0.0231041111649324
216,E,H,E216H,0.020256115282152
216,E,I,E216I,0.0221247578106079
216,E,K,E216K,0.0384142649551964
216,E,L,E216L,0.0037925345119897
216,E,M,E216M,0.0114426919350946
216,E,N,E216N,0.0461749212884476
216,E,P,E216P,0.0175466214579815
216,E,Q,E216Q,0.0202810910632128
216,E,R,E216R,0.0148144223783012
216,E,S,E216S,0.0094665778638895
216,E,T,E216T,0.0157438241705027
216,E,V,E216V,0.0197626543957374
216,E,W,E216W,0
216,E,Y,E216Y,0.0151375938483894
217,N,A,N217A,0.0313650399612483
217,N,C,N217C,0.0255971482199065
217,N,D,N217D,0
217,N,E,N217E,0.0218848389440542
217,N,F,N217F,0.026734681520948
217,N,G,N217G,0.0276466759505934
217,N,H,N217H,0.0186485831920562
217,N,I,N217I,0.0371579074836522
217,N,K,N217K,0.0305317570840397
217,N,L,N217L,0.023182822717365
217,N,M,N217M,0.0355163175102916
217,N,P,N217P,0.0116977476386534
217,N,Q,N217Q,0.0356230322111877
217,N,R,N217R,0.0473934366674726
217,N,S,N217S,0.0217349842576895
217,N,T,N217T,0.0262745216759506
217,N,V,N217V,0.0358932247517545
217,N,W,N217W,0.0188408210220392
217,N,Y,N217Y,0.038018436667474
218,M,A,M218A,0.0260724449019133
218,M,C,M218C,0.0364434487769436
218,M,D,M218D,0.023285753209008
218,M,E,M218E,0.0207170319689997
218,M,F,M218F,0.0435789537418261
218,M,G,M218G,0.0302895676919337
218,M,H,M218H,0
218,M,I,M218I,0.0350213429401778
218,M,K,M218K,0.0362065572777898
218,M,L,M218L,0.0249477779123274
218,M,N,M218N,0.0332548740615147
218,M,P,M218P,0.0340752906272705
218,M,Q,M218Q,0.0285821324775975
218,M,R,M218R,0.0336703802373456
218,M,S,M218S,0.0378330104141439
218,M,T,M218T,0.0117552676192782
218,M,V,M218V,0.0373244126907242
218,M,W,M218W,0.0118877149430841
218,M,Y,M218Y,0.028761503996125
219,V,A,V219A,0.0233515984499893
219,V,C,V219C,0.023458313150884
219,V,D,V219D,0.0435570053281681
219,V,E,V219E,0.0180953317994672
219,V,F,V219F,0
219,V,G,V219G,0.0102415839186243
219,V,H,V219H,0.0216411358682504
219,V,I,V219I,0.0379086945991766
219,V,K,V219K,0.0414590397190617
219,V,L,V219L,0.0274877391620247
219,V,M,V219M,0.0273144223783012
219,V,N,V219N,0.0341373516589973
219,V,P,V219P,0.0366553644950365
219,V,Q,V219Q,0.0495769254056673
219,V,R,V219R,0.0394155667231775
219,V,S,V219S,0.0525936970210719
219,V,T,V219T,0.0284383325260368
219,V,W,V219W,0.0117605655122305
219,V,Y,V219Y,0.0353399733591683
220,G,A,G220A,0
220,G,C,G220C,0.0116674739646417
220,G,D,G220D,0.0187568115766543
220,G,E,G220E,0.0126672620489236
220,G,F,G220F,0.0072089186243642
220,G,H,G220H,0.0355798922257219
220,G,I,G220I,0.0209448413659482
220,G,K,G220K,0.0278987042867536
220,G,L,G220L,0.016464337612014
220,G,M,G220M,0.0306142528457254
220,G,N,G220N,0.0200184669411494
220,G,P,G220P,0.0278283179946718
220,G,Q,G220Q,0.0190375999031242
220,G,R,G220R,0.0189134778396706
220,G,S,G220S,0.0244739949140228
220,G,T,G220T,0.0121919653669169
220,G,V,G220V,0.0321158270767754
220,G,W,G220W,0.0176230624848631
220,G,Y,G220Y,0.0168813574715441
221,D,A,D221A,0.0350652397674982
221,D,C,D221C,0.0065534935819797
221,D,E,D221E,0.0409807156696537
221,D,F,D221F,0.0242847844514396
221,D,G,D221G,0.0190822535722921
221,D,H,D221H,0.0367257507871155
221,D,I,D221I,0
221,D,K,D221K,0.0097064967304432
221,D,L,D221L,0.0040589428433034
221,D,M,D221M,0.0188506599660935
221,D,N,D221N,0.0017944720271252
221,D,P,D221P,0.0252527851780092
221,D,Q,D221Q,0.0285912145798
221,D,R,D221R,0.0307557822717351
221,D,S,D221S,0.0478747880842805
221,D,T,D221T,0.0211847602325004
221,D,V,D221V,0.0400437454589475
221,D,W,D221W,0.0064422378299816
221,D,Y,D221Y,0.0238987951077729
222,L,A,L222A,0.0279812000484379
222,L,C,L222C,0.0237466698958585
222,L,D,L222D,0
222,L,E,L222E,0.0317563271978687
222,L,F,L222F,0.0249069084524084
222,L,G,L222G,0.0289423891983517
222,L,H,L222H,0.0395192540566723
222,L,I,L222I,0.0256940239767484
222,L,K,L222K,0.0219839852264471
222,L,M,L222M,0.0252747335916687
222,L,N,L222N,0.0146797045289402
222,L,P,L222P,0.0370617885686593
222,L,Q,L222Q,0.0438953136352614
222,L,R,L222R,0.0254374545894876
222,L,S,L222S,0.0297378299830467
222,L,T,L222T,0.0130706587551465
222,L,V,L222V,0.0359182005328153
222,L,W,L222W,0.0218886231533059
222,L,Y,L222Y,0.0283391862436411
223,R,A,R223A,0.0173430310002436
223,R,C,R223C,0.0163137260837989
223,R,D,R223D,0.0212854201985967
223,R,E,R223E,0.0083578045531605
223,R,F,R223F,0.0240645434729973
223,R,G,R223G,0.0205172257205148
223,R,H,R223H,0
223,R,I,R223I,0.0247313211431353
223,R,K,R223K,0.0310570053281666
223,R,L,R223L,0.0376937515136837
223,R,M,R223M,0.022827863889563
223,R,N,R223N,0.0176268466941162
223,R,P,R223P,0.0242204528941646
223,R,Q,R223Q,0.013061576652944
223,R,S,R223S,0.0324072111891513
223,R,T,R223T,0.0175413235650278
223,R,V,R223V,0.0071271797045303
223,R,W,R223W,0.0147152760959084
223,R,Y,R223Y,0.0203113647372245
224,I,A,I224A,0.0172998910147749
224,I,C,I224C,0.0182429159602809
224,I,D,I224D,0.0308844453862935
224,I,E,I224E,0.0272243581981123
224,I,F,I224F,0.0126483410026655
224,I,G,I224G,0.0086734076047483
224,I,H,I224H,0.0252459736013577
224,I,K,I224K,0.0059056369581026
224,I,L,I224L,0.0240827076774051
224,I,M,I224M,0.01270510414144
224,I,N,I224N,0.0099350629692433
224,I,P,I224P,0.0013085795592153
224,I,Q,I224Q,0.004195931218214
224,I,R,I224R,0.0347556914507159
224,I,S,I224S,0.0104277670138062
224,I,T,I224T,0.0048059457495775
224,I,V,I224V,0.0080898825381462
224,I,W,I224W,0
224,I,Y,I224Y,0.0229307943812075
225,T,A,T225A,0.0214413296197626
225,T,C,T225C,0.0245943327682233
225,T,D,T225D,0.028675980867038
225,T,E,T225E,0.0155175284572535
225,T,F,T225F,0.0225985408089126
225,T,G,T225G,0.0292443690966321
225,T,H,T225H,0.0267551162509082
225,T,I,T225I,0.0145412024703318
225,T,K,T225K,0.0111679583434231
225,T,L,T225L,0.0260164386049877
225,T,M,T225M,0.0142725236134643
225,T,N,T225N,0.0076910268830211
225,T,P,T225P,0
225,T,Q,T225Q,0.029076350205861
225,T,R,T225R,0.0302426434972148
225,T,S,T225S,0.0212392528457253
225,T,V,T225V,0.0242401307822717
225,T,W,T225W,0.0283255630903366
225,T,Y,T225Y,0.0174739646403487
226,F,A,F226A,0.0178168139985482
226,F,C,F226C,0.027545259142651
226,F,D,F226D,0.0225273976749832
226,F,E,F226E,0.0311728021312666
226,F,G,F226G,0.0090669653669169
226,F,H,F226H,0.0057232380721738
226,F,I,F226I,0.0355980564301298
226,F,K,F226K,0.0255381145555825
226,F,L,F226L,0.0155531000242203
226,F,M,F226M,0.0224554976992022
226,F,N,F226N,0.0260520101719559
226,F,P,F226P,0.0223782998304674
226,F,Q,F226Q,0
226,F,R,F226R,0.0221996851537902
226,F,S,F226S,0.0081133446355049
226,F,T,F226T,0.0279463853233242
226,F,V,F226V,0.0084350024218953
226,F,W,F226W,0.0020253087914763
226,F,Y,F226Y,0.006332495761687
227,I,A,I227A,0.0227430976023264
227,I,C,I227C,0.0205414446597253
227,I,D,I227D,0.0151058064906771
227,I,E,I227E,0.0232259627028336
227,I,F,I227F,0.0259960038750317
227,I,G,I227G,0.0173634657302024
227,I,H,I227H,0.0353604080891271
227,I,K,I227K,0.012503784209253
227,I,L,I227L,0.019549981835797
227,I,M,I227M,0.0125946052312922
227,I,N,I227N,0.0399521675950593
227,I,P,I227P,0.0124409663356759
227,I,Q,I227Q,0.0061538810850098
227,I,R,I227R,0.0193093061273916
227,I,S,I227S,0.0296417110680552
227,I,T,I227T,0.0285859166868505
227,I,V,I227V,0
227,I,W,I227W,0.0204052131266664
227,I,Y,I227Y,0.0198761806732879
228,N,A,N228A,0.0236959614918866
228,N,C,N228C,0.0347617461855157
228,N,D,N228D,0.0214678190845241
228,N,E,N228E,0.0161192177282621
228,N,F,N228F,0.029257992249938
228,N,G,N228G,0.0263373395495263
228,N,H,N228H,0.0473412145798
228,N,I,N228I,0
228,N,K,N228K,0.0455732320174377
228,N,L,N228L,0.0143678856866055
228,N,M,N228M,0.0325033301041414
228,N,P,N228P,0.030219938241705
228,N,Q,N228Q,0.0296871215790748
228,N,R,N228R,0.0313529304916445
228,N,S,N228S,0.0509195628481473
228,N,T,N228T,0.0363851719544684
228,N,V,N228V,0.016252421893921
228,N,W,N228W,0.0328931036570584
228,N,Y,N228Y,0.0036865766529426
229,W,A,W229A,0.0129684851053509
229,W,C,W229C,0.0120761685638155
229,W,D,W229D,0
229,W,E,W229E,0.0283058852022281
229,W,F,W229F,0.0185872790021797
229,W,G,W229G,0.0313953136352628
229,W,H,W229H,0.027012442480018
229,W,I,W229I,0.0304757507871141
229,W,K,W229K,0.0169146585129571
229,W,L,W229L,0.025542655606683
229,W,M,W229M,0.0150672075563076
229,W,N,W229N,0.0496170380237332
229,W,P,W229P,0.0208169350932415
229,W,Q,W229Q,0.0336045349963657
229,W,R,W229R,0.0278487527246292
229,W,S,W229S,0.0129669714216517
229,W,T,W229T,0.0208971603293761
229,W,V,W229V,0.0255366008718804
229,W,Y,W229Y,0.031601931460402
230,L,A,L230A,0.0224819871639622
230,L,C,L230C,2.5732622911116528e-05
230,L,D,L230D,0.002119157180914
230,L,E,L230E,0.0225765923952517
230,L,F,L230F,0.0116674739646403
230,L,G,L230G,0
230,L,H,L230H,0.0242053160571567
230,L,I,L230I,0.0221966577863875
230,L,K,L230K,0.0177502119157181
230,L,M,L230M,0.0234454468394284
230,L,N,L230N,0.0203802373456028
230,L,P,L230P,0.0280478021312666
230,L,Q,L230Q,0.015417625333009
230,L,R,L230R,0.0185668442722194
230,L,S,L230S,0.0083865645434715
230,L,T,L230T,0.0341638411237574
230,L,V,L230V,0.0144140530394754
230,L,W,L230W,0.0264001574231049
230,L,Y,L230Y,0.0084266771615403
231,K,A,K231A,0.01474554976992
231,K,C,K231C,0.0063037357713718
231,K,D,K231D,0.0276527306853946
231,K,E,K231E,0.0202341668684897
231,K,F,K231F,0.0206193993703076
231,K,G,K231G,0.0246957495761686
231,K,H,K231H,0.0243513865342698
231,K,I,K231I,0.0172401005085963
231,K,L,K231L,0.006943267134898
231,K,M,K231M,0.0108962521191557
231,K,N,K231N,0.0207412509082102
231,K,P,K231P,0.004968666747395
231,K,Q,K231Q,0.0067691935093228
231,K,R,K231R,0.0186614495035117
231,K,S,K231S,0.0065784693630404
231,K,T,K231T,0
231,K,V,K231V,0.0350584281908438
231,K,W,K231W,0.0004011261806732
231,K,Y,K231Y,0.0083631024461114
232,K,A,K232A,0.0158187515136837
232,K,C,K232C,0.0082707677403743
232,K,D,K232D,0.0350410208282877
232,K,E,K232E,0.0240993581981109
232,K,F,K232F,0.022229201985953
232,K,G,K232G,0.032762926858805
232,K,H,K232H,0.0196748607411009
232,K,I,K232I,0
232,K,L,K232L,0.0071574533785434
232,K,M,K232M,0.0360930310002422
232,K,N,K232N,0.0243960402034405
232,K,P,K232P,0.0303909844998789
232,K,Q,K232Q,0.0203900762896585
232,K,R,K232R,0.029863465730201
232,K,S,K232S,0.006722269314604
232,K,T,K232T,0.0244626422862678
232,K,V,K232V,0.0139682731896343
232,K,W,K232W,0.0197361649309774
232,K,Y,K232Y,0.0217062242673771
233,T,A,T233A,0.0163720029062713
233,T,C,T233C,0.0026739222572037
233,T,D,T233D,0.0250007568418489
233,T,E,T233E,0.0233235953015258
233,T,F,T233F,0.025936213368853
233,T,G,T233G,0.0206579983046728
233,T,H,T233H,0.0213717001695311
233,T,I,T233I,0.0255918503269543
233,T,K,T233K,0.0161010535238542
233,T,L,T233L,0.0157998304674241
233,T,M,T233M,0.0227567207556295
233,T,N,T233N,0.0275452591426495
233,T,P,T233P,0.0197800617582936
233,T,Q,T233Q,0.0179030939694827
233,T,R,T233R,0.0148446960523129
233,T,S,T233S,0.0305870065391122
233,T,V,T233V,0.016884384838944
233,T,W,T233W,0.0135020586098329
233,T,Y,T233Y,0
234,Q,A,Q234A,0.0080951804310985
234,Q,C,Q234C,0.019346391378059
234,Q,D,Q234D,0.0104905848873833
234,Q,E,Q234E,0.0275528275611542
234,Q,F,Q234F,0.0209175950593364
234,Q,G,Q234G,0.0150270949382431
234,Q,H,Q234H,0.0289484439331571
234,Q,I,Q234I,0.0155235831920562
234,Q,K,Q234K,0.0123100326955693
234,Q,L,Q234L,0.0038818418503283
234,Q,M,Q234M,0.018434396948415
234,Q,N,Q234N,0.0274620065391136
234,Q,P,Q234P,0.005149551949626
234,Q,R,Q234R,0.0011398038265938
234,Q,S,Q234S,0
234,Q,T,Q234T,0.0086718939210462
234,Q,V,Q234V,0.0081141014773567
234,Q,W,Q234W,0.0382326229111165
234,Q,Y,Q234Y,0.0044033058852022
235,M,A,M235A,0.0136912690724146
235,M,C,M235C,0.0179220150157423
235,M,D,M235D,0
235,M,E,M235E,0.0067941692903836
235,M,F,M235F,0.0126445567934124
235,M,G,M235G,0.019182913538387
235,M,H,M235H,0.0168775732622911
235,M,I,M235I,0.0230382659239511
235,M,K,M235K,0.0354103596512473
235,M,L,M235L,0.0325631206103173
235,M,N,M235N,0.0153192358924665
235,M,P,M235P,0.0250923347057385
235,M,Q,M235Q,0.0098434851053509
235,M,R,M235R,0.0188680673286496
235,M,S,M235S,0.0200752300799225
235,M,T,M235T,0.0204771131024461
235,M,V,M235V,0.0015424436909663
235,M,W,M235W,0.0166051101961734
235,M,Y,M235Y,0.0193350387503013
236,N,A,N236A,0.0274377875999031
236,N,C,N236C,0.0137124606442252
236,N,D,N236D,0.0012487890530394
236,N,E,N236E,0.0193607713732152
236,N,F,N236F,0.0081693509324291
236,N,G,N236G,0.0069689997578106
236,N,H,N236H,0.018354171712279
236,N,I,N236I,0.0229784754177767
236,N,K,N236K,0.00740418382175
236,N,L,N236L,0.0100924860741099
236,N,M,N236M,0.0150997517558731
236,N,P,N236P,0.0162456103172681
236,N,Q,N236Q,0.0283263199321884
236,N,R,N236R,0.007119611286027
236,N,S,N236S,0
236,N,T,N236T,0.0253080346330845
236,N,V,N236V,0.0141400762896585
236,N,W,N236W,0.0052744308549299
236,N,Y,N236Y,0.0104587975296696
237,F,A,F237A,0.007026519738434
237,F,C,F237C,0.0104724206829741
237,F,D,F237D,0.0255366008718818
237,F,E,F237E,0.0259127512714943
237,F,G,F237G,0
237,F,H,F237H,0.0115456224267363
237,F,I,F237I,0.0264743279244355
237,F,K,F237K,0.0091547590215534
237,F,L,F237L,0.0152284148704286
237,F,M,F237M,0.0391355352385566
237,F,N,F237N,0.0360748667958343
237,F,P,F237P,0.0052441571809154
237,F,Q,F237Q,0.0281181884233456
237,F,R,F237R,0.0138812363768467
237,F,S,F237S,0.0113753330104127
237,F,T,F237T,0.0305378118188423
237,F,V,F237V,0.0325873395495277
237,F,W,F237W,0.0066602082828772
237,F,Y,F237Y,0.0136867280213112
238,I,A,I238A,0.0166618733349479
238,I,C,I238C,0.007000030273674
238,I,D,I238D,0.0180355412932913
238,I,E,I238E,0.013847178493582
238,I,F,I238F,0.0210735044805037
238,I,G,I238G,0.0219347905061758
238,I,H,I238H,0.0202417352869944
238,I,K,I238K,0.0255676313877452
238,I,L,I238L,0.0228543533543217
238,I,M,I238M,0.0116046560910618
238,I,N,I238N,0.007791686849116
238,I,P,I238P,0
238,I,Q,I238Q,0.015180733833858
238,I,R,I238R,0.0146100750787115
238,I,S,I238S,0.0103301344151112
238,I,T,I238T,0.0349570113829014
238,I,V,I238V,0.0157120368127862
238,I,W,I238W,0.0127913841123744
238,I,Y,I238Y,0.0146464034875272
239,R,A,R239A,0.0162054976991993
239,R,C,R239C,0.0029675768951305
239,R,D,R239D,0.011977022281424
239,R,E,R239E,0.0195810123516576
239,R,F,R239F,0.0147326834584645
239,R,G,R239G,0.0063892589004587
239,R,H,R239H,0.0130403850811334
239,R,I,R239I,0.0091661116493097
239,R,K,R239K,0
239,R,L,R239L,0.006004783240494
239,R,M,R239M,0.0117446718333723
239,R,N,R239N,0.0233546258173892
239,R,P,R239P,0.0097776398643725
239,R,Q,R239Q,0.0127520283361588
239,R,S,R239S,0.0025498001937501
239,R,T,R239T,0.0044479595543715
239,R,V,R239V,0.0038349176556052
239,R,W,R239W,0.0053856866069252
239,R,Y,R239Y,0.0007704650036328
240,E,A,E240A,0.0262654395737467
240,E,C,E240C,0.0225561576652942
240,E,D,E240D,0.0354262533301027
240,E,F,E240F,0.0234567994671819
240,E,G,E240G,0.0215874000968743
240,E,H,E240H,0.0283005873092758
240,E,I,E240I,0.0044895858561395
240,E,K,E240K,0.0210871276338096
240,E,L,E240L,0.0209781424073611
240,E,M,E240M,0.0255668745458935
240,E,N,E240N,0.0374788084281908
240,E,P,E240P,0.0317472450956634
240,E,Q,E240Q,0.0100236134657288
240,E,R,E240R,0.02388895616372
240,E,S,E240S,0.0192585977234197
240,E,T,E240T,0.0240630297892952
240,E,V,E240V,0
240,E,W,E240W,0.0243392770646646
240,E,Y,E240Y,0.0189437515136837
241,K,A,K241A,0.0215631811576653
241,K,C,K241C,0.0026315391135868
241,K,D,K241D,0.0216789779607639
241,K,E,K241E,0.0266075320900944
241,K,F,K241F,0.0264122668927101
241,K,G,K241G,0.0258991281181884
241,K,H,K241H,0
241,K,I,K241I,0.0138971300557021
241,K,L,K241L,0.0103036449503511
241,K,M,K241M,0.0158361588762398
241,K,N,K241N,0.0103255933640106
241,K,P,K241P,0.0180105655122305
241,K,Q,K241Q,0.03701713489949
241,K,R,K241R,0.0133302555098072
241,K,S,K241S,0.0133491765560654
241,K,T,K241T,0.014590397190603
241,K,V,K241V,0.014275550980867
241,K,W,K241W,0.02898477234197
241,K,Y,K241Y,0.0266143436667474
242,D,A,D242A,0.018706103172681
242,D,C,D242C,0.0131879692419472
242,D,E,D242E,0.0160117461855171
242,D,F,D242F,0.0192805461370806
242,D,G,D242G,0.0019087551465245
242,D,H,D242H,0
242,D,I,D242I,0.0183261685638183
242,D,K,D242K,0.0267596573020116
242,D,L,D242L,0.0099116008718832
242,D,M,D242M,0.0276534875272477
242,D,N,D242N,0.0173611952046514
242,D,P,D242P,0.0501127694356987
242,D,Q,D242Q,0.0036290566723177
242,D,R,D242R,0.0229466880600644
242,D,S,D242S,0.0111581193993703
242,D,T,D242T,0.0173309215306383
242,D,V,D242V,0.0144677888108501
242,D,W,D242W,0.0076978384596768
242,D,Y,D242Y,0.0019064846209736
243,K,A,K243A,0.0120027549043366
243,K,C,K243C,0.023969938241705
243,K,D,K243D,0.0350258839912826
243,K,E,K243E,0.0245398401550026
243,K,F,K243F,0.0185721421651746
243,K,G,K243G,0.0310358137563575
243,K,H,K243H,0.0162660450472283
243,K,I,K243I,0.0354451743763637
243,K,L,K243L,0.0090586401065633
243,K,M,K243M,0.0181460402034405
243,K,N,K243N,0.0178137866311469
243,K,P,K243P,0.0371208222329862
243,K,Q,K243Q,0
243,K,R,K243R,0.0214776580285783
243,K,S,K243S,0.0178281666263032
243,K,T,K243T,0.0264190784693644
243,K,V,K243V,0.0038303766045047
243,K,W,K243W,0.0255986619036086
243,K,Y,K243Y,0.0209592213611058
244,L,A,L244A,0.0192684366674725
244,L,C,L244C,0.0172453984015486
244,L,D,L244D,0.010641196415597
244,L,E,L244E,0.0159406030515849
244,L,F,L244F,0.0163916807943812
244,L,G,L244G,0.0070439271009929
244,L,H,L244H,0.0162804250423817
244,L,I,L244I,0.0065020283361588
244,L,K,L244K,0.0169661237587793
244,L,M,L244M,0.0124803221118915
244,L,N,L244N,0.0050178614676663
244,L,P,L244P,0.0248720937272933
244,L,Q,L244Q,0
244,L,R,L244R,0.0113548982804553
244,L,S,L244S,0.0133400944538615
244,L,T,L244T,0.0299580709614905
244,L,V,L244V,0.0009634596754648
244,L,W,L244W,0.0221179462339549
244,L,Y,L244Y,0.0028510232501802
245,F,A,F245A,0.0142808488738193
245,F,C,F245C,0.0036275429886171
245,F,D,F245D,0.0051374424800193
245,F,E,F245E,0.0170168321627498
245,F,G,F245G,0.0088951622668927
245,F,H,F245H,0.0122623516589959
245,F,I,F245I,0.011376089852263
245,F,K,F245K,0.0047052857834826
245,F,L,F245L,0.0189301283603764
245,F,M,F245M,0
245,F,N,F245N,0.0064263441511261
245,F,P,F245P,0.0239918866553631
245,F,Q,F245Q,0.0007409481714686
245,F,R,F245R,0.0018610741099525
245,F,S,F245S,0.015340427464277
245,F,T,F245T,0.0034406030515849
245,F,V,F245V,0.0252898704286738
245,F,W,F245W,0.0039022765802843
245,F,Y,F245Y,0.000100659966092
246,K,A,K246A,0.0184003390651503
246,K,C,K246C,0.0284988798740615
246,K,D,K246D,0.0254049103899249
246,K,E,K246E,0.0144095119883763
246,K,F,K246F,0.0095218273189634
246,K,G,K246G,0.0216600569145085
246,K,H,K246H,0.0220422620489237
246,K,I,K246I,0.0069788387018662
246,K,L,K246L,0.0118430612739176
246,K,M,K246M,0.0229731775248258
246,K,N,K246N,0.0053410329377573
246,K,P,K246P,0.0117469423589261
246,K,Q,K246Q,0
246,K,R,K246R,0.0211295107774279
246,K,S,K246S,0.0274279486558489
246,K,T,K246T,0.0079264046984756
246,K,V,K246V,0.0029743884717863
246,K,W,K246W,0.0077432489706965
246,K,Y,K246Y,0.0089118127876013
247,D,A,D247A,0.011480534027611
247,D,C,D247C,0.0234424194720285
247,D,E,D247E,0.001696839428433
247,D,F,D247F,0.0085250666020828
247,D,G,D247G,0.0001619641559713
247,D,H,D247H,0
247,D,I,D247I,0.0398106381690496
247,D,K,D247K,0.0177456708646161
247,D,L,D247L,0.0160026640833145
247,D,M,D247M,0.0168601658997336
247,D,N,D247N,0.0025793170259156
247,D,P,D247P,0.0103513259869217
247,D,Q,D247Q,0.0156726810365706
247,D,R,D247R,0.0298460583676449
247,D,S,D247S,0.0346421651731654
247,D,T,D247T,0.0213225054492627
247,D,V,D247V,0.0008945870670878
247,D,W,D247W,0.0340435032695568
247,D,Y,D247Y,0.030187394042141
248,K,A,K248A,0.0230019375151354
248,K,C,K248C,0.0015204952773068
248,K,D,K248D,0.0186728021312666
248,K,E,K248E,0.0307830285783469
248,K,F,K248F,0.0240955739888579
248,K,G,K248G,0.0135716880600615
248,K,H,K248H,0.0205800435940906
248,K,I,K248I,0.0157816662630177
248,K,L,K248L,0.0006751029304916
248,K,M,K248M,0.0235037236619036
248,K,N,K248N,0
248,K,P,K248P,0.0123811758294986
248,K,Q,K248Q,0.0120913054008234
248,K,R,K248R,0.0121760716880586
248,K,S,K248S,0.0284186546379254
248,K,T,K248T,0.0183042201501574
248,K,V,K248V,0.0204112678614662
248,K,W,K248W,0.0040188302252347
248,K,Y,K248Y,0.0318161177040432
249,K,A,K249A,0.0530916989585871
249,K,C,K249C,0.0151784633083085
249,K,D,K249D,0.0337619581012352
249,K,E,K249E,0.0188869883749106
249,K,F,K249F,0.0403548074594333
249,K,G,K249G,0.0271062908694599
249,K,H,K249H,0.0296220331799467
249,K,I,K249I,0.0377187272947459
249,K,L,K249L,0.0222284451441027
249,K,M,K249M,0.0452614131751044
249,K,N,K249N,0
249,K,P,K249P,0.0122532695567934
249,K,Q,K249Q,0.0220006357471543
249,K,R,K249R,0.0512677100992977
249,K,S,K249S,0.0220528578348282
249,K,T,K249T,0.0487375877936547
249,K,V,K249V,0.0231623879874061
249,K,W,K249W,0.033664325502543
249,K,Y,K249Y,0.0364207435214352
250,E,A,E250A,0.0289492007750046
250,E,C,E250C,0.021741795834341
250,E,D,E250D,0.0125802252361346
250,E,F,E250F,0.011030213126665
250,E,G,E250G,0.0388623153305885
250,E,H,E250H,0.0153283179946718
250,E,I,E250I,0.027325018164203
250,E,K,E250K,0.0412229050617583
250,E,L,E250L,0.0007311092274144
250,E,M,E250M,0.0189157483652216
250,E,N,E250N,0.0086370791959312
250,E,P,E250P,0.0334017013804795
250,E,Q,E250Q,0.0138918321627498
250,E,R,E250R,0.0108856563332512
250,E,S,E250S,0.0335977234197142
250,E,T,E250T,0.0218863526277549
250,E,V,E250V,0.008019496246063
250,E,W,E250W,0
250,E,Y,E250Y,0.0149029728747866
251,L,A,L251A,0.0226363829014303
251,L,C,L251C,0.0224766892710113
251,L,D,L251D,0.030143497214822
251,L,E,L251E,0.0436379874061516
251,L,F,L251F,0.0273613465730215
251,L,G,L251G,0.0284708767255994
251,L,H,L251H,0.00597223904093
251,L,I,L251I,0.0158081557277805
251,L,K,L251K,0.0373690663598949
251,L,M,L251M,0.0125711431339307
251,L,N,L251N,0.0221694114797786
251,L,P,L251P,0.0434737527246307
251,L,Q,L251Q,0.0225970271252119
251,L,R,L251R,0.0343697021070477
251,L,S,L251S,0.0400989949140242
251,L,T,L251T,0.0342266589973373
251,L,V,L251V,0.0179462339549528
251,L,W,L251W,0
251,L,Y,L251Y,0.0426525793170273
252,E,A,E252A,0.0083646161298135
252,E,C,E252C,0.0230382659239511
252,E,D,E252D,0
252,E,F,E252F,0.0003723661903594
252,E,G,E252G,0.0097973177524824
252,E,H,E252H,0.0069228324049392
252,E,I,E252I,0.0052002603535951
252,E,K,E252K,0.0403517800920306
252,E,L,E252L,0.0091487042867508
252,E,M,E252M,0.034851810365706
252,E,N,E252N,0.0229201985953001
252,E,P,E252P,0.0323829922499395
252,E,Q,E252Q,0.0088066117704044
252,E,R,E252R,0.0425761382901429
252,E,S,E252S,0.0281847905061744
252,E,T,E252T,0.0333146645676905
252,E,V,E252V,0.0262533301041414
252,E,W,E252W,0.0196998365221603
252,E,Y,E252Y,0.0197482744005798
253,M,A,M253A,0.0065550072656803
253,M,C,M253C,0.0032983167837248
253,M,D,M253D,0.0188234136594817
253,M,E,M253E,0.0243135444417534
253,M,F,M253F,0.0241182792443691
253,M,G,M253G,0.0230011806732851
253,M,H,M253H,0.0187166989585856
253,M,I,M253I,0.0158747578106079
253,M,K,M253K,0.026701380479535
253,M,L,M253L,0.0070484681520949
253,M,N,M253N,0.013648129086946
253,M,P,M253P,0.0074344574957602
253,M,Q,M253Q,0.0438915294260112
253,M,R,M253R,0.0119285844030031
253,M,S,M253S,0.012414476870913
253,M,T,M253T,0
253,M,V,M253V,0.0289211976265439
253,M,W,M253W,0.0192714640348753
253,M,Y,M253Y,0.0360430794381206
254,E,A,E254A,0.0197762775490419
254,E,C,E254C,0.0242688907725841
254,E,D,E254D,0.0161903608621928
254,E,F,E254F,0.017512563574714
254,E,G,E254G,0.0146986255751998
254,E,H,E254H,0.0188604989101463
254,E,I,E254I,0.0339390590942117
254,E,K,E254K,0.0137381932671349
254,E,L,E254L,0.0125711431339307
254,E,M,E254M,0.0103104565270027
254,E,N,E254N,0.0057058307096149
254,E,P,E254P,0.0340344211673515
254,E,Q,E254Q,0.0182519980624834
254,E,R,E254R,0.0214155969968515
254,E,S,E254S,0
254,E,T,E254T,0.0159368188423347
254,E,V,E254V,0.007588096391378
254,E,W,E254W,0.0370269738435457
254,E,Y,E254Y,0.0278812969241947
255,R,A,R255A,0.056925859772342
255,R,C,R255C,0.0386367764591897
255,R,D,R255D,0.048020858561395
255,R,E,R255E,0.0220770767740373
255,R,F,R255F,0.0414885565512231
255,R,G,R255G,0.0503171167352856
255,R,H,R255H,0.030137442480018
255,R,I,R255I,0.0360794078469363
255,R,K,R255K,0
255,R,L,R255L,0.0456799467183323
255,R,M,R255M,0.0414522281424074
255,R,N,R255N,0.0285806187938954
255,R,P,R255P,0.0400240675708404
255,R,Q,R255Q,0.056101658997336
255,R,S,R255S,0.034844998789053
255,R,T,R255T,0.0353028881084994
255,R,V,R255V,0.0450131690481957
255,R,W,R255W,0.0676344151126181
255,R,Y,R255Y,0.0554182308064907
256,V,A,V256A,0.0168919532574487
256,V,C,V256C,0.0369808064906771
256,V,D,V256D,0.0422734015500121
256,V,E,V256E,0.0348298619520479
256,V,F,V256F,0.029040778638897
256,V,G,V256G,0.0337619581012352
256,V,H,V256H,0
256,V,I,V256I,0.0290158028578362
256,V,K,V256K,0.0445492249939453
256,V,L,V256L,0.0217554189876483
256,V,M,V256M,0.0390432005328181
256,V,N,V256N,0.0682557822717365
256,V,P,V256P,0.0427305340276096
256,V,Q,V256Q,0.0517218152094939
256,V,R,V256R,0.0253284693630419
256,V,S,V256S,0.0382311092274173
256,V,T,V256T,0.0290884596754662
256,V,W,V256W,0.0290271554855911
256,V,Y,V256Y,0.0343265621215791
257,R,A,R257A,0.02650460159845
257,R,C,R257C,0.0244808064906757
257,R,D,R257D,0.033659784451441
257,R,E,R257E,0.0478641922983788
257,R,F,R257F,0.0458358561395025
257,R,G,R257G,0.0159716335674511
257,R,H,R257H,0.0338883506902412
257,R,I,R257I,0.0336650823443933
257,R,K,R257K,0
257,R,L,R257L,0.0482918079438121
257,R,M,R257M,0.0226000544926132
257,R,N,R257N,0.0326433458464519
257,R,P,R257P,0.042687394042141
257,R,Q,R257Q,0.0240191329619763
257,R,S,R257S,0.0123614979413915
257,R,T,R257T,0.0271176434972162
257,R,V,R257V,0.0364600992976522
257,R,W,R257W,0.0346800072656818
257,R,Y,R257Y,0.0167882659239539
258,L,A,L258A,0.0412728566238799
258,L,C,L258C,0
258,L,D,L258D,0.0273015560668429
258,L,E,L258E,0.032518466941148
258,L,F,L258F,0.0127906272705241
258,L,G,L258G,0.0163500544926132
258,L,H,L258H,0.0306051707435214
258,L,I,L258I,0.0431649612496973
258,L,K,L258K,0.0320363586824883
258,L,M,L258M,0.0240615161055946
258,L,N,L258N,0.028988556551223
258,L,P,L258P,0.0379064240736256
258,L,Q,L258Q,0.0249265863405169
258,L,R,L258R,0.0301631751029305
258,L,S,L258S,0.0270903971906016
258,L,T,L258T,0.0200706890288205
258,L,V,L258V,0.0234643678856866
258,L,W,L258W,0.0252346209735999
258,L,Y,L258Y,0.0276012654395723
259,Y,A,Y259A,0.0629412387987407
259,Y,C,Y259C,0.016101810365706
259,Y,D,Y259D,0.0362428856866055
259,Y,E,Y259E,0.058187515136837
259,Y,F,Y259F,0.0274998486316299
259,Y,G,Y259G,0.0291202470331785
259,Y,H,Y259H,0
259,Y,I,Y259I,0.0414605534027596
259,Y,K,Y259K,0.045969817147009
259,Y,L,Y259L,0.0176230624848631
259,Y,M,Y259M,0.016799618551706
259,Y,N,Y259N,0.0310123516589973
259,Y,P,Y259P,0.0537751271494309
259,Y,Q,Y259Q,0.0210538265923952
259,Y,R,Y259R,0.0330444720271238
259,Y,S,Y259S,0.0666626301767983
259,Y,T,Y259T,0.0388441511261807
259,Y,V,Y259V,0.016246367159117
259,Y,W,Y259W,0.0120716275127135
260,K,A,K260A,0.0303909844998789
260,K,C,K260C,0.0149854686364751
260,K,D,K260D,0.030948020101721
260,K,E,K260E,0
260,K,F,K260F,0.0058193569871653
260,K,G,K260G,0.0033346451925419
260,K,H,K260H,0.0329914930976023
260,K,I,K260I,0.0261882417050133
260,K,L,K260L,0.0119126907241462
260,K,M,K260M,0.0178258961007522
260,K,N,K260N,0.0340495580043594
260,K,P,K260P,0.072961824897071
260,K,Q,K260Q,0.0254586461612995
260,K,R,K260R,0.0240917897796076
260,K,S,K260S,0.0033747578106079
260,K,T,K260T,0.0549913720029077
260,K,V,K260V,0.032161994429644
260,K,W,K260W,0.0041255449261322
260,K,Y,K260Y,0.0187469726325987
261,E,A,E261A,0.0212415233712749
261,E,C,E261C,0.0259172923225948
261,E,D,E261D,0.030182852991039
261,E,F,E261F,0.0062394042140954
261,E,G,E261G,0.0317480019375137
261,E,H,E261H,0.0330240372971664
261,E,I,E261I,0.0414802312908681
261,E,K,E261K,0.0173059457495747
261,E,L,E261L,0.0223654335190119
261,E,M,E261M,0
261,E,N,E261N,0.0093810547348026
261,E,P,E261P,0.0376899673044307
261,E,Q,E261Q,0.0094771736497927
261,E,R,E261R,0.0220369641559685
261,E,S,E261S,0.0180067813029775
261,E,T,E261T,0.0246056853959796
261,E,V,E261V,0.0118392770646631
261,E,W,E261W,0.020643618309518
261,E,Y,E261Y,0.0169555279728734
262,L,A,L262A,0.0265757447323793
262,L,C,L262C,0.0250227052555098
262,L,D,L262D,0.0268603172681022
262,L,E,L262E,0.0385853112133689
262,L,F,L262F,0
262,L,G,L262G,0.0179492613223541
262,L,H,L262H,0.030025429886171
262,L,I,L262I,0.0228089428433034
262,L,K,L262K,0.0258067934124471
262,L,M,L262M,0.0019208646161298
262,L,N,L262N,0.0273257750060533
262,L,P,L262P,0.0330505267619278
262,L,Q,L262Q,0.0325850690239753
262,L,R,L262R,0.0079589488980382
262,L,S,L262S,0.0384331860014531
262,L,T,L262T,0.0175451077742795
262,L,V,L262V,0.0249621579074836
262,L,W,L262W,0.0322951985953001
262,L,Y,L262Y,0.0074253753935577
263,E,A,E263A,0.0118824170501318
263,E,C,E263C,0.0319182913538387
263,E,D,E263D,0.0147909602809383
263,E,F,E263F,0.0119111770404442
263,E,G,E263G,0.0212430370549756
263,E,H,E263H,0.032398129086946
263,E,I,E263I,0.029380600629691
263,E,K,E263K,0.0248191147977718
263,E,L,E263L,0.0137185153790264
263,E,M,E263M,0
263,E,N,E263N,0.0213928917413417
263,E,P,E263P,0.0263570174376362
263,E,Q,E263Q,0.0233591668684897
263,E,R,E263R,0.023497668927101
263,E,S,E263S,0.0156128905303947
263,E,T,E263T,0.0191662630176798
263,E,V,E263V,0.0062696778881085
263,E,W,E263W,0.0401360801646888
263,E,Y,E263Y,0.0258718818115766
264,N,A,N264A,0.0212089791717123
264,N,C,N264C,0.0131561818842334
264,N,D,N264D,0.0049694235892467
264,N,E,N264E,0.0119353959796546
264,N,F,N264F,0.0208547771857578
264,N,G,N264G,0.035197687091304
264,N,H,N264H,0.0383824775974812
264,N,I,N264I,0.0255782271736484
264,N,K,N264K,0.0185002421893921
264,N,L,N264L,0.0131107713732124
264,N,M,N264M,0.0144382719786859
264,N,P,N264P,0.0243657665294246
264,N,Q,N264Q,0
264,N,R,N264R,0.0383098207798484
264,N,S,N264S,0.0142740372971649
264,N,T,N264T,0.0323860196173394
264,N,V,N264V,0.0324450532816663
264,N,W,N264W,0.034888895616372
264,N,Y,N264Y,0.0217629874061516
265,R,A,R265A,0.0197709796560896
265,R,C,R265C,0.0186039295228869
265,R,D,R265D,0.0109757205134401
265,R,E,R265E,0.0421394405425043
265,R,F,R265F,0.0110112920804054
265,R,G,R265G,0.0328499636715912
265,R,H,R265H,0
265,R,I,R265I,0.012926101961734
265,R,K,R265K,0.0021259687575684
265,R,L,R265L,0.024245428675224
265,R,M,R265M,0.0190360862194236
265,R,N,R265N,0.0199041838217486
265,R,P,R265P,0.0270487708888351
265,R,Q,R265Q,0.018621336885443
265,R,S,R265S,0.0265235226447067
265,R,T,R265T,0.0061273916202456
265,R,V,R265V,0.0165778638895602
265,R,W,R265W,0.011656121336884
265,R,Y,R265Y,0.0030228263502044
266,K,A,K266A,0.0205906393799965
266,K,C,K266C,0
266,K,D,K266D,0.0241129813514182
266,K,E,K266E,0.0192843303463322
266,K,F,K266F,0.0007681944780818
266,K,G,K266G,0.0191253935577636
266,K,H,K266H,0.0298521131024475
266,K,I,K266I,0.0155493158149673
266,K,L,K266L,0.0037925345119897
266,K,M,K266M,0.0184669411479791
266,K,N,K266N,0.022753693388231
266,K,P,K266P,0.0228823565027866
266,K,Q,K266Q,0.0473048861709857
266,K,R,K266R,0.0106200048437892
266,K,S,K266S,0.0151186728021312
266,K,T,K266T,0.0119240433519026
266,K,V,K266V,0.0288197808186015
266,K,W,K266W,0.0113041898764834
266,K,Y,K266Y,0.0131365039961249
267,N,A,N267A,0.0251831557277791
267,N,C,N267C,0.0324125090821008
267,N,D,N267D,0.0301767982562364
267,N,E,N267E,0.0409443872608366
267,N,F,N267F,0.0238904698474207
267,N,G,N267G,0.0056256054734788
267,N,H,N267H,0.0160405061758281
267,N,I,N267I,0.0062136715911843
267,N,K,N267K,0.0398144223782998
267,N,L,N267L,0.0020949382417036
267,N,M,N267M,0.0330497699200775
267,N,P,N267P,0.0306626907241463
267,N,Q,N267Q,0.0394307035601827
267,N,R,N267R,0.0115743824170487
267,N,S,N267S,0.0332980140469833
267,N,T,N267T,0.0270540687817873
267,N,V,N267V,0.0295198595301526
267,N,W,N267W,0
267,N,Y,N267Y,0.0279244369096633
268,I,A,I268A,0.0095914567691949
268,I,C,I268C,0.0028517800920333
268,I,D,I268D,0
268,I,E,I268E,0.0033830830709614
268,I,F,I268F,0.0194864071203681
268,I,G,I268G,0.0086045349963671
268,I,H,I268H,0.0187371336885458
268,I,K,I268K,0.0266052615645449
268,I,L,I268L,0.0190905788326485
268,I,M,I268M,0.0346028093969498
268,I,N,I268N,0.0166119217728277
268,I,P,I268P,0.0006243945265211
268,I,Q,I268Q,0.0283119399370307
268,I,R,I268R,0.020333313150884
268,I,S,I268S,0.0172552373456056
268,I,T,I268T,0.0241886655364509
268,I,V,I268V,0.0119414507144601
268,I,W,I268W,0.0262904153548089
268,I,Y,I268Y,0.0088172075563104
269,E,A,E269A,0.0082556309033664
269,E,C,E269C,0.009608864131751
269,E,D,E269D,0.0030341789779621
269,E,F,E269F,0.0105655122305657
269,E,G,E269G,0.0178743339791717
269,E,H,E269H,0.0036494914022779
269,E,I,E269I,0
269,E,K,E269K,0.0376945083555354
269,E,L,E269L,0.0020245519496246
269,E,M,E269M,0.0072255691450728
269,E,N,E269N,0.0082102203923468
269,E,P,E269P,0.0096822777912327
269,E,Q,E269Q,0.004043049164448
269,E,R,E269R,0.0112867825139259
269,E,S,E269S,0.0200858258658285
269,E,T,E269T,0.0032392831194007
269,E,V,E269V,0.0113670077500605
269,E,W,E269W,0.0062401610559471
269,E,Y,E269Y,0.0116757992249939
270,E,A,E270A,0.0354368491160073
270,E,C,E270C,0.0130517377088883
270,E,D,E270D,0.0046659300072642
270,E,F,E270F,0.0070832828772085
270,E,G,E270G,0.0292269617340746
270,E,H,E270H,0.0150142286267861
270,E,I,E270I,0.0006433155727765
270,E,K,E270K,0.0500113526277549
270,E,L,E270L,0.0171182489706951
270,E,M,E270M,0.0271668382174861
270,E,N,E270N,0.0099380903366432
270,E,P,E270P,0.0419123879874062
270,E,Q,E270Q,0
270,E,R,E270R,0.0251316904819569
270,E,S,E270S,0.0265409300072657
270,E,T,E270T,0.0257182429159603
270,E,V,E270V,0.0155235831920562
270,E,W,E270W,0.0344832283845953
270,E,Y,E270Y,0.0299262836037767
271,Q,A,Q271A,0.0146986255751984
271,Q,C,Q271C,0.0217508779365464
271,Q,D,Q271D,0.0132651671106791
271,Q,E,Q271E,0.0141211552434003
271,Q,F,Q271F,0.0121806127391606
271,Q,G,Q271G,0.027298528699443
271,Q,H,Q271H,0.0175844635504965
271,Q,I,Q271I,0.0024393012836023
271,Q,K,Q271K,0.0186743158149673
271,Q,L,Q271L,0.012600659966092
271,Q,M,Q271M,0.0396797045289416
271,Q,N,Q271N,0
271,Q,P,Q271P,0.0248917716154032
271,Q,R,Q271R,0.0018118793896813
271,Q,S,Q271S,0.0167837248728491
271,Q,T,Q271T,0.0150770465003633
271,Q,V,Q271V,0.0265704468394284
271,Q,W,Q271W,0.0133817207556295
271,Q,Y,Q271Y,0.0303970392346815
272,K,A,K272A,0.0096603293775718
272,K,C,K272C,0.015861134657302
272,K,D,K272D,0.0149090276095907
272,K,E,K272E,0.0208903487527232
272,K,F,K272F,0.0235453499636716
272,K,G,K272G,0.0061705316057156
272,K,H,K272H,0.0152185759263744
272,K,I,K272I,0.0145790445628467
272,K,L,K272L,0.0056770707193025
272,K,M,K272M,0.0128080346330816
272,K,N,K272N,0.0261761322354081
272,K,P,K272P,0.020792716154031
272,K,Q,K272Q,0.0123577137321385
272,K,R,K272R,0.0157188483894391
272,K,S,K272S,0.0304666686849102
272,K,T,K272T,0.0036222450956648
272,K,V,K272V,0.0231411964155956
272,K,W,K272W,0
272,K,Y,K272Y,0.0176321445870657
273,L,A,L273A,0
273,L,C,L273C,0.0255903366432564
273,L,D,L273D,0.0223730019375165
273,L,E,L273E,0.0251634778396706
273,L,F,L273F,0.0272183034633083
273,L,G,L273G,0.0446347481230336
273,L,H,L273H,0.0302191813998547
273,L,I,L273I,0.0154827137321385
273,L,K,L273K,0.0148454528941646
273,L,M,L273M,0.0245587612012608
273,L,N,L273N,0.0140659057883264
273,L,P,L273P,0.0194099660934865
273,L,Q,L273Q,0.0265348752724631
273,L,R,L273R,0.0212104928554143
273,L,S,L273S,0.0188279547105837
273,L,T,L273T,0.0184964579801404
273,L,V,L273V,0.0047628057641089
273,L,W,L273W,0.0241424981835795
273,L,Y,L273Y,0.0070128965851295
274,H,A,H274A,0.0481396827318978
274,H,C,H274C,0
274,H,D,H274D,0.0413931944780833
274,H,E,H274E,0.0287266892710099
274,H,F,H274F,0.0235241583918638
274,H,G,H274G,0.0022780939694841
274,H,I,H274I,0.0211802191814012
274,H,K,H274K,0.0247033179946718
274,H,L,H274L,0.0258007386776473
274,H,M,H274M,0.0411002966820053
274,H,N,H274N,0.0049974267377103
274,H,P,H274P,0.0487761867280213
274,H,Q,H274Q,0.0136140712036812
274,H,R,H274R,0.0447323807217258
274,H,S,H274S,0.0262608985226461
274,H,T,H274T,0.0241682308064907
274,H,V,H274V,0.0292791838217486
274,H,W,H274W,0.0353240796803114
274,H,Y,H274Y,0.0445953923468152
275,D,A,D275A,0.0444546197626544
275,D,C,D275C,0.0187946536691679
275,D,E,D275E,0.0370133506902384
275,D,F,D275F,0.0306437696778881
275,D,G,D275G,0.0416013259869204
275,D,H,D275H,0.0176904214095422
275,D,I,D275I,0.0290627270525551
275,D,K,D275K,0.051421348994914
275,D,L,D275L,0.0240350266408317
275,D,M,D275M,0.0208729413901657
275,D,N,D275N,0.0113465730201003
275,D,P,D275P,0.0661260293049151
275,D,Q,D275Q,0.0339897674981836
275,D,R,D275R,0
275,D,S,D275S,0.0625756841850313
275,D,T,D275T,0.0353293775732609
275,D,V,D275V,0.0541323565027838
275,D,W,D275W,0.0328628299830453
275,D,Y,D275Y,0.0417375575199792
276,E,A,E276A,0.0144329740857336
276,E,C,E276C,0.007857532090093
276,E,D,E276D,0.0072414628239269
276,E,F,E276F,0.0044108743037055
276,E,G,E276G,0.0279017316541521
276,E,H,E276H,0.0237421288447566
276,E,I,E276I,0.0174535299103885
276,E,K,E276K,0.0241303887139743
276,E,L,E276L,0.010159844998789
276,E,M,E276M,0.0277034390893679
276,E,N,E276N,0.0146191571809154
276,E,P,E276P,0.0382348934366661
276,E,Q,E276Q,0.0049883446355049
276,E,R,E276R,0.0316367461855157
276,E,S,E276S,0.0222458525066602
276,E,T,E276T,0.0184964579801404
276,E,V,E276V,0.0040158028578348
276,E,W,E276W,0
276,E,Y,E276Y,0.0126604504722679
277,R,A,R277A,0.0039522281424087
277,R,C,R277C,0.0324889501089852
277,R,D,R277D,0.0164779607653185
277,R,E,R277E,0.0233546258173892
277,R,F,R277F,0.0234462036812787
277,R,G,R277G,0.0108939815936076
277,R,H,R277H,0.0297756720755631
277,R,I,R277I,0.0195938786631159
277,R,K,R277K,0
277,R,L,R277L,0.0230829195931218
277,R,M,R277M,0.0080399309760246
277,R,N,R277N,0.0256516408331329
277,R,P,R277P,0.0264334584645207
277,R,Q,R277Q,0.0243006781302979
277,R,S,R277S,0.0170342395253102
277,R,T,R277T,0.0196037176071702
277,R,V,R277V,0.0085909118430612
277,R,W,R277W,0.0155636958101249
277,R,Y,R277Y,0.0221028093969498
278,K,A,K278A,0.0181346875756856
278,K,C,K278C,0.0222670440784708
278,K,D,K278D,0.0274007023492371
278,K,E,K278E,0.0048664930976037
278,K,F,K278F,0.0190973904093001
278,K,G,K278G,0.0252490009687576
278,K,H,K278H,0.0209297045289416
278,K,I,K278I,0.022121730443208
278,K,L,K278L,0.0185456527004131
278,K,M,K278M,0.0174368793896827
278,K,N,K278N,0
278,K,P,K278P,0.037313816904821
278,K,Q,K278Q,0.0227022281424073
278,K,R,K278R,0.0266953257447338
278,K,S,K278S,0.0067669229837747
278,K,T,K278T,0.0101015681763153
278,K,V,K278V,0.0259407544199578
278,K,W,K278W,0.0012987406151624
278,K,Y,K278Y,0.0002648946476158
279,K,A,K279A,0.0271645676919337
279,K,C,K279C,0.0288228081860014
279,K,D,K279D,0.0268012836037767
279,K,E,K279E,0.024486104383628
279,K,F,K279F,0.0129472935335432
279,K,G,K279G,0.0009528638895616
279,K,H,K279H,0.0073610438362785
279,K,I,K279I,0.0482895374182611
279,K,L,K279L,0.0111323867764592
279,K,M,K279M,0.0338467243884718
279,K,N,K279N,0.0182012896585129
279,K,P,K279P,0.0216820053281666
279,K,Q,K279Q,0.0244702107047697
279,K,R,K279R,0.0008650702349223
279,K,S,K279S,0.0021032635020586
279,K,T,K279T,0.0034897977718561
279,K,V,K279V,0.0235862194235878
279,K,W,K279W,0
279,K,Y,K279Y,0.0119225296681991
280,L,A,L280A,0.0229262533301027
280,L,C,L280C,0.0172794562848147
280,L,D,L280D,0.0040067207556294
280,L,E,L280E,0.0072021070477113
280,L,F,L280F,0.0029115705982063
280,L,G,L280G,0.0406878178735772
280,L,H,L280H,0
280,L,I,L280I,0.0042928069750544
280,L,K,L280K,0.0067124303705497
280,L,M,L280M,0.021267255994186
280,L,N,L280N,0.0203734257689513
280,L,P,L280P,0.0196112860256706
280,L,Q,L280Q,0.0129586461612981
280,L,R,L280R,0.0156719241947202
280,L,S,L280S,0.0238904698474207
280,L,T,L280T,0.0213921348994914
280,L,V,L280V,0.0214436001453136
280,L,W,L280W,0.0135149249212884
280,L,Y,L280Y,0.0323126059578576
281,D,A,D281A,0.0258665839186258
281,D,C,D281C,0.0134521070477113
281,D,E,D281E,0.0250613041898779
281,D,F,D281F,0.0362466698958586
281,D,G,D281G,0.0330596088641318
281,D,H,D281H,0.0195242492128859
281,D,I,D281I,0.001814906757084
281,D,K,D281K,0.0147962581738934
281,D,L,D281L,0.0304674255267633
281,D,M,D281M,0
281,D,N,D281N,0.0320234923710356
281,D,P,D281P,0.0170122911116493
281,D,Q,D281Q,0.0076327500605473
281,D,R,D281R,0.0208002845725371
281,D,S,D281S,0.0143799951562121
281,D,T,D281T,0.0139062121579075
281,D,V,D281V,0.0057610801646902
281,D,W,D281W,0.0156446778881099
281,D,Y,D281Y,0.006131932671349
282,I,A,I282A,0.0137298680067799
282,I,C,I282C,0.0298324352143362
282,I,D,I282D,0.0116038992492114
282,I,E,I282E,0.016453741826108
282,I,F,I282F,0.0093878663114541
282,I,G,I282G,0.0140923952530865
282,I,H,I282H,0.0116924497457011
282,I,K,I282K,0.0081791898764834
282,I,L,I282L,0.0069478081860014
282,I,M,I282M,0.0126218515379026
282,I,N,I282N,0.0207942298377331
282,I,P,I282P,0.0395570961491873
282,I,Q,I282Q,0.0125340578832647
282,I,R,I282R,0.0029221663841123
282,I,S,I282S,0.0118226265439573
282,I,T,I282T,0
282,I,V,I282V,0.0162781545168307
282,I,W,I282W,0.0049043351901172
282,I,Y,I282Y,0.0175655425042383
283,D,A,D283A,0.0249273431823672
283,D,C,D283C,0.0214163538387004
283,D,E,D283E,0.0289287660450472
283,D,F,D283F,0.0353384596754662
283,D,G,D283G,0
283,D,H,D283H,0.05565133809639
283,D,I,D283I,0.0215200411721952
283,D,K,D283K,0.0379851356260582
283,D,L,D283L,0.0507462460644224
283,D,M,D283M,0.026187484863163
283,D,N,D283N,0.0254147493339777
283,D,P,D283P,0.064326259384839
283,D,Q,D283Q,0.0395714761443449
283,D,R,D283R,0.0298384899491402
283,D,S,D283S,0.0259634596754662
283,D,T,D283T,0.0201736195204636
283,D,V,D283V,0.033430461370792
283,D,W,D283W,0.0442283240494052
283,D,Y,D283Y,0.0305741402276566
284,I,A,I284A,0.0203984015500135
284,I,C,I284C,0.0098253209009459
284,I,D,I284D,0.0297847541777684
284,I,E,I284E,0.0182845422620489
284,I,F,I284F,0.0176245761685652
284,I,G,I284G,0.012742189392106
284,I,H,I284H,0.0246707737951078
284,I,K,I284K,0.0261133143618324
284,I,L,I284L,0.0094824715427478
284,I,M,I284M,0.0216184306127391
284,I,N,I284N,0.0179500181642058
284,I,P,I284P,0.0483182974085749
284,I,Q,I284Q,0
284,I,R,I284R,0.0147394950351188
284,I,S,I284S,0.0386382901428917
284,I,T,I284T,0.0144549224993945
284,I,V,I284V,0.0039681218212656
284,I,W,I284W,0.0162811818842334
284,I,Y,I284Y,0.0169184427222102
285,S,A,S285A,0.0238079740857364
285,S,C,S285C,0.045538417292324
285,S,D,S285D,0
285,S,E,S285E,0.0371117401307837
285,S,F,S285F,0.0242340760474691
285,S,G,S285G,0.02346890893679
285,S,H,S285H,0.0291247880842819
285,S,I,S285I,0.013934215306371
285,S,K,S285K,0.0301079256478566
285,S,L,S285L,0.0221361104383628
285,S,M,S285M,0.0124871336885444
285,S,N,S285N,0.0265908815693872
285,S,P,S285P,0.0485733531121337
285,S,Q,S285Q,0.0207026519738435
285,S,R,S285R,0.0111641741341729
285,S,T,S285T,0.0284262230564315
285,S,V,S285V,0.0029478990070249
285,S,W,S285W,0.0171719847420683
285,S,Y,S285Y,0.0222738556551237
286,N,A,N286A,0.0155493158149673
286,N,C,N286C,0.0078999152337141
286,N,D,N286D,0.0160632114313407
286,N,E,N286E,0
286,N,F,N286F,0.0119823201743763
286,N,G,N286G,0.0413492976507643
286,N,H,N286H,0.0212301707435228
286,N,I,N286I,0.0208744550738692
286,N,K,N286K,0.0080036025672075
286,N,L,N286L,0.0117628360377829
286,N,M,N286M,0.0299179583434246
286,N,P,N286P,0.0283641620247047
286,N,Q,N286Q,0.0113889561637214
286,N,R,N286R,0.0068562303221133
286,N,S,N286S,0.0141075320900958
286,N,T,N286T,0.0121609348510535
286,N,V,N286V,0.0222693146040217
286,N,W,N286W,0.0003072777912327
286,N,Y,N286Y,0.0316231230322112
287,G,A,G287A,0.0162463671591198
287,G,C,G287C,0.001749061516107
287,G,D,G287D,0.0077803342213611
287,G,E,G287E,0.0280356926616614
287,G,F,G287F,0.0302751876967789
287,G,H,G287H,0.0096345967546635
287,G,I,G287I,0.0150452591426495
287,G,K,G287K,0.002617159118432
287,G,L,G287L,0
287,G,M,G287M,0.0125544926132235
287,G,N,G287N,0.0167277185759278
287,G,P,G287P,0.0462642286267876
287,G,Q,G287Q,0.0356449806248486
287,G,R,G287R,0.0101348692177296
287,G,S,G287S,0.0221603293775747
287,G,T,G287T,0.0052275066602082
287,G,V,G287V,0.0125242189392104
287,G,W,G287W,0.0281144042140968
287,G,Y,G287Y,0.0138191753451213
288,Y,A,Y288A,0.0206837309275854
288,Y,C,Y288C,0.0310100811334449
288,Y,D,Y288D,0.0365653003148462
288,Y,E,Y288E,0.0254548619520451
288,Y,F,Y288F,0.0101530334221347
288,Y,G,Y288G,0.0504245882780334
288,Y,H,Y288H,0.018179341244852
288,Y,I,Y288I,0.0271486740130782
288,Y,K,Y288K,0.0245405969968515
288,Y,L,Y288L,0
288,Y,M,Y288M,0.0279130842819084
288,Y,N,Y288N,0.0075199806248472
288,Y,P,Y288P,0.0652935032695554
288,Y,Q,Y288Q,0.0432724327924437
288,Y,R,Y288R,0.0459728445144103
288,Y,S,Y288S,0.0320303039476857
288,Y,T,Y288T,0.0261723480261564
288,Y,V,Y288V,0.0200025732622911
288,Y,W,Y288W,0.0198095785904563
289,K,A,K289A,0.0230639985468622
289,K,C,K289C,0.0429961855170744
289,K,D,K289D,0
289,K,E,K289E,0.0436167958343425
289,K,F,K289F,0.0456262109469605
289,K,G,K289G,0.0330921530636958
289,K,H,K289H,0.0445931218212642
289,K,I,K289I,0.0270752603535965
289,K,L,K289L,0.0355420501332028
289,K,M,K289M,0.0196090155001211
289,K,N,K289N,0.0305711128602567
289,K,P,K289P,0.0468522947444902
289,K,Q,K289Q,0.0403525369338809
289,K,R,K289R,0.0198867764591911
289,K,S,K289S,0.0439028820537647
289,K,T,K289T,0.0523719423589233
289,K,V,K289V,0.0376665052070705
289,K,W,K289W,0.0357062848147251
289,K,Y,K289Y,0.0326236679583434
290,Q,A,Q290A,0.0286517619278261
290,Q,C,Q290C,0.0111672015015728
290,Q,D,Q290D,0.036822626543956
290,Q,E,Q290E,0.0158914083313151
290,Q,F,Q290F,0.0254359409057869
290,Q,G,Q290G,0.0324934911600872
290,Q,H,Q290H,0.0430620307580528
290,Q,I,Q290I,0.03766196415597
290,Q,K,Q290K,0.0162274461128588
290,Q,L,Q290L,0.0337301707435214
290,Q,M,Q290M,0
290,Q,N,Q290N,0.0191632356502771
290,Q,P,Q290P,0.0510065996609349
290,Q,R,Q290R,0.0045433216275127
290,Q,S,Q290S,0.0197921712279002
290,Q,T,Q290T,0.0225084766287222
290,Q,V,Q290V,0.0349683640106563
290,Q,W,Q290W,0.0212929886170986
290,Q,Y,Q290Y,0.0402223601356247
291,I,A,I291A,0.0053115161055931
291,I,C,I291C,0.0269874666989572
291,I,D,I291D,0.0252308367643497
291,I,E,I291E,0.0083267740372971
291,I,F,I291F,0.022183791474932
291,I,G,I291G,0.0345997820295457
291,I,H,I291H,0.0279857410995398
291,I,K,I291K,0.0269428130297879
291,I,L,I291L,0.0134748123032211
291,I,M,I291M,0.0068796924194706
291,I,N,I291N,0.0327659542262049
291,I,P,I291P,0.060361921772825
291,I,Q,I291Q,0.0192744914022751
291,I,R,I291R,0.0304046076531848
291,I,S,I291S,0.0264599479292807
291,I,T,I291T,0.0439490494066346
291,I,V,I291V,0.0249666989585856
291,I,W,I291W,0
291,I,Y,I291Y,0.0367885686606927
292,K,A,K292A,0.0299739646403487
292,K,C,K292C,0.0188113041898765
292,K,D,K292D,0.0047052857834826
292,K,E,K292E,0.0276292685880372
292,K,F,K292F,0.0411616008718818
292,K,G,K292G,0.0167080406878178
292,K,H,K292H,0.0238488435456527
292,K,I,K292I,0
292,K,L,K292L,0.026753602567209
292,K,M,K292M,0.0333025550980867
292,K,N,K292N,0.0236952046500363
292,K,P,K292P,0.0493370065391136
292,K,Q,K292Q,0.0352158512957133
292,K,R,K292R,0.0307497275369339
292,K,S,K292S,0.0318766650520721
292,K,T,K292T,0.0124924315814967
292,K,V,K292V,0.0214511685638183
292,K,W,K292W,0.0141022341971435
292,K,Y,K292Y,0.0178349782029561
293,K,A,K293A,0.0068501755873078
293,K,C,K293C,0.0374205316057143
293,K,D,K293D,0.0385762291111635
293,K,E,K293E,0.0117961370791945
293,K,F,K293F,0.0062144284330346
293,K,G,K293G,0.0428296803100024
293,K,H,K293H,0.0110945446839414
293,K,I,K293I,0.0162705860983289
293,K,L,K293L,0.0285329377573262
293,K,M,K293M,0.0237542383143618
293,K,N,K293N,0.0148938907725827
293,K,P,K293P,0.0386715911843061
293,K,Q,K293Q,0.011463883506901
293,K,R,K293R,0.0148674013078227
293,K,S,K293S,0
293,K,T,K293T,0.0087566602082814
293,K,V,K293V,0.0072967122790021
293,K,W,K293W,0.0086628118188423
293,K,Y,K293Y,0.0094574957616842
294,E,A,E294A,0.035123516589972
294,E,C,E294C,0
294,E,D,E294D,0.0324132659239525
294,E,F,E294F,0.0077235710825865
294,E,G,E294G,0.0558905001210947
294,E,H,E294H,0.0299066057156682
294,E,I,E294I,0.0177184245580043
294,E,K,E294K,0.0140772584160813
294,E,L,E294L,0.0351114071203667
294,E,M,E294M,0.0256289355776217
294,E,N,E294N,0.0315504662145784
294,E,P,E294P,0.0456209130540083
294,E,Q,E294Q,0.0225970271252119
294,E,R,E294R,0.0412493945265183
294,E,S,E294S,0.042436122547831
294,E,T,E294T,0.0327341668684912
294,E,V,E294V,0.025380691450713
294,E,W,E294W,0.0263252300799225
294,E,Y,E294Y,0.038173589246789597
295,K,A,K295A,0.0241818539597951
295,K,C,K295C,0.0128133325260353
295,K,D,K295D,0.0149824412690724
295,K,E,K295E,0.0294199564059094
295,K,F,K295F,0.0191564240736241
295,K,G,K295G,0.0270177403729702
295,K,H,K295H,0.0284799588278033
295,K,I,K295I,0
295,K,L,K295L,0.0195378723661889
295,K,M,K295M,0.0251513683700654
295,K,N,K295N,0.0323496912085237
295,K,P,K295P,0.0368165718091534
295,K,Q,K295Q,0.0289136292080407
295,K,R,K295R,0.0338066117704045
295,K,S,K295S,0.0384218333736968
295,K,T,K295T,0.0213959191087416
295,K,V,K295V,0.0135807701622669
295,K,W,K295W,0.0169161721966578
295,K,Y,K295Y,0.0279145979656077
296,E,A,E296A,0.0219506841850341
296,E,C,E296C,0.0267127331072899
296,E,D,E296D,0
296,E,F,E296F,0.0336302676192797
296,E,G,E296G,0.0213883506902397
296,E,H,E296H,0.0213202349237103
296,E,I,E296I,0.0421856078953756
296,E,K,E296K,0.0398870791959326
296,E,L,E296L,0.0137465185274885
296,E,M,E296M,0.0100735650278532
296,E,N,E296N,0.0089806853959796
296,E,P,E296P,0.0584826834584646
296,E,Q,E296Q,0.0067336219423603
296,E,R,E296R,0.0331965972390409
296,E,S,E296S,0.0248910147735543
296,E,T,E296T,0.0140666626301768
296,E,V,E296V,0.0122002906272719
296,E,W,E296W,0.0110521615403259
296,E,Y,E296Y,0.0311939937030772
297,E,A,E297A,0.0116924497457011
297,E,C,E297C,0.0235922741583933
297,E,D,E297D,0.0099312787599917
297,E,F,E297F,0.0183344938241719
297,E,G,E297G,0.0083487224509566
297,E,H,E297H,0.0084365161055959
297,E,I,E297I,0.0065323020101719
297,E,K,E297K,0.0139788689755403
297,E,L,E297L,0.0302577803342214
297,E,M,E297M,0
297,E,N,E297N,0.0154524400581254
297,E,P,E297P,0.0317941692903851
297,E,Q,E297Q,0.0081663235650292
297,E,R,E297R,0.0119739949140241
297,E,S,E297S,0.0071733470573988
297,E,T,E297T,0.0017263562605971
297,E,V,E297V,0.0226242734318237
297,E,W,E297W,0.0110953015257945
297,E,Y,E297Y,0.0271683519011867
298,H,A,H298A,0.0162221482199094
298,H,C,H298C,0.0090715064180189
298,H,D,H298D,0.0100273976749832
298,H,E,H298E,0.0157990736255766
298,H,F,H298F,0.0208782392831208
298,H,G,H298G,0.0159663356744974
298,H,I,H298I,0.0188983410026655
298,H,K,H298K,0.024962157907485
298,H,L,H298L,0.0258136049891015
298,H,M,H298M,0.0305688423347057
298,H,N,H298N,0.0178516287236633
298,H,P,H298P,0.0285844030031499
298,H,Q,H298Q,0.0383136049891015
298,H,R,H298R,0.0202780636958101
298,H,S,H298S,0.041938877452169
298,H,T,H298T,0
298,H,V,H298V,0.0093568357955935
298,H,W,H298W,0.0103490554613722
298,H,Y,H298Y,0.020024521675952
299,R,A,R299A,0.0348434851053524
299,R,C,R299C,0.0112012593848403
299,R,D,R299D,0.0200396585129571
299,R,E,R299E,0.0202318963429416
299,R,F,R299F,0.0108319205618808
299,R,G,R299G,0.020720059336401
299,R,H,R299H,0.026670349963673
299,R,I,R299I,0.0120882780334235
299,R,K,R299K,0.0032771252119157
299,R,L,R299L,0.0036843061273916
299,R,M,R299M,0
299,R,N,R299N,0.0079377573262305
299,R,P,R299P,0.0309313695810123
299,R,Q,R299Q,0.0066624788084296
299,R,S,R299S,0.0143519920077514
299,R,T,R299T,0.0074965185274885
299,R,V,R299V,0.011165687817875
299,R,W,R299W,0.0225024218939224
299,R,Y,R299Y,0.0344544683942857
300,K,A,K300A,0.0163364313393073
300,K,C,K300C,0.0175988435456527
300,K,D,K300D,0.0192669229837719
300,K,E,K300E,0.0273462097360136
300,K,F,K300F,0.0100697808186001
300,K,G,K300G,0.0202538447565996
300,K,H,K300H,0.013481623879874
300,K,I,K300I,0.0201494005812545
300,K,L,K300L,0.0109719363041898
300,K,M,K300M,0.0057875696294502
300,K,N,K300N,0.0166141922983773
300,K,P,K300P,0.025658452409783
300,K,Q,K300Q,0.0264516226689257
300,K,R,K300R,0.0091593000726568
300,K,S,K300S,0.0086908149673044
300,K,T,K300T,0.0248910147735529
300,K,V,K300V,0
300,K,W,K300W,0.0215450169532574
300,K,Y,K300Y,0.0112353172681022
301,R,A,R301A,0.0290998123032211
301,R,C,R301C,0
301,R,D,R301D,0.0431263623153306
301,R,E,R301E,0.0492212097360136
301,R,F,R301F,0.0283815693872608
301,R,G,R301G,0.0324889501089852
301,R,H,R301H,0.0451077742794852
301,R,I,R301I,0.0132439755388714
301,R,K,R301K,0.0396297529668201
301,R,L,R301L,0.0327001089852264
301,R,M,R301M,0.0471081072898993
301,R,N,R301N,0.0342168200532817
301,R,P,R301P,0.0355534027609591
301,R,Q,R301Q,0.018546409542262
301,R,S,R301S,0.0311728021312666
301,R,T,R301T,0.0325540385081119
301,R,V,R301V,0.0356495216759492
301,R,W,R301W,0.0333979171712265
301,R,Y,R301Y,0.052600508597722
302,F,A,F302A,0.0329370004843788
302,F,C,F302C,0.0135815270041158
302,F,D,F302D,0
302,F,E,F302E,0.0221058367643497
302,F,G,F302G,0.0208699140227644
302,F,H,F302H,0.0235135626059578
302,F,I,F302I,0.0201024763865328
302,F,K,F302K,0.0297983773310729
302,F,L,F302L,0.0048468152094938
302,F,M,F302M,0.0068357955921516
302,F,N,F302N,0.0183950411721966
302,F,P,F302P,0.0339072717364979
302,F,Q,F302Q,0.0221974146282393
302,F,R,F302R,0.0043223238072172
302,F,S,F302S,0.0347329861952047
302,F,T,F302T,0.029275399612497
302,F,V,F302V,0.0150089307338324
302,F,W,F302W,0.0284209251634778
302,F,Y,F302Y,0.0187590821022039
303,D,A,D303A,0.031648098813272
303,D,C,D303C,0.0086673528699443
303,D,E,D303E,0.0066919956405909
303,D,F,D303F,0.0023674013078227
303,D,G,D303G,0.0214284633083057
303,D,H,D303H,0
303,D,I,D303I,0.0061296621457966
303,D,K,D303K,0.0034300072656803
303,D,L,D303L,0.0370738980382645
303,D,M,D303M,0.0025013623153291
303,D,N,D303N,0.0152556611770404
303,D,P,D303P,0.0586196718333737
303,D,Q,D303Q,0.0068176313877452
303,D,R,D303R,0.0026708948898038
303,D,S,D303S,0.0135822838459675
303,D,T,D303T,0.0256274218939196
303,D,V,D303V,0.0152753390651475
303,D,W,D303W,0.0004707556309019
303,D,Y,D303Y,0.0309041232744006
304,E,A,E304A,0.0056225781060789
304,E,C,E304C,0.0223593787842092
304,E,D,E304D,0.0184404516832163
304,E,F,E304F,0.0009831375635747
304,E,G,E304G,0.0064853778154531
304,E,H,E304H,0.0212301707435228
304,E,I,E304I,0.0148378844756613
304,E,K,E304K,0.0275286086219438
304,E,L,E304L,0.0267233288931959
304,E,M,E304M,0.0078113647372245
304,E,N,E304N,0
304,E,P,E304P,0.0269920077500619
304,E,Q,E304Q,0.0234742068297423
304,E,R,E304R,0.0239653971906044
304,E,S,E304S,0.0307671348994914
304,E,T,E304T,0.0235302131266664
304,E,V,E304V,0.0260376301767997
304,E,W,E304W,0.0179772644708176
304,E,Y,E304Y,0.0129609166868491
305,E,A,E305A,0.0250696294502301
305,E,C,E305C,0.0412985892467896
305,E,D,E305D,0.0067449745701138
305,E,F,E305F,0.022500908210219
305,E,G,E305G,0.0177025308791461
305,E,H,E305H,0.0316382598692177
305,E,I,E305I,0.0087104928554115
305,E,K,E305K,0.0152798801162495
305,E,L,E305L,0.0394352446112846
305,E,M,E305M,0.0148923770888821
305,E,N,E305N,0.0532657725841608
305,E,P,E305P,0.0280682368612241
305,E,Q,E305Q,0
305,E,R,E305R,0.0139902216032937
305,E,S,E305S,0.0331330225236135
305,E,T,E305T,0.033428190845241
305,E,V,E305V,0.0423278941632357
305,E,W,E305W,0.0143557762170017
305,E,Y,E305Y,0.0433049769920078
306,R,A,R306A,0.0264887079195945
306,R,C,R306C,0.0070583070961506
306,R,D,R306D,0.0202523310729004
306,R,E,R306E,0.0398197202712521
306,R,F,R306F,0.024210613950109
306,R,G,R306G,0.0312182126422877
306,R,H,R306H,0.0279471421651746
306,R,I,R306I,0.0296061395010913
306,R,K,R306K,0.007990736255752
306,R,L,R306L,0.024763865342698
306,R,M,R306M,0.0199609469605245
306,R,N,R306N,0
306,R,P,R306P,0.0412410692661662
306,R,Q,R306Q,0.0020480140469847
306,R,S,R306S,0.0275831012351673
306,R,T,R306T,0.0256092576895146
306,R,V,R306V,0.0267483046742567
306,R,W,R306W,0.039404214095424
306,R,Y,R306Y,0.0306044139016725
307,L,A,L307A,0.0053425466214579
307,L,C,L307C,0.0225523734560412
307,L,D,L307D,0.0027200896100736
307,L,E,L307E,0.0154706042625319
307,L,F,L307F,0.0153268043109712
307,L,G,L307G,0.0164113586824883
307,L,H,L307H,0.0180272160329377
307,L,I,L307I,0.0175617582949852
307,L,K,L307K,0
307,L,M,L307M,0.0144148098813258
307,L,N,L307N,0.0226197323807203
307,L,P,L307P,0.0536154335190119
307,L,Q,L307Q,0.0074019132961962
307,L,R,L307R,0.0200638774521676
307,L,S,L307S,0.0210492855412919
307,L,T,L307T,0.0162266892710085
307,L,V,L307V,0.0135474691208511
307,L,W,L307W,0.03956012351659
307,L,Y,L307Y,0.0124810789537404
308,R,A,R308A,0.0053327076774037
308,R,C,R308C,0.0138388532332284
308,R,D,R308D,0.0197687091305401
308,R,E,R308E,0.0137079195931204
308,R,F,R308F,0.0186705316057142
308,R,G,R308G,0.0156151610559443
308,R,H,R308H,0.0375484378784195
308,R,I,R308I,0.0173808730927571
308,R,K,R308K,0
308,R,L,R308L,0.0128065209493824
308,R,M,R308M,0.0289310365705968
308,R,N,R308N,0.0271865161055946
308,R,P,R308P,0.0154539537418247
308,R,Q,R308Q,0.0034110862194221
308,R,S,R308S,0.0182414022765789
308,R,T,R308T,0.0166452228142407
308,R,V,R308V,0.0177744308549271
308,R,W,R308W,0.0216880600629692
308,R,Y,R308Y,0.0118090033906515
309,F,A,F309A,0.0279736316299346
309,F,C,F309C,0.030862496972634
309,F,D,F309D,0.0297923225962717
309,F,E,F309E,0.0474910692661662
309,F,G,F309G,0.0488912266892724
309,F,H,F309H,0.0275664507144601
309,F,I,F309I,0.0278850811334478
309,F,K,F309K,0.0400656938726098
309,F,L,F309L,0.0295206163720043
309,F,M,F309M,0.0236384415112618
309,F,N,F309N,0.0282271736497941
309,F,P,F309P,0.0618930128360392
309,F,Q,F309Q,0.0281522463066118
309,F,R,F309R,0.0611361709857123
309,F,S,F309S,0.0247063453620745
309,F,T,F309T,0.0359280394768709
309,F,V,F309V,0
309,F,W,F309W,0.0271645676919365
309,F,Y,F309Y,0.0224191692903851
310,L,A,L310A,0
310,L,C,L310C,0.0061228505691464
310,L,D,L310D,0.0216002664083327
310,L,E,L310E,0.0213406696536706
310,L,F,L310F,0.0294979111164945
310,L,G,L310G,0.0120595180431111
310,L,H,L310H,0.0127035904577379
310,L,I,L310I,0.0291240312424316
310,L,K,L310K,0.0288016166141937
310,L,M,L310M,0.0163167534512002
310,L,N,L310N,0.0178728202954724
310,L,P,L310P,0.0374326410753223
310,L,Q,L310Q,0.0013804795349977
310,L,R,L310R,0.0108682489706951
310,L,S,L310S,0.043474509566481
310,L,T,L310T,0.0003322535722935
310,L,V,L310V,0.002698141196417
310,L,W,L310W,0.0344052736740145
310,L,Y,L310Y,0.0287493945265197
311,Q,A,Q311A,0.0151005085977234
311,Q,C,Q311C,0.0085402034390879
311,Q,D,Q311D,0.0222284451441027
311,Q,E,Q311E,0.0068577440058125
311,Q,F,Q311F,0.0092168200532802
311,Q,G,Q311G,0.0218401852748835
311,Q,H,Q311H,0.0163455134415098
311,Q,I,Q311I,0.0198670985710826
311,Q,K,Q311K,0.0281984136594803
311,Q,L,Q311L,0
311,Q,M,Q311M,0.0067374061516105
311,Q,N,Q311N,0.0004291293291339
311,Q,P,Q311P,0.0171432247517558
311,Q,R,Q311R,0.004015046015983
311,Q,S,Q311S,0.0090662085250666
311,Q,T,Q311T,0.0047643194478067
311,Q,V,Q311V,0.0047877815451683
311,Q,W,Q311W,0.0222534209251635
311,Q,Y,Q311Y,0.0140749878905304
312,E,A,E312A,0.018426828529909
312,E,C,E312C,0.0375522220876726
312,E,D,E312D,0.014752361346573
312,E,F,E312F,0.014787176071688
312,E,G,E312G,0.0248660389924907
312,E,H,E312H,0.0207117340760474
312,E,I,E312I,0.0298899551949625
312,E,K,E312K,0.0131198534754177
312,E,L,E312L,0.0140454710583662
312,E,M,E312M,0.0074874364252845
312,E,N,E312N,0.0426979898280441
312,E,P,E312P,0.0410147735529184
312,E,Q,E312Q,0.0210841002664069
312,E,R,E312R,0
312,E,S,E312S,0.0206905425042369
312,E,T,E312T,0.0042368006781288
312,E,V,E312V,0.0171470089610061
312,E,W,E312W,0.0279145979656091
312,E,Y,E312Y,0.014304310971178
313,I,A,I313A,0.0206027488496018
313,I,C,I313C,0
313,I,D,I313D,0.0193539597965623
313,I,E,I313E,0.0311016589973373
313,I,F,I313F,0.0062378905303947
313,I,G,I313G,0.0607093121821265
313,I,H,I313H,0.0358909542262049
313,I,K,I313K,0.0140568236861239
313,I,L,I313L,0.0177449140227658
313,I,M,I313M,0.026098934366674702
313,I,N,I313N,0.0390976931460416
313,I,P,I313P,0.0347927767013819
313,I,Q,I313Q,0.01368067328651
313,I,R,I313R,0.0113503572293547
313,I,S,I313S,0.0278381569387261
313,I,T,I313T,0.0190913356744974
313,I,V,I313V,0.0458631024461143
313,I,W,I313W,0.0202515742310501
313,I,Y,I313Y,0.0171447384354579
314,D,A,D314A,0.0155591547590201
314,D,C,D314C,0.0262101901186728
314,D,E,D314E,0.0030122305643012
314,D,F,D314F,0.0186826410753195
314,D,G,D314G,0.031444508355534
314,D,H,D314H,0.0037546924194706
314,D,I,D314I,0.035547348026155
314,D,K,D314K,0.0298453015257932
314,D,L,D314L,0.0314952167595045
314,D,M,D314M,0.0200404153548074
314,D,N,D314N,0.0127807883264713
314,D,P,D314P,0.0413281060789538
314,D,Q,D314Q,0.0062219968515365
314,D,R,D314R,0.0155614252845725
314,D,S,D314S,0.0171719847420683
314,D,T,D314T,0
314,D,V,D314V,0.008351749818357901
314,D,W,D314W,0.0113087309275839
314,D,Y,D314Y,0.0315436546379254
315,K,A,K315A,0.0183776338096377
315,K,C,K315C,0.0315466820053268
315,K,D,K315D,0.0448731533058838
315,K,E,K315E,0.0224456587551465
315,K,F,K315F,0.0458192056187939
315,K,G,K315G,0.0451138290142878
315,K,H,K315H,0.0313960704771131
315,K,I,K315I,0.042672257205133
315,K,L,K315L,0.0246571506418005
315,K,M,K315M,0.0236164930976009
315,K,N,K315N,0
315,K,P,K315P,0.0558882295955437
315,K,Q,K315Q,0.0380691450714459
315,K,R,K315R,0.032747790021797
315,K,S,K315S,0.0290105049648811
315,K,T,K315T,0.0227400702349237
315,K,V,K315V,0.0437696778881085
315,K,W,K315W,0.049680612739162
315,K,Y,K315Y,0.0175382961976265
316,I,A,I316A,0.0391567268103657
316,I,C,I316C,0.0174663962218469
316,I,D,I316D,0.0265439573746684
316,I,E,I316E,0.035732774279488
316,I,F,I316F,0.0122101295713247
316,I,G,I316G,0.061345059336402497
316,I,H,I316H,0.0130252482441283
316,I,K,I316K,0.0030409905546151
316,I,L,I316L,0
316,I,M,I316M,0.0134150217970453
316,I,N,I316N,0.0086507023492385
316,I,P,I316P,0.0335182550254313
316,I,Q,I316Q,0.0305219181399855
316,I,R,I316R,0.0270343908936788
316,I,S,I316S,0.0259725417776715
316,I,T,I316T,0.0328340699927343
316,I,V,I316V,0.0090291232744005
316,I,W,I316W,0.0216956284814725
316,I,Y,I316Y,0.0118460886413175
317,K,A,K317A,0.0348419714216503
317,K,C,K317C,0.0142112194235892
317,K,D,K317D,0.0319485650278518
317,K,E,K317E,0.0268648583192042
317,K,F,K317F,0.0337770949382417
317,K,G,K317G,0.0107403426979898
317,K,H,K317H,0.0342607168806006
317,K,I,K317I,0.0188113041898765
317,K,L,K317L,0.0022773371276338
317,K,M,K317M,0
317,K,N,K317N,0.0268777246306598
317,K,P,K317P,0.0435229474449005
317,K,Q,K317Q,0.006676858803583
317,K,R,K317R,0.0131766166141923
317,K,S,K317S,0.0166686849116008
317,K,T,K317T,0.0159012472753693
317,K,V,K317V,0.0629192903850812
317,K,W,K317W,0.0302767013804795
317,K,Y,K317Y,0.0056725296682005
318,L,A,L318A,0.0193653124243172
318,L,C,L318C,0.0174777488496018
318,L,D,L318D,0
318,L,E,L318E,0.0113942540566737
318,L,F,L318F,0.0236785541293305
318,L,G,L318G,0.019893588035844
318,L,H,L318H,0.0256175829498682
318,L,I,L318I,0.0386057459433291
318,L,K,L318K,0.0244013380963914
318,L,M,L318M,0.0222254177767028
318,L,N,L318N,0.0011731048680081
318,L,P,L318P,0.0528631327197883
318,L,Q,L318Q,0.0122532695567934
318,L,R,L318R,0.0076524279486558
318,L,S,L318S,0.034779153548076
318,L,T,L318T,0.0341880600629692
318,L,V,L318V,0.0272849055461371
318,L,W,L318W,0.0096921167352884
318,L,Y,L318Y,0.0107872668927115
319,V,A,V319A,0
319,V,C,V319C,0.0111127088883492
319,V,D,V319D,0.0182239949140213
319,V,E,V319E,0.0078507205134415
319,V,F,V319F,0.0189323988859288
319,V,G,V319G,0.0207041656575442
319,V,H,V319H,0.0288780576410753
319,V,I,V319I,0.0144587067086447
319,V,K,V319K,0.0111732562363754
319,V,L,V319L,0.0057928675224011
319,V,M,V319M,0.0152813937999515
319,V,N,V319N,0.0099721482199079
319,V,P,V319P,0.0230481048680068
319,V,Q,V319Q,0.0206496730443206
319,V,R,V319R,0.0032506357471542
319,V,S,V319S,0.01428236255752
319,V,T,V319T,0.004174739646402
319,V,W,V319W,0.0197081617825139
319,V,Y,V319Y,0.0183670380237345
320,L,A,L320A,0.016884384838944
320,L,C,L320C,0.0207972572051344
320,L,D,L320D,0.0384233470573989
320,L,E,L320E,0.0203098510535238
320,L,F,L320F,0.0330944235892454
320,L,G,L320G,0.0114805340276081
320,L,H,L320H,0.0087506054734788
320,L,I,L320I,0.0164211976265425
320,L,K,L320K,0.0044275248244126
320,L,M,L320M,0.0286260293049164
320,L,N,L320N,0.0303622245095665
320,L,P,L320P,0.048099570113829
320,L,Q,L320Q,0
320,L,R,L320R,0.0361687151852749
320,L,S,L320S,0.0385474691208525
320,L,T,L320T,0.0143171772826336
320,L,V,L320V,0.0124409663356731
320,L,W,L320W,0.0360226447081604
320,L,Y,L320Y,0.0239638835069024
321,Y,A,Y321A,0.0296091668684912
321,Y,C,Y321C,0.0435343000726582
321,Y,D,Y321D,0.033701410753209
321,Y,E,Y321E,0.0237928372487285
321,Y,F,Y321F,0.0595256115282165
321,Y,G,Y321G,0.0297257205134429
321,Y,H,Y321H,0.0271479171712293
321,Y,I,Y321I,0.0490668139985483
321,Y,K,Y321K,0
321,Y,L,Y321L,0.0421886352627755
321,Y,M,Y321M,0.0278654032453393
321,Y,N,Y321N,0.03295970573989
321,Y,P,Y321P,0.059256932671349
321,Y,Q,Y321Q,0.0256001755873093
321,Y,R,Y321R,0.0176117098571096
321,Y,S,Y321S,0.0498713368854444
321,Y,T,Y321T,0.0287017134899505
321,Y,V,Y321V,0.0398825381448293
321,Y,W,Y321W,0.0418245943327682
322,L,A,L322A,0.0087331981109213
322,L,C,L322C,0.0115017255994173
322,L,D,L322D,0.021470846451924
322,L,E,L322E,0.005010293049163
322,L,F,L322F,0.0060607895374182
322,L,G,L322G,0.0149211370791945
322,L,H,L322H,0.0055188907725841
322,L,I,L322I,0.0255524945507387
322,L,K,L322K,0.0068865039961235
322,L,M,L322M,0.0201206405909421
322,L,N,L322N,0.0176556066844272
322,L,P,L322P,0.0424550435940906
322,L,Q,L322Q,0.0018921046258159
322,L,R,L322R,0.0063249273431823
322,L,S,L322S,0
322,L,T,L322T,0.0120633022523613
322,L,V,L322V,0.0271857592637428
322,L,W,L322W,0.0202001089852264
322,L,Y,L322Y,0.0061236074109939
323,E,A,E323A,0.0151678675224025
323,E,C,E323C,0.0272758234439346
323,E,D,E323D,0.0266385626059578
323,E,F,E323F,0.0348291051101976
323,E,G,E323G,0.0583820234923711
323,E,H,E323H,0.0241046560910632
323,E,I,E323I,0.0216653548074608
323,E,K,E323K,0.0284776883022524
323,E,L,E323L,0.0377262957132492
323,E,M,E323M,0.0095589125696308
323,E,N,E323N,0.0230397796076532
323,E,P,E323P,0.0377308367643511
323,E,Q,E323Q,0.0057194538629208
323,E,R,E323R,0.0268512351659011
323,E,S,E323S,0
323,E,T,E323T,0.0283179946718334
323,E,V,E323V,0.0282347420682988
323,E,W,E323W,0.0181626907241463
323,E,Y,E323Y,0.0228142407362571
324,K,A,K324A,0.02708661298135
324,K,C,K324C,0.0323920743521434
324,K,D,K324D,0.0500052978929523
324,K,E,K324E,0.019926889077257
324,K,F,K324F,0.0240577318963429
324,K,G,K324G,0.0324828953741826
324,K,H,K324H,0.0364623698232017
324,K,I,K324I,0.012730079922498
324,K,L,K324L,0.0487413720029063
324,K,M,K324M,0.0464413296197613
324,K,N,K324N,0.0264266468878649
324,K,P,K324P,0.0710167413417293
324,K,Q,K324Q,0.0060509505933626
324,K,R,K324R,0.0179144465972376
324,K,S,K324S,0
324,K,T,K324T,0.0256153124243144
324,K,V,K324V,0.013840366916929
324,K,W,K324W,0.0393595604262533
324,K,Y,K324Y,0.0311644768709116
325,E,A,E325A,0.0252043472995897
325,E,C,E325C,0.02279759021555
325,E,D,E325D,0.0320295471058368
325,E,F,E325F,0.0062704347299602
325,E,G,E325G,0.0485135626059579
325,E,H,E325H,0.0232441269072414
325,E,I,E325I,0.0441216093485105
325,E,K,E325K,0.0034209251634778
325,E,L,E325L,0.0176487951077743
325,E,M,E325M,0.0394148098813272
325,E,N,E325N,0.0369724812303221
325,E,P,E325P,0.0439127209978203
325,E,Q,E325Q,0.01052918382175
325,E,R,E325R,0.0085727476386548
325,E,S,E325S,0.0139864373940421
325,E,T,E325T,0
325,E,V,E325V,0.025559306127393
325,E,W,E325W,0.0277208464519268
325,E,Y,E325Y,0.0211461612981351
326,K,A,K326A,0.022074049406636
326,K,C,K326C,0.0177880540082344
326,K,D,K326D,0.0190784693630419
326,K,E,K326E,0.0298581678372501
326,K,F,K326F,0.024564815936062
326,K,G,K326G,0.0640621215790763
326,K,H,K326H,0.0284678493581995
326,K,I,K326I,0.0081701077742809
326,K,L,K326L,0.0272160329377573
326,K,M,K326M,0.0101220029062727
326,K,N,K326N,0.0301866372002906
326,K,P,K326P,0.0450078711552448
326,K,Q,K326Q,0.0187310789537432
326,K,R,K326R,0
326,K,S,K326S,0.0093326168563831
326,K,T,K326T,0.0173407604746926
326,K,V,K326V,0.0244603717607169
326,K,W,K326W,0.0075933942843317
326,K,Y,K326Y,0.0387404637926873
327,Y,A,Y327A,0.0358659784451455
327,Y,C,Y327C,0.0147228445144102
327,Y,D,Y327D,0.0156772220876725
327,Y,E,Y327E,0
327,Y,F,Y327F,0.0177403729716652
327,Y,G,Y327G,0.0377550557035616
327,Y,H,Y327H,0.0387828469363056
327,Y,I,Y327I,0.0234030636958101
327,Y,K,Y327K,0.025406424073627
327,Y,L,Y327L,0.0222428251392603
327,Y,M,Y327M,0.0280205558246563
327,Y,N,Y327N,0.0309449927343182
327,Y,P,Y327P,0.0419683942843318
327,Y,Q,Y327Q,0.0188960704771145
327,Y,R,Y327R,0.02009263744248
327,Y,S,Y327S,0.0310040263986437
327,Y,T,Y327T,0.0208502361346573
327,Y,V,Y327V,0.0271880297892966
327,Y,W,Y327W,0.0279040021797045
328,Y,A,Y328A,0.0221134051828516
328,Y,C,Y328C,0.0214980927585357
328,Y,D,Y328D,0.0107380721724388
328,Y,E,Y328E,0.0127104020343895
328,Y,F,Y328F,0.0263888047953485
328,Y,G,Y328G,0.0060418684911586
328,Y,H,Y328H,0.0294146585129557
328,Y,I,Y328I,0.0016998667958329
328,Y,K,Y328K,0.0210371760716866
328,Y,L,Y328L,0.0046651731654139
328,Y,M,Y328M,0.0072482744005798
328,Y,N,Y328N,0.0014667595059322
328,Y,P,Y328P,0.0401618127875985
328,Y,Q,Y328Q,0.0229966396221845
328,Y,R,Y328R,0.0011133143618309
328,Y,S,Y328S,0.026817177282635
328,Y,T,Y328T,0.0157097662872352
328,Y,V,Y328V,0
328,Y,W,Y328W,0.0234567994671833
329,Q,A,Q329A,0.0035518588035829
329,Q,C,Q329C,0.0345929704528942
329,Q,D,Q329D,0.0252868430612739
329,Q,E,Q329E,0.0223048861709843
329,Q,F,Q329F,0.0320704165657544
329,Q,G,Q329G,0.0338262896585115
329,Q,H,Q329H,0.0240123213853233
329,Q,I,Q329I,0.0412032271736498
329,Q,K,Q329K,0.029385141680793
329,Q,L,Q329L,0
329,Q,M,Q329M,0.0107683458464519
329,Q,N,Q329N,0.0269019435698716
329,Q,P,Q329P,0.0621768285299104
329,Q,R,Q329R,0.0118604686364723
329,Q,S,Q329S,0.0204657604746898
329,Q,T,Q329T,0.0264243763623153
329,Q,V,Q329V,0.0048104868006781
329,Q,W,Q329W,0.0484265257931689
329,Q,Y,Q329Y,0.0199064543472982
330,E,A,E330A,0.0226144344877694
330,E,C,E330C,0.0087604444175331
330,E,D,E330D,0.0052729171712264
330,E,F,E330F,0.018693236861224
330,E,G,E330G,0.0086809760232487
330,E,H,E330H,0.0254563756357471
330,E,I,E330I,0.0242885686606926
330,E,K,E330K,0.0294948837490904
330,E,L,E330L,0.0175678130297879
330,E,M,E330M,0.0229784754177767
330,E,N,E330N,0.020355261564542
330,E,P,E330P,0.033469817147009
330,E,Q,E330Q,0.0193153608621928
330,E,R,E330R,0
330,E,S,E330S,0.0236021131024447
330,E,T,E330T,0.0173604383627983
330,E,V,E330V,0.0141786752240237
330,E,W,E330W,0.0294101174618538
330,E,Y,E330Y,0.0366076834584645
331,Y,A,Y331A,0.0193857471542732
331,Y,C,Y331C,0.0200457132477597
331,Y,D,Y331D,0.0033323746669881
331,Y,E,Y331E,0.0338664022765803
331,Y,F,Y331F,0.0136208827803328
331,Y,G,Y331G,0.0276973843545653
331,Y,H,Y331H,0.0271297529668186
331,Y,I,Y331I,0
331,Y,K,Y331K,0.0095066904819554
331,Y,L,Y331L,0.0158369157180901
331,Y,M,Y331M,0.0139198353112133
331,Y,N,Y331N,0.019366826108015
331,Y,P,Y331P,0.0160904577379511
331,Y,Q,Y331Q,0.0208320719302494
331,Y,R,Y331R,0.0039181702591426
331,Y,S,Y331S,0.0171629026398644
331,Y,T,Y331T,0.008172378299829
331,Y,V,Y331V,0.016795077500604
331,Y,W,Y331W,0.0288129692419458
332,K,A,K332A,0.0335061455558261
332,K,C,K332C,0.0210886413175117
332,K,D,K332D,0.0156537599903124
332,K,E,K332E,0.0180287297166398
332,K,F,K332F,0
332,K,G,K332G,0.0290347239040944
332,K,H,K332H,0.0162849660934865
332,K,I,K332I,0.0197611407120368
332,K,L,K332L,0.0213883506902412
332,K,M,K332M,0.0176457677403729
332,K,N,K332N,0.0339821990796803
332,K,P,K332P,0.0196635081133446
332,K,Q,K332Q,0.023068539597967
332,K,R,K332R,0.0336628118188423
332,K,S,K332S,0.0117318055219195
332,K,T,K332T,0.0427585371760717
332,K,V,K332V,0.0208063393073383
332,K,W,K332W,0.0400831012351659
332,K,Y,K332Y,0.0311024158391876
333,N,A,N333A,0.014122668927101
333,N,C,N333C,0.0234840457737951
333,N,D,N333D,0.0270154698474207
333,N,E,N333E,0.025550980867038
333,N,F,N333F,0.0233705194962446
333,N,G,N333G,0.0144322172438847
333,N,H,N333H,0.0424467183337356
333,N,I,N333I,0.0162637745216759
333,N,K,N333K,0.0085606381690467
333,N,L,N333L,0
333,N,M,N333M,0.0114903729716638
333,N,P,N333P,0.0061077137321385
333,N,Q,N333Q,0.0425269435698717
333,N,R,N333R,0.0139493521433747
333,N,S,N333S,0.0056717728263502
333,N,T,N333T,0.0140204952773068
333,N,V,N333V,0.0110612436425284
333,N,W,N333W,0.0498963126665052
333,N,Y,N333Y,0.0309132053766031
334,F,A,F334A,0.0053697929280697
334,F,C,F334C,0.0365198898038252
334,F,D,F334D,0.0039567691935093
334,F,E,F334E,0.0207351961734076
334,F,G,F334G,0.0124916747396464
334,F,H,F334H,0.0343560789537404
334,F,I,F334I,0.0270782877209964
334,F,K,F334K,0.0208608319205605
334,F,L,F334L,0.0133817207556295
334,F,M,F334M,0.0307527549043338
334,F,N,F334N,0.0088558064906743
334,F,P,F334P,0.0148462097360121
334,F,Q,F334Q,0.0073739101477355
334,F,R,F334R,0.0309669411479763
334,F,S,F334S,0
334,F,T,F334T,0.0111437394042127
334,F,V,F334V,0.0288931944780804
334,F,W,F334W,0.0195885807701608
334,F,Y,F334Y,0.0180438665536435
335,E,A,E335A,0.0214784148704287
335,E,C,E335C,0.0450880963913795
335,E,D,E335D,0.0049679099055461
335,E,F,E335F,0.0400838580770162
335,E,G,E335G,0.0236717425526776
335,E,H,E335H,0.0239759929765076
335,E,I,E335I,0.0116319023976764
335,E,K,E335K,0.0161502482441269
335,E,L,E335L,0.0169858016468893
335,E,M,E335M,0.0531522463066132
335,E,N,E335N,0
335,E,P,E335P,0.0210243097602339
335,E,Q,E335Q,0.0347117946233969
335,E,R,E335R,0.035004692419472
335,E,S,E335S,0.0218235347541792
335,E,T,E335T,0.0592516347783982
335,E,V,E335V,0.0233447868733363
335,E,W,E335W,0.0458245035117476
335,E,Y,E335Y,0.0580232804553175
336,N,A,N336A,0.0223427282635035
336,N,C,N336C,0.0035677524824412
336,N,D,N336D,0.0009854080891256
336,N,E,N336E,0
336,N,F,N336F,0.0239994550738692
336,N,G,N336G,0.020927434003392
336,N,H,N336H,0.0132765197384368
336,N,I,N336I,0.0167716154032467
336,N,K,N336K,0.0166883627997093
336,N,L,N336L,0.0272932308064921
336,N,M,N336M,0.0123100326955693
336,N,P,N336P,0.0039083313150898
336,N,Q,N336Q,0.024494429643983
336,N,R,N336R,0.0090207980140484
336,N,S,N336S,0.0065027851780092
336,N,T,N336T,0.0257939271009944
336,N,V,N336V,0.0330838278033436
336,N,W,N336W,0.0281931157665308
336,N,Y,N336Y,0.0388986437394042
337,D,A,D337A,0.0415150460159859
337,D,C,D337C,0.0282733410026641
337,D,E,D337E,0.0300004541051116
337,D,F,D337F,0.0420062363768481
337,D,G,D337G,0.0302138835069038
337,D,H,D337H,0.0251104989101491
337,D,I,D337I,0.0507333797529683
337,D,K,D337K,0.0293314059094212
337,D,L,D337L,0.0705747457011383
337,D,M,D337M,0.0573481775248245
337,D,N,D337N,0.0242439149915248
337,D,P,D337P,0
337,D,Q,D337Q,0.0268535056914507
337,D,R,D337R,0.033071718333737
337,D,S,D337S,0.0564543472995897
337,D,T,D337T,0.0113768466941148
337,D,V,D337V,0.0549815330588521
337,D,W,D337W,0.0505736861225493
337,D,Y,D337Y,0.0387192722208767
338,K,A,K338A,0.0266022341971422
338,K,C,K338C,0.0359424194720285
338,K,D,K338D,0
338,K,E,K338E,0.0315640893678871
338,K,F,K338F,0.0610075078711567
338,K,G,K338G,0.0224865282150642
338,K,H,K338H,0.0466358379752967
338,K,I,K338I,0.069148098813272
338,K,L,K338L,0.0603672196657801
338,K,M,K338M,0.0712574170501333
338,K,N,K338N,0.0306089549527745
338,K,P,K338P,0.022755963913782
338,K,Q,K338Q,0.024686667473966
338,K,R,K338R,0.0249084221361118
338,K,S,K338S,0.0210674497457011
338,K,T,K338T,0.0257939271009944
338,K,V,K338V,0.0518860498910162
338,K,W,K338W,0.1018663720029078
338,K,Y,K338Y,0.0476606018406408
339,K,A,K339A,0.0185751695325745
339,K,C,K339C,0.0517134899491388
339,K,D,K339D,0.0233114858319205
339,K,E,K339E,0.0199117522402504
339,K,F,K339F,0.0486217909905546
339,K,G,K339G,0.030613496003875
339,K,H,K339H,0.0131993218697021
339,K,I,K339I,0.051025520707193
339,K,L,K339L,0.0271070477113102
339,K,M,K339M,0.0410851598449974
339,K,N,K339N,0
339,K,P,K339P,0.0308390348752725
339,K,Q,K339Q,0.0578431520949383
339,K,R,K339R,0.0454733288931945
339,K,S,K339S,0.0316851840639366
339,K,T,K339T,0.0183223843545652
339,K,V,K339V,0.0414446597239041
339,K,W,K339W,0.0617386170985697
339,K,Y,K339Y,0.0514523795107775
340,K,A,K340A,0.0378012230564301
340,K,C,K340C,0.0353422438847179
340,K,D,K340D,0.0462755812545425
340,K,E,K340E,0.0200805279728762
340,K,F,K340F,0.0364169593121835
340,K,G,K340G,0.0314838641317524
340,K,H,K340H,0.0442517861467682
340,K,I,K340I,0.0579188362799724
340,K,L,K340L,0.0504609166868491
340,K,M,K340M,0.0486921772826365
340,K,N,K340N,0.0286335977234211
340,K,P,K340P,0
340,K,Q,K340Q,0.0262987406151625
340,K,R,K340R,0.0427358319205619
340,K,S,K340S,0.0079347299588278
340,K,T,K340T,0.0212854201985967
340,K,V,K340V,0.0342887200290641
340,K,W,K340W,0.0784935819811107
340,K,Y,K340Y,0.0449692722208767
341,I,A,I341A,0.032826501574231
341,I,C,I341C,0.0484076047469121
341,I,D,I341D,0
341,I,E,I341E,0.0271812182126423
341,I,F,I341F,0.0742999212884462
341,I,G,I341G,0.0274014591910874
341,I,H,I341H,0.0202508173891969
341,I,K,I341K,0.0171962036812787
341,I,L,I341L,0.0732418563816891
341,I,M,I341M,0.0367265076289659
341,I,N,I341N,0.0264463247759734
341,I,P,I341P,0.0211469181399855
341,I,Q,I341Q,0.0189240736255738
341,I,R,I341R,0.0362610498910134
341,I,S,I341S,0.037138986437394
341,I,T,I341T,0.0420614858319192
341,I,V,I341V,0.0387730079922499
341,I,W,I341W,0.0611270888835069
341,I,Y,I341Y,0.0627573262291112
342,V,A,V342A,0.0181467970452894
342,V,C,V342C,0.0185721421651731
342,V,D,V342D,0.01252648946476
342,V,E,V342E,0.0453075805279729
342,V,F,V342F,0.0244353959796547
342,V,G,V342G,0
342,V,H,V342H,0.0152897190603037
342,V,I,V342I,0.0352847239040916
342,V,K,V342K,0.0373191147977719
342,V,L,V342L,0.0140878542019859
342,V,M,V342M,0.0308973116977476
342,V,N,V342N,0.0133786933882296
342,V,P,V342P,0.0001793715185274
342,V,Q,V342Q,0.0269140530394755
342,V,R,V342R,0.0176351719544684
342,V,S,V342S,0.0110158331315074
342,V,T,V342T,0.0009778396706224
342,V,W,V342W,0.0330543109711781
342,V,Y,V342Y,0.0212854201985939
343,D,A,D343A,0.0262109469605245
343,D,C,D343C,0.0286025672075577
343,D,E,D343E,0.0516589973359167
343,D,F,D343F,0.038573201743765
343,D,G,D343G,0.01439815936062
343,D,H,D343H,0.0227771554855897
343,D,I,D343I,0.0315292746427706
343,D,K,D343K,0.0374803221118929
343,D,L,D343L,0.0312613526277563
343,D,M,D343M,0.0292042564785662
343,D,N,D343N,0.0237300193751514
343,D,P,D343P,0.0172030152579317
343,D,Q,D343Q,0.0358621942358939
343,D,R,D343R,0.0446241523371276
343,D,S,D343S,0.0127875999031242
343,D,T,D343T,0.0117174255267619
343,D,V,D343V,0
343,D,W,D343W,0.0779297348026157
343,D,Y,D343Y,0.0221747093727309
344,A,C,A344C,0.019882992249938
344,A,D,A344D,0
344,A,E,A344E,0.0092433095180417
344,A,F,A344F,0.0276005085977234
344,A,G,A344G,0.0169744490191315
344,A,H,A344H,0.0246420138047953
344,A,I,A344I,0.0269042140954226
344,A,K,A344K,0.0342523916202456
344,A,L,A344L,0.032798498425769
344,A,M,A344M,0.0185638169048195
344,A,N,A344N,0.0115100508597723
344,A,P,A344P,0.0339920380237346
344,A,Q,A344Q,0.0277480927585372
344,A,R,A344R,0.0372547832404927
344,A,S,A344S,0.0107925647856609
344,A,T,A344T,0.0288326471300543
344,A,V,A344V,0.0017846330830709
344,A,W,A344W,0.0268588035844016
344,A,Y,A344Y,0.0161721966577864
345,N,A,N345A,0.0098858682489692
345,N,C,N345C,0.0346353535965125
345,N,D,N345D,0.0231987163962218
345,N,E,N345E,0.0132167292322596
345,N,F,N345F,0.0039363344635505
345,N,G,N345G,0.0372502421893907
345,N,H,N345H,0.0414938544441754
345,N,I,N345I,0.0190126241220634
345,N,K,N345K,0.0466479474449019
345,N,L,N345L,0.0299202288689741
345,N,M,N345M,0.0315307883264699
345,N,P,N345P,0
345,N,Q,N345Q,0.0317162145798
345,N,R,N345R,0.0170713247759734
345,N,S,N345S,0.0055938181157651
345,N,T,N345T,0.013363556551223
345,N,V,N345V,0.0215775611528215
345,N,W,N345W,0.0328204468394284
345,N,Y,N345Y,0.0505093545652701
346,I,A,I346A,0.0107585069023991
346,I,C,I346C,0.0204907362557534
346,I,D,I346D,0.0001127694357001
346,I,E,I346E,0.0164756902397689
346,I,F,I346F,0.030748970695085
346,I,G,I346G,0.0361437394042155
346,I,H,I346H,0.0211264834100266
346,I,K,I346K,0.0379631872124001
346,I,L,I346L,0.01712960159845
346,I,M,I346M,0.0249159905546137
346,I,N,I346N,0.0166951743763637
346,I,P,I346P,0.0172620489222586
346,I,Q,I346Q,0.0141431036570612
346,I,R,I346R,0.0276966275127149
346,I,S,I346S,0
346,I,T,I346T,0.032922620489224
346,I,V,I346V,0.005689937030758
346,I,W,I346W,0.0020215245822233
346,I,Y,I346Y,0.0299111467667716
347,A,C,A347C,0.0129253451198823
347,A,D,A347D,0.002438544441752
347,A,E,A347E,0
347,A,F,A347F,0.0338096391378058
347,A,G,A347G,0.0116803402760959
347,A,H,A347H,0.0143890772584146
347,A,I,A347I,0.0301904214095408
347,A,K,A347K,0.0117817570840383
347,A,L,A347L,0.0095626967788811
347,A,M,A347M,0.0315709009445386
347,A,N,A347N,0.0294782332283832
347,A,P,A347P,0.0307603233228385
347,A,Q,A347Q,0.0140507689513185
347,A,R,A347R,0.0100258839912811
347,A,S,A347S,0.0245035117461855
347,A,T,A347T,0.0323103354323081
347,A,V,A347V,0.0158845967546607
347,A,W,A347W,0.0780735347541778
347,A,Y,A347Y,0.0268784814725115
348,T,A,T348A,0.0313604989101463
348,T,C,T348C,0.0506682913538373
348,T,D,T348D,0
348,T,E,T348E,0.0402935032695554
348,T,F,T348F,0.0535087188181158
348,T,G,T348G,0.02856472511504
348,T,H,T348H,0.0230057217243885
348,T,I,T348I,0.0147879329135384
348,T,K,T348K,0.0283028578348268
348,T,L,T348L,0.0403903790263972
348,T,M,T348M,0.0383945870670865
348,T,N,T348N,0.0333789961249683
348,T,P,T348P,0.0573307701622655
348,T,Q,T348Q,0.0163046439815922
348,T,R,T348R,0.0382084039719046
348,T,S,T348S,0.0281461915718091
348,T,V,T348V,0.0200827984984257
348,T,W,T348W,0.0568410934851054
348,T,Y,T348Y,0.0158982199079666
349,E,A,E349A,0.1355397796076533
349,E,C,E349C,0.1724108440300303
349,E,D,E349D,0
349,E,F,E349F,0.1503822051344153
349,E,G,E349G,0.1162145798014048
349,E,H,E349H,0.1243907423104855
349,E,I,E349I,0.128890923952531
349,E,K,E349K,0.1661472208767258
349,E,L,E349L,0.1706557277791235
349,E,M,E349M,0.1518149067570842
349,E,N,E349N,0.0934502906272706
349,E,P,E349P,0.1680294865584889
349,E,Q,E349Q,0.0861089246790977
349,E,R,E349R,0.1749228021312669
349,E,S,E349S,0.1055340276095908
349,E,T,E349T,0.1244308549285543
349,E,V,E349V,0.1465768043109699
349,E,W,E349W,0.1042875090821023
349,E,Y,E349Y,0.1442699503511734
350,T,A,T350A,0.0546348994914037
350,T,C,T350C,0.0928296803100025
350,T,D,T350D,0
350,T,E,T350E,0.046120428675224
350,T,F,T350F,0.1217826652942617
350,T,G,T350G,0.0547378299830482
350,T,H,T350H,0.0547529668200547
350,T,I,T350I,0.141484772341973
350,T,K,T350K,0.0601780092031983
350,T,L,T350L,0.1117469423589262
350,T,M,T350M,0.0683708222329877
350,T,N,T350N,0.0527443085492856
350,T,P,T350P,0.0171999878905318
350,T,Q,T350Q,0.0420387805764122
350,T,R,T350R,0.0531310547348026
350,T,S,T350S,0.0486187636231547
350,T,V,T350V,0.1268686425284574
350,T,W,T350W,0.0781741947202727
350,T,Y,T350Y,0.121768285299104
351,M,A,M351A,0
351,M,C,M351C,0.0327697384354579
351,M,D,M351D,0.0230723238072172
351,M,E,M351E,0.0496321748607411
351,M,F,M351F,0.0900543412448536
351,M,G,M351G,0.0669002785178024
351,M,H,M351H,0.0959206224267392
351,M,I,M351I,0.0507280818600146
351,M,K,M351K,0.1412615039961251
351,M,L,M351L,0.0831844877694358
351,M,N,M351N,0.0596822777912328
351,M,P,M351P,0.0463906212157908
351,M,Q,M351Q,0.0591063211431354
351,M,R,M351R,0.1522523613465732
351,M,S,M351S,0.0437658936788583
351,M,T,M351T,0.0812976810365707
351,M,V,M351V,0.0435668442722209
351,M,W,M351W,0.0407597178493596
351,M,Y,M351Y,0.0949851658997351
352,I,A,I352A,0.0892225720513442
352,I,C,I352C,0.0619414507144573
352,I,D,I352D,0.0826244248001938
352,I,E,I352E,0.0818759082102191
352,I,F,I352F,0.0660904577379511
352,I,G,I352G,0.0953416384112363
352,I,H,I352H,0.155310759263743
352,I,K,I352K,0.1225092334705727
352,I,L,I352L,0.0334645192540553
352,I,M,I352M,0
352,I,N,I352N,0.2071052312908697
352,I,P,I352P,0.1541936606926604
352,I,Q,I352Q,0.0688211431339308
352,I,R,I352R,0.1005729292806976
352,I,S,I352S,0.1115819508355535
352,I,T,I352T,0.0880048135141682
352,I,V,I352V,0.1248017074352145
352,I,W,I352W,0.0707737951077729
352,I,Y,I352Y,0.1164317934124472
353,D,A,D353A,0.0307050738677646
353,D,C,D353C,0.0419729353354323
353,D,E,D353E,0.0018913477839656
353,D,F,D353F,0.0483357047711296
353,D,G,D353G,0.044543927100993
353,D,H,D353H,0.0336590276095907
353,D,I,D353I,0.0382697081617825
353,D,K,D353K,0.090085371760717
353,D,L,D353L,0.0127906272705241
353,D,M,D353M,0.0359166868491146
353,D,N,D353N,0
353,D,P,D353P,0.0478301344151126
353,D,Q,D353Q,0.0669555279728734
353,D,R,D353R,0.0839541959312183
353,D,S,D353S,0.0652465790748366
353,D,T,D353T,0.075041626301768
353,D,V,D353V,0.0472662872366176
353,D,W,D353W,0.0562802736740131
353,D,Y,D353Y,0.0280954831678372
354,I,A,I354A,0.024361982320173
354,I,C,I354C,0.0785806187938955
354,I,D,I354D,0.3652602022281415
354,I,E,I354E,0.3535147735529189
354,I,F,I354F,0.1162266892710101
354,I,G,I354G,0.2624901610559447
354,I,H,I354H,0.2894208646161288
354,I,K,I354K,0.372170168321628
354,I,L,I354L,0.0967864495035104
354,I,M,I354M,0.0277450653911345
354,I,N,I354N,0.3877497578106084
354,I,P,I354P,0.2990418382174865
354,I,Q,I354Q,0.3048468152094928
354,I,R,I354R,0.3427615645434734
354,I,S,I354S,0.1843250484378786
354,I,T,I354T,0.0724736619036073
354,I,V,I354V,0
354,I,W,I354W,0.1260936364737226
354,I,Y,I354Y,0.0546924194720257
355,N,A,N355A,0.0289295228868975
355,N,C,N355C,0.0534284935819811
355,N,D,N355D,0
355,N,E,N355E,0.0673278941632357
355,N,F,N355F,0.10037009566481
355,N,G,N355G,0.0348321324775975
355,N,H,N355H,0.0719098147251151
355,N,I,N355I,0.0329634899491402
355,N,K,N355K,0.1958245035117464
355,N,L,N355L,0.1183496306611772
355,N,M,N355M,0.1105859469605232
355,N,P,N355P,0.1163916807943799
355,N,Q,N355Q,0.1237890530394756
355,N,R,N355R,0.1342652579317013
355,N,S,N355S,0.0650709917655607
355,N,T,N355T,0.1130078408815681
355,N,V,N355V,0.0603929522886884
355,N,W,N355W,0.0798967667716141
355,N,Y,N355Y,0.0649287054976992
356,V,A,V356A,0.0005926071688045
356,V,C,V356C,0.0301942056187939
356,V,D,V356D,0.1596353535965113
356,V,E,V356E,0.2008658270767743
356,V,F,V356F,0.0199034269798983
356,V,G,V356G,0.0343522947444902
356,V,H,V356H,0.422463822959555
356,V,I,V356I,0
356,V,K,V356K,0.3335470150157428
356,V,L,V356L,0.0588005570356019
356,V,M,V356M,0.0393905909421167
356,V,N,V356N,0.1777829074836524
356,V,P,V356P,0.241164628239282
356,V,Q,V356Q,0.3133060365705986
356,V,R,V356R,0.4071650217970459
356,V,S,V356S,0.0694742976507629
356,V,T,V356T,0.0722579619762655
356,V,W,V356W,0.2738450593364014
356,V,Y,V356Y,0.3267445204650041
357,G,A,G357A,0.0163439997578106
357,G,C,G357C,0.0144988193267135
357,G,D,G357D,0.1019534088156926
357,G,E,G357E,0
357,G,F,G357F,0.147241311455557
357,G,H,G357H,0.0844491705013307
357,G,I,G357I,0.0359265257931703
357,G,K,G357K,0.1244369096633569
357,G,L,G357L,0.0582526035359637
357,G,M,G357M,0.1089436001453137
357,G,N,G357N,0.0922506962945024
357,G,P,G357P,0.374545138047954
357,G,Q,G357Q,0.1105435638169049
357,G,R,G357R,0.1000832526035346
357,G,S,G357S,0.0957359530152566
357,G,T,G357T,0.1275626665052072
357,G,V,G357V,0.0447074049406622
357,G,W,G357W,0.1011352627754891
357,G,Y,G357Y,0.1132401913296185
358,G,A,G358A,0.0230193448776929
358,G,C,G358C,0.083675678130298
358,G,D,G358D,0.0585629086945992
358,G,E,G358E,0
358,G,F,G358F,0.0974948534754165
358,G,H,G358H,0.088296197626544
358,G,I,G358I,0.1360128057641077
358,G,K,G358K,0.1029176253330105
358,G,L,G358L,0.0818130903366433
358,G,M,G358M,0.0574329438120597
358,G,N,G358N,0.0558299527730686
358,G,P,G358P,0.1623539295228857
358,G,Q,G358Q,0.0183163296197626
358,G,R,G358R,0.0611399551949625
358,G,S,G358S,0.0435645737466685
358,G,T,G358T,0.0664953681278746
358,G,V,G358V,0.0489389077258402
358,G,W,G358W,0.0900921833373699
358,G,Y,G358Y,0.0805241886655351
359,A,C,A359C,0
359,A,D,A359D,0.0311697747638639
359,A,E,A359E,0.0089716032937743
359,A,F,A359F,0.0331345362073141
359,A,G,A359G,0.0454566783724873
359,A,H,A359H,0.0762328953741813
359,A,I,A359I,0.0158248062484849
359,A,K,A359K,0.1581958403971908
359,A,L,A359L,0.0335886413175089
359,A,M,A359M,0.0238647372245081
359,A,N,A359N,0.0414597965609106
359,A,P,A359P,0.0640038447565983
359,A,Q,A359Q,0.0633113344635505
359,A,R,A359R,0.0938990978445145
359,A,S,A359S,0.0256365039961235
359,A,T,A359T,0.0237928372487285
359,A,V,A359V,0.0239207435214337
359,A,W,A359W,0.0187961673528685
359,A,Y,A359Y,0.0585190118672803
360,I,A,I360A,0.0804220150157438
360,I,C,I360C,0.0614495035117476
360,I,D,I360D,0.0490539476870913
360,I,E,I360E,0.0753118188423348
360,I,F,I360F,0.0765212521191587
360,I,G,I360G,0.0980821627512716
360,I,H,I360H,0.1122116432550255
360,I,K,I360K,0.1029955800435956
360,I,L,I360L,0
360,I,M,I360M,0.0475190724146297
360,I,N,I360N,0.0883703681278761
360,I,P,I360P,0.0782279304916445
360,I,Q,I360Q,0.1351507628965867
360,I,R,I360R,0.0602393133930748
360,I,S,I360S,0.0972579619762655
360,I,T,I360T,0.0453802373456057
360,I,V,I360V,0.0114442056187953
360,I,W,I360W,0.1097935335432309
360,I,Y,I360Y,0.0912153366432565
361,F,A,F361A,0.1612724025187684
361,F,C,F361C,0.2374023674013081
361,F,D,F361D,0.406302978929522
361,F,E,F361E,0.3658164809881318
361,F,G,F361G,0.2569031545168311
361,F,H,F361H,0.1992999212884478
361,F,I,F361I,0.2871579074836526
361,F,K,F361K,0.2638842637442484
361,F,L,F361L,0.2398537781545157
361,F,M,F361M,0.2088482380721713
361,F,N,F361N,0.3591025369338828
361,F,P,F361P,0.4744255570356025
361,F,Q,F361Q,0.2867893255025434
361,F,R,F361R,0.1923793594090581
361,F,S,F361S,0.262611255751997
361,F,T,F361T,0.2342183337369826
361,F,V,F361V,0.2311092274158381
361,F,W,F361W,0
361,F,Y,F361Y,0.1130668745458936
362,E,A,E362A,0.094472027125212
362,E,C,E362C,0.0786063514168066
362,E,D,E362D,0.0215442601114057
362,E,F,E362F,0
362,E,G,E362G,0.1633060365705984
362,E,H,E362H,0.0482486679583434
362,E,I,E362I,0.0413447565996595
362,E,K,E362K,0.1063044926132222
362,E,L,E362L,0.0069856502785164
362,E,M,E362M,0.0251627209978189
362,E,N,E362N,0.0994096633567437
362,E,P,E362P,0.2294305521918129
362,E,Q,E362Q,0.0699329438120597
362,E,R,E362R,0.0752838156938713
362,E,S,E362S,0.1650649370307582
362,E,T,E362T,0.1430211612981353
362,E,V,E362V,0.0554394223782999
362,E,W,E362W,0.0640454710583677
362,E,Y,E362Y,0.0176139803826578
363,T,A,T363A,0.0993491160087175
363,T,C,T363C,0.1889765984499881
363,T,D,T363D,0.0128867461855156
363,T,E,T363E,0.2262752785178012
363,T,F,T363F,0.1853725175587312
363,T,G,T363G,0.1923770888835071
363,T,H,T363H,0.1753087914749336
363,T,I,T363I,0.2348964640348742
363,T,K,T363K,0.2573216880600619
363,T,L,T363L,0.2278782695567923
363,T,M,T363M,0.2361724993945268
363,T,N,T363N,0.1277397674981837
363,T,P,T363P,0.281135716880601
363,T,Q,T363Q,0.2416399249212888
363,T,R,T363R,0.1992492128844759
363,T,S,T363S,0
363,T,V,T363V,0.2357040142891744
363,T,W,T363W,0.1433935274884962
363,T,Y,T363Y,0.1740115645434732
364,S,A,S364A,0.1144420561879391
364,S,C,S364C,0.0750961189149916
364,S,D,S364D,0.1282756115282152
364,S,E,S364E,0.1882167292322599
364,S,F,S364F,0.0802986497941391
364,S,G,S364G,0.1868362496972635
364,S,H,S364H,0.1137510595785892
364,S,I,S364I,0.1323625575199794
364,S,K,S364K,0.1967902337127636
364,S,L,S364L,0
364,S,M,S364M,0.0570696597239027
364,S,N,S364N,0.1142785783482671
364,S,P,S364P,0.0736566057156697
364,S,Q,S364Q,0.0885542806975055
364,S,R,S364R,0.1142028941632358
364,S,T,S364T,0.0677872971663842
364,S,V,S364V,0.1082866614192285
364,S,W,S364W,0.0913530818600146
364,S,Y,S364Y,0.1272667413417294
365,R,A,R365A,0.0698443933155714
365,R,C,R365C,0.0454105110196174
365,R,D,R365D,0.1133453923468153
365,R,E,R365E,0.0348283482683444
365,R,F,R365F,0.0601416807943812
365,R,G,R365G,0.1162350145313622
365,R,H,R365H,0.0611505509808671
365,R,I,R365I,0.0365584887381933
365,R,K,R365K,0.0170985710825866
365,R,L,R365L,0.009724660934851
365,R,M,R365M,0.0096187030758052
365,R,N,R365N,0.0684941874545895
365,R,P,R365P,0.0456882719786874
365,R,Q,R365Q,0.0347534209251621
365,R,S,R365S,0.070495277306854
365,R,T,R365T,0
365,R,V,R365V,0.0336900581254527
365,R,W,R365W,0.0549807762170017
365,R,Y,R365Y,0.0833411540324535
366,H,A,H366A,0.2513237163962222
366,H,C,H366C,0.2661040808912573
366,H,D,H366D,0.3301654456284819
366,H,E,H366E,0.1739048498425771
366,H,F,H366F,0.1592894768709132
366,H,G,H366G,0.3141824594332758
366,H,I,H366I,0.2574495943327686
366,H,K,H366K,0.2120103233228373
366,H,L,H366L,0.22815073262291
366,H,M,H366M,0.1541527912327442
366,H,N,H366N,0.282470029062726
366,H,P,H366P,0.2371124969726315
366,H,Q,H366Q,0.2355375090821011
366,H,R,H366R,0.1908285904577368
366,H,S,H366S,0.2827303826592399
366,H,T,H366T,0.2391128299830456
366,H,V,H366V,0.275753814482926
366,H,W,H366W,0
366,H,Y,H366Y,0.172844514410269
367,T,A,T367A,0.3483954952773073
367,T,C,T367C,0.3372464579801395
367,T,D,T367D,0.282865857350447
367,T,E,T367E,0.221544260111406
367,T,F,T367F,0.1396607834826836
367,T,G,T367G,0.2062704347299577
367,T,H,T367H,0.2033119399370296
367,T,I,T367I,0.1177903245337841
367,T,K,T367K,0.2384324291596017
367,T,L,T367L,0.188623153305884
367,T,M,T367M,0.1490047529668202
367,T,N,T367N,0.2910753209009449
367,T,P,T367P,0.2462945023007981
367,T,Q,T367Q,0.1922249636715914
367,T,R,T367R,0.1588527791232732
367,T,S,T367S,0.380110953015257
367,T,V,T367V,0.1501892104625819
367,T,W,T367W,0
367,T,Y,T367Y,0.104315512230563
368,L,A,L368A,0.0471747093727295
368,L,C,L368C,0.0500666020828288
368,L,D,L368D,0.0559041232744006
368,L,E,L368E,0.0542912932913539
368,L,F,L368F,0.1102650460159846
368,L,G,L368G,0
368,L,H,L368H,0.0611429825623652
368,L,I,L368I,0.0762616553644965
368,L,K,L368K,0.1208608319205634
368,L,M,L368M,0.0580126846694115
368,L,N,L368N,0.085934094211675
368,L,P,L368P,0.1830013320416582
368,L,Q,L368Q,0.062182883264713
368,L,R,L368R,0.1296833373698233
368,L,S,L368S,0.0327379510777442
368,L,T,L368T,0.0096391378057655
368,L,V,L368V,0.091913144829258
368,L,W,L368W,0.0183503875030288
368,L,Y,L368Y,0.0945393860498925
369,T,A,T369A,0
369,T,C,T369C,0.0624772947444888
369,T,D,T369D,0.0968802978929524
369,T,E,T369E,0.117425526761928
369,T,F,T369F,0.2217993158149676
369,T,G,T369G,0.0346398946476144
369,T,H,T369H,0.191201713489948
369,T,I,T369I,0.1601583313150872
369,T,K,T369K,0.1108546258173893
369,T,L,T369L,0.1889803826592384
369,T,M,T369M,0.1333714277064652
369,T,N,T369N,0.1077054068781789
369,T,P,T369P,0.1778570779849845
369,T,Q,T369Q,0.0986899067570841
369,T,R,T369R,0.0989411782513927
369,T,S,T369S,0.0480261564543473
369,T,V,T369V,0.1086128602567195
369,T,W,T369W,0.094465972390408
369,T,Y,T369Y,0.1878299830467414
370,Q,A,Q370A,0.1481744974570115
370,Q,C,Q370C,0.1745451380479551
370,Q,D,Q370D,0.1328938604989103
370,Q,E,Q370E,0.0457094635504979
370,Q,F,Q370F,0.1513925890046032
370,Q,G,Q370G,0.0661737103414885
370,Q,H,Q370H,0.1658316178251395
370,Q,I,Q370I,0.0959524097844515
370,Q,K,Q370K,0.0514031847905062
370,Q,L,Q370L,0.0618756054734803
370,Q,M,Q370M,0.0937212400096891
370,Q,N,Q370N,0.1867681339307355
370,Q,P,Q370P,0
370,Q,R,Q370R,0.0650929401792202
370,Q,S,Q370S,0.1486649309760234
370,Q,T,Q370T,0.1032597178493583
370,Q,V,Q370V,0.0880471966577879
370,Q,W,Q370W,0.1007515439573762
370,Q,Y,Q370Y,0.1452992552676208
371,Q,A,Q371A,0.0794335795592154
371,Q,C,Q371C,0.0458540203439075
371,Q,D,Q371D,0.1104201985953016
371,Q,E,Q371E,0.0297332889319448
371,Q,F,Q371F,0.0199442964398145
371,Q,G,Q371G,0.1063044926132222
371,Q,H,Q371H,0.0507401913296198
371,Q,I,Q371I,0.0340752906272691
371,Q,K,Q371K,0.0666035965124728
371,Q,L,Q371L,0
371,Q,M,Q371M,0.0041573322838445
371,Q,N,Q371N,0.0632137018648584
371,Q,P,Q371P,0.142263562605958
371,Q,R,Q371R,0.0815466820053268
371,Q,S,Q371S,0.0333139077258416
371,Q,T,Q371T,0.001423619520465
371,Q,V,Q371V,0.0589761443448777
371,Q,W,Q371W,0.0563544441753452
371,Q,Y,Q371Y,0.0466835190118659
372,K,A,K372A,0.0571937817873563
372,K,C,K372C,0.0774483833858078
372,K,D,K372D,0.0919222269314591
372,K,E,K372E,0
372,K,F,K372F,0.100877936546378
372,K,G,K372G,0.0317056187938954
372,K,H,K372H,0.0679727234197129
372,K,I,K372I,0.1129359409057884
372,K,L,K372L,0.0474827440058112
372,K,M,K372M,0.061783270767739
372,K,N,K372N,0.0076183700653897
372,K,P,K372P,0.1053266529425998
372,K,Q,K372Q,0.0038432429159588
372,K,R,K372R,0.0333835371760717
372,K,S,K372S,0.0430362981351403
372,K,T,K372T,0.0543806006296924
372,K,V,K372V,0.0847950472269301
372,K,W,K372W,0.1235884899491389
372,K,Y,K372Y,0.1028199927343183
373,D,A,D373A,0.018944508355534
373,D,C,D373C,0.0674853172681023
373,D,E,D373E,0.0214587369823187
373,D,F,D373F,0.0936871821264215
373,D,G,D373G,0.0144246488253814
373,D,H,D373H,0.0426276035359651
373,D,I,D373I,0.0736883930733834
373,D,K,D373K,0.0263116069266152
373,D,L,D373L,0.0654486558488725
373,D,M,D373M,0.063246246064421
373,D,N,D373N,0.0245511927827547
373,D,P,D373P,0.0807974085735045
373,D,Q,D373Q,0.0004858924679099
373,D,R,D373R,0
373,D,S,D373S,0.0694977597481231
373,D,T,D373T,0.0260686606926617
373,D,V,D373V,0.0423029183821735
373,D,W,D373W,0.1280561273916204
373,D,Y,D373Y,0.0700926374424787
374,S,A,S374A,0.0127217546621458
374,S,C,S374C,0.0500877936546379
374,S,D,S374D,0
374,S,E,S374E,0.0628534451441041
374,S,F,S374F,0.2849774461128621
374,S,G,S374G,0.1242529970937288
374,S,H,S374H,0.0355359953984016
374,S,I,S374I,0.1291565754419958
374,S,K,S374K,0.1245504359409059
374,S,L,S374L,0.1255812545410526
374,S,M,S374M,0.1323867764591912
374,S,N,S374N,0.0765643921046273
374,S,P,S374P,0.0861384415112619
374,S,Q,S374Q,0.0889319447808201
374,S,R,S374R,0.1500787115524356
374,S,T,S374T,0.1127573262291113
374,S,V,S374V,0.1502550557035604
374,S,W,S374W,0.2445250060547365
374,S,Y,S374Y,0.2337892044078472
375,F,A,F375A,0.0762805764107547
375,F,C,F375C,0.1142308973116993
375,F,D,F375D,0.0535511019617341
375,F,E,F375E,0.0753095483167852
375,F,G,F375G,0.0742832707677404
375,F,H,F375H,0.0647258718818116
375,F,I,F375I,0.0755797408573519
375,F,K,F375K,0.1218144526519754
375,F,L,F375L,0.1095180431097133
375,F,M,F375M,0.0952493037054992
375,F,N,F375N,0.0916641438605004
375,F,P,F375P,0.1442926556066846
375,F,Q,F375Q,0.0633423649794139
375,F,R,F375R,0.0985279426011156
375,F,S,F375S,0.0890046015984501
375,F,T,F375T,0.106068357955923
375,F,V,F375V,0.1164355776217003
375,F,W,F375W,0.0165612133688558
375,F,Y,F375Y,0
376,I,A,I376A,0.0089731169774764
376,I,C,I376C,0.0285692661661419
376,I,D,I376D,0.1380229777185775
376,I,E,I376E,0.1040468333736983
376,I,F,I376F,0.0654077863889562
376,I,G,I376G,0.0849660934851068
376,I,H,I376H,0.1188446052312924
376,I,K,I376K,0.18071718333737
376,I,L,I376L,0.0422113405182867
376,I,M,I376M,0
376,I,N,I376N,0.1550814361830954
376,I,P,I376P,0.0420266711068069
376,I,Q,I376Q,0.0937151852748851
376,I,R,I376R,0.2158422136110455
376,I,S,I376S,0.0777306853959811
376,I,T,I376T,0.0607585069023977
376,I,V,I376V,0.0046795531605715
376,I,W,I376W,0.0601727113102446
376,I,Y,I376Y,0.1245209191087446
377,E,A,E377A,0.0370428675224039
377,E,C,E377C,0.0590548558973117
377,E,D,E377D,0.1071544260111408
377,E,F,E377F,0.0503050072656832
377,E,G,E377G,0
377,E,H,E377H,0.0273174497457025
377,E,I,E377I,0.0243952833615887
377,E,K,E377K,0.0277995580043608
377,E,L,E377L,0.0717463368854459
377,E,M,E377M,0.1130865524340049
377,E,N,E377N,0.0403040990554628
377,E,P,E377P,0.1032968031000243
377,E,Q,E377Q,0.0452349237103429
377,E,R,E377R,0.0025066602082842
377,E,S,E377S,0.0488844151126195
377,E,T,E377T,0.059234984257691
377,E,V,E377V,0.0290195870670865
377,E,W,E377W,0.0128436062000484
377,E,Y,E377Y,0.0295032090094468
378,K,A,K378A,0.0326683216275127
378,K,C,K378C,0.072043775732623
378,K,D,K378D,0.0062530273673999
378,K,E,K378E,0.0009891922983773
378,K,F,K378F,0.1235892467909907
378,K,G,K378G,0.0060706284814725
378,K,H,K378H,0.0192071324775961
378,K,I,K378I,0.1098185093242917
378,K,L,K378L,0.1055915475902157
378,K,M,K378M,0.0875401126180674
378,K,N,K378N,0.0221890893678843
378,K,P,K378P,0.1015242794865586
378,K,Q,K378Q,0
378,K,R,K378R,0.0149748728505677
378,K,S,K378S,0.0141960825865827
378,K,T,K378T,0.0180317570840383
378,K,V,K378V,0.0806293896827306
378,K,W,K378W,0.0465707495761672
378,K,Y,K378Y,0.0573935880358441
379,L,A,L379A,0.0550890046015971
379,L,C,L379C,0.0697982259627029
379,L,D,L379D,0.1238496003875018
379,L,E,L379E,0.0481979595543715
379,L,F,L379F,0.0777291717122777
379,L,G,L379G,0.0828613162993462
379,L,H,L379H,0.0873630116250895
379,L,I,L379I,0
379,L,K,L379K,0.1365304855897313
379,L,M,L379M,0.0881561818842321
379,L,N,L379N,0.114162781545167
379,L,P,L379P,0.1262245701138278
379,L,Q,L379Q,0.0662698292564772
379,L,R,L379R,0.1219075441995642
379,L,S,L379S,0.0894624909178979
379,L,T,L379T,0.0669010353596513
379,L,V,L379V,0.0046091668684897
379,L,W,L379W,0.0597587188181158
379,L,Y,L379Y,0.1081837309275841
380,L,A,L380A,0.0634119944296454
380,L,C,L380C,0.0263479353354337
380,L,D,L380D,0.0444061818842349
380,L,E,L380E,0.0582094635504979
380,L,F,L380F,0.0633098207798513
380,L,G,L380G,0.0782112799709388
380,L,H,L380H,0.0743642528457254
380,L,I,L380I,0.0238268951319946
380,L,K,L380K,0.0938869883749093
380,L,M,L380M,0.0420584584645207
380,L,N,L380N,0.0946672923225978
380,L,P,L380P,0.0781908452409785
380,L,Q,L380Q,0.049879662145798
380,L,R,L380R,0.0826009627028337
380,L,S,L380S,0.0878549588278034
380,L,T,L380T,0.0489404214095437
380,L,V,L380V,0
380,L,W,L380W,0.0225054492613237
380,L,Y,L380Y,0.0681891801889078
381,S,A,S381A,0.0292950775006055
381,S,C,S381C,0.0360604868006781
381,S,D,S381D,0.0062969241947202
381,S,E,S381E,0.030974509566481
381,S,F,S381F,0.0375817389198353
381,S,G,S381G,0.0795675405667232
381,S,H,S381H,0.031256054734804
381,S,I,S381I,0.0298839004601612
381,S,K,S381K,0.0261360196173422
381,S,L,S381L,0.0313271978687348
381,S,M,S381M,0.0102423407604761
381,S,N,S381N,0.0052396161298135
381,S,P,S381P,0.1122146706224268
381,S,Q,S381Q,0.0282642589004616
381,S,R,S381R,0.0010936364737224
381,S,T,S381T,0.0154584947929295
381,S,V,S381V,0
381,S,W,S381W,0.0527874485347556
381,S,Y,S381Y,0.047194387260838
382,G,A,G382A,0.0203272584160828
382,G,C,G382C,0.0407460946960537
382,G,D,G382D,0.0088406696536705
382,G,E,G382E,0.0120345422620503
382,G,F,G382F,0.0437636231533059
382,G,H,G382H,0.0323141196415611
382,G,I,G382I,0.0603422438847193
382,G,K,G382K,0.0202636837006553
382,G,L,G382L,0.0459607350448051
382,G,M,G382M,0.047983773310729
382,G,N,G382N,0.0379495640590956
382,G,P,G382P,0.0217425526761928
382,G,Q,G382Q,0.0321582102203923
382,G,R,G382R,0.0260497396464035
382,G,S,G382S,0
382,G,T,G382T,0.0192994671833388
382,G,V,G382V,0.0408634051828544
382,G,W,G382W,0.0327228142407363
382,G,Y,G382Y,0.0527957737951092
383,R,A,R383A,0.0016453741826122
383,R,C,R383C,0.0240425950593378
383,R,D,R383D,0.0197581133446355
383,R,E,R383E,0.0324707859045774
383,R,F,R383F,0.0281197021070491
383,R,G,R383G,0.0468666747396478
383,R,H,R383H,0.0144170804068781
383,R,I,R383I,0
383,R,K,R383K,0.0502421893921061
383,R,L,R383L,0.0180128360377829
383,R,M,R383M,0.0049830467425526
383,R,N,R383N,0.0340858864131765
383,R,P,R383P,0.0592448232017438
383,R,Q,R383Q,0.0440875514652472
383,R,S,R383S,0.0138229595543729
383,R,T,R383T,0.0178213550496502
383,R,V,R383V,0.0040604565270041
383,R,W,R383W,0.0370867643497229
383,R,Y,R383Y,0.0084168382174874
384,H,A,H384A,0.0786706829740844
384,H,C,H384C,0.0768096088641318
384,H,D,H384D,0.0825063574715428
384,H,E,H384E,0.1025059033664312
384,H,F,H384F,0.044506841850327
384,H,G,H384G,0
384,H,I,H384I,0.0884846512472754
384,H,K,H384K,0.1166474933397904
384,H,L,H384L,0.0619747517558731
384,H,M,H384M,0.0442427040445629
384,H,N,H384N,0.0877111588762413
384,H,P,H384P,0.0856321143133932
384,H,Q,H384Q,0.103766801889076
384,H,R,H384R,0.112400096875757
384,H,S,H384S,0.0873274400581241
384,H,T,H384T,0.1107100690239769
384,H,V,H384V,0.1039552555098088
384,H,W,H384W,0.0212120065391122
384,H,Y,H384Y,0.0504760535238543
385,H,A,H385A,0
385,H,C,H385C,0.0276209433276822
385,H,D,H385D,0.0111762836037781
385,H,E,H385E,0.0571506418018891
385,H,F,H385F,0.0271040203439089
385,H,G,H385G,0.0115842213611029
385,H,I,H385I,0.0206587551465246
385,H,K,H385K,0.0318895313635263
385,H,L,H385L,0.0159746609348496
385,H,M,H385M,0.0154418442722208
385,H,N,H385N,0.0163470271252119
385,H,P,H385P,0.0469211673528686
385,H,Q,H385Q,0.0212687696778881
385,H,R,H385R,0.0032703136352627
385,H,S,H385S,0.0282733410026641
385,H,T,H385T,0.0607320174376363
385,H,V,H385V,0.0170198595301511
385,H,W,H385W,0.0101530334221361
385,H,Y,H385Y,0.0484757205134401
386,V,A,V386A,0.0390643921046258
386,V,C,V386C,0.0222382840881583
386,V,D,V386D,0.0435728990070235
386,V,E,V386E,0.0409247093727309
386,V,F,V386F,0.0307981654153562
386,V,G,V386G,0.0326024763865357
386,V,H,V386H,0.0633612860256735
386,V,I,V386I,0.0017104625817403
386,V,K,V386K,0.0702879026398658
386,V,L,V386L,0.0338785117461855
386,V,M,V386M,0.0153699442964398
386,V,N,V386N,0.0547650762896585
386,V,P,V386P,0.0583903487527247
386,V,Q,V386Q,0.0547037720997821
386,V,R,V386R,0.0724501998062485
386,V,S,V386S,0.026584826834586
386,V,T,V386T,0.0542965911843076
386,V,W,V386W,0
386,V,Y,V386Y,0.0079226204892225
387,T,A,T387A,0.0103747880842805
387,T,C,T387C,0.0085893981593592
387,T,D,T387D,0.0207124909178964
387,T,E,T387E,0.0268421530636958
387,T,F,T387F,0.05470225841608
387,T,G,T387G,0.0040241281181884
387,T,H,T387H,0.0230677827561153
387,T,I,T387I,0.01016211552434
387,T,K,T387K,0.0196453439089368
387,T,L,T387L,0.0273779970937273
387,T,M,T387M,0.0182436728021312
387,T,N,T387N,0.0126248789053025
387,T,P,T387P,0.0482403426979898
387,T,Q,T387Q,0.000896857592636
387,T,R,T387R,0.0005517377088869
387,T,S,T387S,0.0135641196415597
387,T,V,T387V,0
387,T,W,T387W,0.031173558973117
387,T,Y,T387Y,0.0135656333252589
388,R,A,R388A,0.045637563574714
388,R,C,R388C,0.0701895131993219
388,R,D,R388D,0.1093485105352373
388,R,E,R388E,0.0514054553160572
388,R,F,R388F,0.0539673649794139
388,R,G,R388G,0.0856025974812304
388,R,H,R388H,0.0536320840397191
388,R,I,R388I,0.0452886594817147
388,R,K,R388K,0.0465851295713234
388,R,L,R388L,0.0354822596270269
388,R,M,R388M,0.0596701683216275
388,R,N,R388N,0.0720740494066346
388,R,P,R388P,0
388,R,Q,R388Q,0.0405326652942587
388,R,S,R388S,0.0452054068781788
388,R,T,R388T,0.0640242794865585
388,R,V,R388V,0.113902427948656
388,R,W,R388W,0.0578862920804069
388,R,Y,R388Y,0.0462967728263488
389,D,A,D389A,0.0131675345119869
389,D,C,D389C,0.0450865827076774
389,D,E,D389E,0.0039007628965851
389,D,F,D389F,0.0714784148704287
389,D,G,D389G,0.0241424981835795
389,D,H,D389H,0.0398151792201502
389,D,I,D389I,0.0675277004117206
389,D,K,D389K,0.0440739283119385
389,D,L,D389L,0.0447732501816421
389,D,M,D389M,0.0357433700653911
389,D,N,D389N,0.002486225478324
389,D,P,D389P,0.029896766771614
389,D,Q,D389Q,0.0420349963671591
389,D,R,D389R,0.0501082283845954
389,D,S,D389S,0
389,D,T,D389T,0.0154304916444645
389,D,V,D389V,0.0354429038508113
389,D,W,D389W,0.082479111164931
389,D,Y,D389Y,0.0301896645676919
390,K,A,K390A,0.0198156333252589
390,K,C,K390C,0.0186932368612255
390,K,D,K390D,0.0256894829256464
390,K,E,K390E,0.0060456527004117
390,K,F,K390F,0.008268497214822
390,K,G,K390G,0.0024703317994657
390,K,H,K390H,0.0229746912085251
390,K,I,K390I,0.022900520707193
390,K,L,K390L,0.0235377815451669
390,K,M,K390M,0.0013191753451184
390,K,N,K390N,0
390,K,P,K390P,0.0283142104625817
390,K,Q,K390Q,0.0234265257931688
390,K,R,K390R,0.0182550254298861
390,K,S,K390S,0.0022304129329121
390,K,T,K390T,0.0074155364495021
390,K,V,K390V,0.025426858803583
390,K,W,K390W,0.0267240857350434
390,K,Y,K390Y,0.0290945144102688
391,Q,A,Q391A,0.0178819023976735
391,Q,C,Q391C,0.0342289295228869
391,Q,D,Q391D,0.0210250666020814
391,Q,E,Q391E,0
391,Q,F,Q391F,0.0214746306611756
391,Q,G,Q391G,0.0252664083313151
391,Q,H,Q391H,0.0306891801889063
391,Q,I,Q391I,0.0530742915960281
391,Q,K,Q391K,0.0608031605715656
391,Q,L,Q391L,0.0304621276338082
391,Q,M,Q391M,0.027200139258899
391,Q,N,Q391N,0.0218114252845725
391,Q,P,Q391P,0.1475357229353342
391,Q,R,Q391R,0.0511594817146995
391,Q,S,Q391S,0.0045993279244369
391,Q,T,Q391T,0.0157468515379026
391,Q,V,Q391V,0.0392604141438605
391,Q,W,Q391W,0.006081224267377
391,Q,Y,Q391Y,0.0421530636958087
392,G,A,G392A,0.0398560486800678
392,G,C,G392C,0.0459047287478795
392,G,D,G392D,0.0097254177766999
392,G,E,G392E,0.0113321930249441
392,G,F,G392F,0.0597980745943328
392,G,H,G392H,0.0509642165173166
392,G,I,G392I,0.2254155061758298
392,G,K,G392K,0.0329854383627997
392,G,L,G392L,0.0380169229837733
392,G,M,G392M,0.0408747578106065
392,G,N,G392N,0
392,G,P,G392P,0.07576365342698
392,G,Q,G392Q,0.0185078106078954
392,G,R,G392R,0.0353641922983759
392,G,S,G392S,0.0292912932913524
392,G,T,G392T,0.0437204831678373
392,G,V,G392V,0.1446703196899963
392,G,W,G392W,0.0845884294017909
392,G,Y,G392Y,0.062145798014047
393,R,A,R393A,0.0220498304674269
393,R,C,R393C,0.0294419048195703
393,R,D,R393D,0.0320999333979186
393,R,E,R393E,0.0266362920804083
393,R,F,R393F,0.0052388592879646
393,R,G,R393G,0.0391960825865841
393,R,H,R393H,0.0086537297166384
393,R,I,R393I,0.0340639379995156
393,R,K,R393K,0.0316655061758295
393,R,L,R393L,0.008985226447083
393,R,M,R393M,0.0149317328651019
393,R,N,R393N,0.0187121579074836
393,R,P,R393P,0.1143996730443208
393,R,Q,R393Q,0.0138017679825637
393,R,S,R393S,0.0106510353596526
393,R,T,R393T,0.0425640288205377
393,R,V,R393V,0.0184972148219908
393,R,W,R393W,0.0041399249212884
393,R,Y,R393Y,0
394,I,A,I394A,0
394,I,C,I394C,0.0328454226204892
394,I,D,I394D,0.0049974267377088
394,I,E,I394E,0.0096103778154516
394,I,F,I394F,0.038326471300557
394,I,G,I394G,0.0006766166141922
394,I,H,I394H,0.0285140167110666
394,I,K,I394K,0.0598669472027126
394,I,L,I394L,0.0423982804553161
394,I,M,I394M,0.0358614373940421
394,I,N,I394N,0.0400944538629194
394,I,P,I394P,0.0209773855655122
394,I,Q,I394Q,0.0155447747638653
394,I,R,I394R,0.0579218636473709
394,I,S,I394S,0.0082102203923454
394,I,T,I394T,0.02421288447566
394,I,V,I394V,0.0043465427464263
394,I,W,I394W,0.0276459191087416
394,I,Y,I394Y,0.0171462521191557
395,F,A,F395A,0.0259785965124713
395,F,C,F395C,0.0102256902397661
395,F,D,F395D,0.0494073928311926
395,F,E,F395E,0.0700986921772813
395,F,G,F395G,0.0203340699927343
395,F,H,F395H,0.0187772463066117
395,F,I,F395I,0.0520207677403716
395,F,K,F395K,0.0925920319689984
395,F,L,F395L,0.0880736861225479
395,F,M,F395M,0
395,F,N,F395N,0.0681611770404443
395,F,P,F395P,0.0933662811818829
395,F,Q,F395Q,0.0868937696778882
395,F,R,F395R,0.0265151973843546
395,F,S,F395S,0.0607085553402761
395,F,T,F395T,0.0613617098571083
395,F,V,F395V,0.0326168563816905
395,F,W,F395W,0.0451622668927087
395,F,Y,F395Y,0.0237027730685382
396,L,A,L396A,0.009061667473966
396,L,C,L396C,0.0242461855170743
396,L,D,L396D,0
396,L,E,L396E,0.0327720089610075
396,L,F,L396F,0.0459887381932672
396,L,G,L396G,0.0874825926374426
396,L,H,L396H,0.0439157483652216
396,L,I,L396I,0.0355904880116265
396,L,K,L396K,0.0754510777427949
396,L,M,L396M,0.0689384536207315
396,L,N,L396N,0.0375
396,L,P,L396P,0.0960833434245595
396,L,Q,L396Q,0.0375582768224766
396,L,R,L396R,0.0503269556793427
396,L,S,L396S,0.0179749939452666
396,L,T,L396T,0.0034723904093014
396,L,V,L396V,0.0052411298135141
396,L,W,L396W,0.0839640348752725
396,L,Y,L396Y,0.050474539840155
397,D,A,D397A,0
397,D,C,D397C,0.0017589004601598
397,D,E,D397E,0.0423248667958344
397,D,F,D397F,0.0142876604504708
397,D,G,D397G,0.0406287842092516
397,D,H,D397H,0.0189180188907712
397,D,I,D397I,0.0358500847662858
397,D,K,D397K,0.0517301404698474
397,D,L,D397L,0.0194531060789523
397,D,M,D397M,0.0290135323322838
397,D,N,D397N,0.0282930188907712
397,D,P,D397P,0.0207465488011625
397,D,Q,D397Q,0.0231813090336629
397,D,R,D397R,0.039079528941631
397,D,S,D397S,0.0129919472027125
397,D,T,D397T,0.0057467001695325
397,D,V,D397V,0.0148363707919593
397,D,W,D397W,0.0200411721966578
397,D,Y,D397Y,0.0335530697505449
398,R,A,R398A,0.0225576713489935
398,R,C,R398C,0.0570832828772086
398,R,D,R398D,0.012018648583192
398,R,E,R398E,0.0246919653669155
398,R,F,R398F,0.080301677161539
398,R,G,R398G,0.0126687757326229
398,R,H,R398H,0.0289015197384354
398,R,I,R398I,0.0858621942358911
398,R,K,R398K,0
398,R,L,R398L,0.2386292080406867
398,R,M,R398M,0.0503776640833118
398,R,N,R398N,0.0247305643012836
398,R,P,R398P,0.0769072414628226
398,R,Q,R398Q,0.014105261564542
398,R,S,R398S,0.0207715245822233
398,R,T,R398T,0.0380782271736498
398,R,V,R398V,0.0419706648098799
398,R,W,R398W,0.0611543351901173
398,R,Y,R398Y,0.0649135686606927
399,D,A,D399A,0.0532006841850313
399,D,C,D399C,0.0254949745701138
399,D,E,D399E,0.0375552494550739
399,D,F,D399F,0.0794388774521663
399,D,G,D399G,0
399,D,H,D399H,0.0402140348752725
399,D,I,D399I,0.0753360377815452
399,D,K,D399K,0.0736770404456271
399,D,L,D399L,0.0667655606684428
399,D,M,D399M,0.0609204710583663
399,D,N,D399N,0.0480284269798969
399,D,P,D399P,0.035989343666746
399,D,Q,D399Q,0.0636405606684428
399,D,R,D399R,0.0777730685395966
399,D,S,D399S,0.0415142891741328
399,D,T,D399T,0.0527503632840868
399,D,V,D399V,0.0459213792685881
399,D,W,D399W,0.1197626543957376
399,D,Y,D399Y,0.0827440058125441
400,S,A,S400A,0.0335409602809397
400,S,C,S400C,0.0526164022765817
400,S,D,S400D,0.0186478263502058
400,S,E,S400E,0.0149445991765574
400,S,F,S400F,0.1396153729716654
400,S,G,S400G,0
400,S,H,S400H,0.0537335008476629
400,S,I,S400I,0.0788856260595801
400,S,K,S400K,0.1448050375393574
400,S,L,S400L,0.0596065936062001
400,S,M,S400M,0.167355140469849
400,S,N,S400N,0.084309911600872
400,S,P,S400P,0.0414507144587067
400,S,Q,S400Q,0.0759346996851553
400,S,R,S400R,0.1440345725357231
400,S,T,S400T,0.0657983167837263
400,S,V,S400V,0.0486876362315345
400,S,W,S400W,0.017642740372973
400,S,Y,S400Y,0.0909867704044578
401,E,A,E401A,0.0325956648098799
401,E,C,E401C,0.0178834160813742
401,E,D,E401D,0.0109227415839186
401,E,F,E401F,0.0641529426011141
401,E,G,E401G,0.0942760050859759
401,E,H,E401H,0.0662592334705726
401,E,I,E401I,0
401,E,K,E401K,0.0585016045047227
401,E,L,E401L,0.0344204105110196
401,E,M,E401M,0.0375968757568404
401,E,N,E401N,0.046912085250666
401,E,P,E401P,0.0513380963913767
401,E,Q,E401Q,0.0283512957132463
401,E,R,E401R,0.0513774521675951
401,E,S,E401S,0.0460182550254285
401,E,T,E401T,0.0203605594574957
401,E,V,E401V,0.019701350205861
401,E,W,E401W,0.0668684911600858
401,E,Y,E401Y,0.0527617159118431
402,L,A,L402A,0.0615554613707934
402,L,C,L402C,0.0479376059578605
402,L,D,L402D,0.0055438665536463
402,L,E,L402E,0.0127777609590714
402,L,F,L402F,0.0407090094453877
402,L,G,L402G,0.0987171530636973
402,L,H,L402H,0.0340056611770419
402,L,I,L402I,0.0154925526761928
402,L,K,L402K,0.0744036086219438
402,L,M,L402M,0.0321642649551964
402,L,N,L402N,0.0249394526519752
402,L,P,L402P,0.0565807398885929
402,L,Q,L402Q,0.038293927100993
402,L,R,L402R,0.07583328287721
402,L,S,L402S,0.0963535359651248
402,L,T,L402T,0.060289264955195
402,L,V,L402V,0
402,L,W,L402W,0.031965215548559
402,L,Y,L402Y,0.0609908573504481
403,F,A,F403A,0.1120602748849587
403,F,C,F403C,0.1541164628239285
403,F,D,F403D,0.2048657362557522
403,F,E,F403E,0.1713739706950824
403,F,G,F403G,0.2357615342697993
403,F,H,F403H,0.0096330830709615
403,F,I,F403I,0.1362065572777914
403,F,K,F403K,0.2029630358440289
403,F,L,F403L,0.0761526701380466
403,F,M,F403M,0.0465344211673515
403,F,N,F403N,0.2470929704528945
403,F,P,F403P,0.3154093000726573
403,F,Q,F403Q,0.0780425042383144
403,F,R,F403R,0.2112247214821979
403,F,S,F403S,0.1461226992007738
403,F,T,F403T,0.1021267255994174
403,F,V,F403V,0.1844400883991283
403,F,W,F403W,0
403,F,Y,F403Y,0.0029592516347784
404,R,A,R404A,0.0890712036812788
404,R,C,R404C,0.053392165173164
404,R,D,R404D,0.0351696839428433
404,R,E,R404E,0.0536843061273916
404,R,F,R404F,0.064127209978203
404,R,G,R404G,0.076778578348267
404,R,H,R404H,0.020611074109954
404,R,I,R404I,0.0716978990070221
404,R,K,R404K,0.0357252058609819
404,R,L,R404L,0.0480882174860741
404,R,M,R404M,0.0320174376362301
404,R,N,R404N,0
404,R,P,R404P,0.1455210099297652
404,R,Q,R404Q,0.0288924376362301
404,R,S,R404S,0.0633416081375636
404,R,T,R404T,0.0312212400096876
404,R,V,R404V,0.0537403124243158
404,R,W,R404W,0.0777057096149175
404,R,Y,R404Y,0.0427668624364253
405,I,A,I405A,0.0848101840639367
405,I,C,I405C,0.0845483167837249
405,I,D,I405D,0.0399181097117946
405,I,E,I405E,0.0508347965609107
405,I,F,I405F,0.0614199866795835
405,I,G,I405G,0.0215593969484122
405,I,H,I405H,0.0382878723661904
405,I,K,I405K,0.0421076531847905
405,I,L,I405L,0.0186432852991039
405,I,M,I405M,0
405,I,N,I405N,0.025113526277549
405,I,P,I405P,0.0645737466698945
405,I,Q,I405Q,0.1008249576168565
405,I,R,I405R,0.0142770646645663
405,I,S,I405S,0.064323988859288
405,I,T,I405T,0.0381206103172681
405,I,V,I405V,0.002331072899007
405,I,W,I405W,0.0913742734318238
405,I,Y,I405Y,0.0266029910389911
406,I,A,I406A,0.0133257144587053
406,I,C,I406C,0.0376521252119143
406,I,D,I406D,0.12231775248244
406,I,E,I406E,0.1160102325018165
406,I,F,I406F,0.0865660571566966
406,I,G,I406G,0.0260626059578576
406,I,H,I406H,0.100637260837974
406,I,K,I406K,0.2252323504480507
406,I,L,I406L,0.0419123879874062
406,I,M,I406M,0
406,I,N,I406N,0.0722617461855157
406,I,P,I406P,0.082212702833616
406,I,Q,I406Q,0.032068146040202
406,I,R,I406R,0.1742212097360138
406,I,S,I406S,0.010072808186
406,I,T,I406T,0.0436985347541764
406,I,V,I406V,0.08168972511504
406,I,W,I406W,0.1614979413901673
406,I,Y,I406Y,0.102941844272221
407,L,A,L407A,0.071794774763864
407,L,C,L407C,0.0276156454347299
407,L,D,L407D,0.1416732259627016
407,L,E,L407E,0.1592546621457982
407,L,F,L407F,0.3912282029547111
407,L,G,L407G,0.0999485347541779
407,L,H,L407H,0.1636367764591913
407,L,I,L407I,0.0784103293775733
407,L,K,L407K,0.2207526035359654
407,L,M,L407M,0.2113352203923471
407,L,N,L407N,0.0709455982077972
407,L,P,L407P,0.1623554432065878
407,L,Q,L407Q,0.211060486800677
407,L,R,L407R,0.1798150278517789
407,L,S,L407S,0.0675095362073142
407,L,T,L407T,0.0311614495035103
407,L,V,L407V,0
407,L,W,L407W,0.413433942843304
407,L,Y,L407Y,0.3295841910874308
408,N,A,N408A,0.0760361164930977
408,N,C,N408C,0.0639796258173907
408,N,D,N408D,0.0222806672317766
408,N,E,N408E,0.0275392044078483
408,N,F,N408F,0.0658361588762427
408,N,G,N408G,0.0531764652458237
408,N,H,N408H,0.0640734742068298
408,N,I,N408I,0.0505494671833388
408,N,K,N408K,0.0594211673528714
408,N,L,N408L,0.0904509263744263
408,N,M,N408M,0.0612088278033437
408,N,P,N408P,0
408,N,Q,N408Q,0.0428274097844515
408,N,R,N408R,0.0761360196173408
408,N,S,N408S,0.0231639016711068
408,N,T,N408T,0.0684881327197883
408,N,V,N408V,0.0477075260353611
408,N,W,N408W,0.0645328772099797
408,N,Y,N408Y,0.0435244611286026
409,F,A,F409A,0.0542133385807702
409,F,C,F409C,0.0318675829498668
409,F,D,F409D,0.0176699866795834
409,F,E,F409E,0.0060759263744248
409,F,G,F409G,0.0726946597239042
409,F,H,F409H,0
409,F,I,F409I,0.0150770465003618
409,F,K,F409K,0.0325108985226433
409,F,L,F409L,0.0097443388229581
409,F,M,F409M,0.0259657302010158
409,F,N,F409N,0.0481275732622897
409,F,P,F409P,0.0087937454589489
409,F,Q,F409Q,0.0526898159360606
409,F,R,F409R,0.0227915354807445
409,F,S,F409S,0.0610286994429644
409,F,T,F409T,0.0178766045047213
409,F,V,F409V,0.0277170622426724
409,F,W,F409W,0.0335053887139729
409,F,Y,F409Y,0.0151534875272463
410,L,A,L410A,0
410,L,C,L410C,0.0660246124969741
410,L,D,L410D,0.0149801707435228
410,L,E,L410E,0.0307300496488254
410,L,F,L410F,0.0218538084281908
410,L,G,L410G,0.0331943267134914
410,L,H,L410H,0.0316995640590956
410,L,I,L410I,0.0148265318479064
410,L,K,L410K,0.1825222511504012
410,L,M,L410M,0.0729020343908952
410,L,N,L410N,0.0399710886413189
410,L,P,L410P,0.0619149612496973
410,L,Q,L410Q,0.040758204165659
410,L,R,L410R,0.1734749636715928
410,L,S,L410S,0.0287160934851068
410,L,T,L410T,0.0171969605231291
410,L,V,L410V,0.0111391983531121
410,L,W,L410W,0.0671326289658528
410,L,Y,L410Y,0.0125075684185046
411,R,A,R411A,0.0381766166141923
411,R,C,R411C,0.0562166989585856
411,R,D,R411D,0.0123410632114299
411,R,E,R411E,0.0323277427948656
411,R,F,R411F,0.0257628965851281
411,R,G,R411G,0.070681460402033
411,R,H,R411H,0.0494649128118189
411,R,I,R411I,0
411,R,K,R411K,0.0498607410995385
411,R,L,R411L,0.0207957435214337
411,R,M,R411M,0.0161964155969968
411,R,N,R411N,0.012097360135626
411,R,P,R411P,0.0097935335432294
411,R,Q,R411Q,0.0524022160329364
411,R,S,R411S,0.0555726265439574
411,R,T,R411T,0.0343144526519738
411,R,V,R411V,0.0196362618067314
411,R,W,R411W,0.0983970089610062
411,R,Y,R411Y,0.0707495761685625
412,N,A,N412A,0.0131811576652942
412,N,C,N412C,0.0465344211673515
412,N,D,N412D,0.0379382114313393
412,N,E,N412E,0.0156038084281908
412,N,F,N412F,0.0481548195689029
412,N,G,N412G,0.0505593061273916
412,N,H,N412H,0.0358826289658513
412,N,I,N412I,0.0377913841123759
412,N,K,N412K,0.046002361346573
412,N,L,N412L,0.0630615766529412
412,N,M,N412M,0.0462778517800921
412,N,P,N412P,0.0640757447323794
412,N,Q,N412Q,0.0191776156454347
412,N,R,N412R,0.0317298377331059
412,N,S,N412S,0.0419994248001938
412,N,T,N412T,0
412,N,V,N412V,0.0351151913296198
412,N,W,N412W,0.0657771252119158
412,N,Y,N412Y,0.0597526640833118
413,P,A,P413A,0
413,P,C,P413C,0.0545592153063696
413,P,D,P413D,0.1601984439331559
413,P,E,P413E,0.0754548619520466
413,P,F,P413F,0.0573799648825368
413,P,G,P413G,0.1277004117219667
413,P,H,P413H,0.0800239162024704
413,P,I,P413I,0.1089065148946477
413,P,K,P413K,0.0764417837248715
413,P,L,P413L,0.0296038689755389
413,P,M,P413M,0.0361694720271252
413,P,N,P413N,0.1315421409542264
413,P,Q,P413Q,0.0374894042140954
413,P,R,P413R,0.089357289900701
413,P,S,P413S,0.0683889864373927
413,P,T,P413T,0.0688741220634523
413,P,V,P413V,0.1143898341002665
413,P,W,P413W,0.037613526277549
413,P,Y,P413Y,0.0411979292806961
414,L,A,L414A,0.0422022584160814
414,L,C,L414C,0.028557913538387
414,L,D,L414D,0.0082541172196657
414,L,E,L414E,0.0120723843545638
414,L,F,L414F,0
414,L,G,L414G,0.0353997638653427
414,L,H,L414H,0.0120988738193267
414,L,I,L414I,0.031556520949381
414,L,K,L414K,0.0277382538144815
414,L,M,L414M,0.0121374727536934
414,L,N,L414N,0.0133665839186243
414,L,P,L414P,0.0472836945991752
414,L,Q,L414Q,0.0271569992734318
414,L,R,L414R,0.0109303100024219
414,L,S,L414S,0.0139251332041656
414,L,T,L414T,0.0340049043351887
414,L,V,L414V,0.0452598994914023
414,L,W,L414W,0.0032317147008946
414,L,Y,L414Y,0.0228641922983773
415,T,A,T415A,0.0442888713974342
415,T,C,T415C,0.0021479171712279
415,T,D,T415D,0.0621942358924694
415,T,E,T415E,0.0184056369581026
415,T,F,T415F,0.0791459796560925
415,T,G,T415G,0.0653593485105353
415,T,H,T415H,0.0436069568902896
415,T,I,T415I,0.054130842819086
415,T,K,T415K,0.0574019132961991
415,T,L,T415L,0.0378753935577636
415,T,M,T415M,0.0882379208040703
415,T,N,T415N,0.0667859953984016
415,T,P,T415P,0.0566443146040204
415,T,Q,T415Q,0
415,T,R,T415R,0.0400270949382431
415,T,S,T415S,0.0234817752482455
415,T,V,T415V,0.0231820658755146
415,T,W,T415W,0.0201456163720029
415,T,Y,T415Y,0.0639122668927116
416,I,A,I416A,0.0203113647372245
416,I,C,I416C,0.0272016529425997
416,I,D,I416D,0.0422945931218213
416,I,E,I416E,0.0366402276580286
416,I,F,I416F,0.0468568357955922
416,I,G,I416G,0.0466275127149417
416,I,H,I416H,0.0415899733591655
416,I,K,I416K,0.085760020586097
416,I,L,I416L,0.0269049709372729
416,I,M,I416M,0.0513986437394042
416,I,N,I416N,0.062900369338823
416,I,P,I416P,0.0596088641317511
416,I,Q,I416Q,0.0570832828772086
416,I,R,I416R,0.0746980201017196
416,I,S,I416S,0.0424217425526762
416,I,T,I416T,0.0519450835553403
416,I,V,I416V,0
416,I,W,I416W,0.0254427524824398
416,I,Y,I416Y,0.043314815936062
417,P,A,P417A,0.0374780515863391
417,P,C,P417C,0.0490698413659482
417,P,D,P417D,0.0347148219907968
417,P,E,P417E,0.03844907968031
417,P,F,P417F,0.0287297166384112
417,P,G,P417G,0.0481162206345362
417,P,H,P417H,0.112114010656332
417,P,I,P417I,0.0311781000242189
417,P,K,P417K,0.0506879692419472
417,P,L,P417L,0
417,P,M,P417M,0.0646236982320161
417,P,N,P417N,0.050544926132234
417,P,Q,P417Q,0.071917383143617
417,P,R,P417R,0.086199745701137
417,P,S,P417S,0.0561576652942601
417,P,T,P417T,0.0723351598449974
417,P,V,P417V,0.0483410026640819
417,P,W,P417W,0.0616879086945978
417,P,Y,P417Y,0.1113427888108502
418,I,A,I418A,0.054161873334948
418,I,C,I418C,0.0522667413417278
418,I,D,I418D,0.0229784754177767
418,I,E,I418E,0.0478316480988119
418,I,F,I418F,0.0386541838217472
418,I,G,I418G,0.0277087369823202
418,I,H,I418H,0
418,I,K,I418K,0.0658853535965125
418,I,L,I418L,0.0701917837248729
418,I,M,I418M,0.0260800133204166
418,I,N,I418N,0.034375
418,I,P,I418P,0.0539613102446113
418,I,Q,I418Q,0.0304250423831422
418,I,R,I418R,0.0076660511019603
418,I,S,I418S,0.0238533845967546
418,I,T,I418T,0.0532763683700654
418,I,V,I418V,0.0142687394042141
418,I,W,I418W,0.0351583313150884
418,I,Y,I418Y,0.0270169835311199
419,P,A,P419A,0.054799891014775
419,P,C,P419C,0.0440375999031257
419,P,D,P419D,0.0197565996609348
419,P,E,P419E,0.0896789476870914
419,P,F,P419F,0.182794714216519
419,P,G,P419G,0.0571839428433035
419,P,H,P419H,0.092539053039477
419,P,I,P419I,0.0747404032453393
419,P,K,P419K,0.0749924315814982
419,P,L,P419L,0.2004003693388232
419,P,M,P419M,0.0349486861225478
419,P,N,P419N,0.0303531424073626
419,P,Q,P419Q,0.1061130116250909
419,P,R,P419R,0.1544797469120868
419,P,S,P419S,0.16300557035602
419,P,T,P419T,0.295848722450957
419,P,V,P419V,0.2833161782513944
419,P,W,P419W,0
419,P,Y,P419Y,0.4283634051828536
420,K,A,K420A,0.0081595119883763
420,K,C,K420C,0.3174936425284577
420,K,D,K420D,0.0323618006781317
420,K,E,K420E,0.0454241341729232
420,K,F,K420F,0.315672681036571
420,K,G,K420G,0.3410344514410288
420,K,H,K420H,0.0258968575926388
420,K,I,K420I,0.3822066480988138
420,K,L,K420L,0.3137442480019393
420,K,M,K420M,0.2946627512714947
420,K,N,K420N,0.0495587612012608
420,K,P,K420P,0.0177562666505207
420,K,Q,K420Q,0.0151368370065391
420,K,R,K420R,0.0305461370791973
420,K,S,K420S,0
420,K,T,K420T,0.0394662751271508
420,K,V,K420V,0.3769170804068787
420,K,W,K420W,0.2710129571324779
420,K,Y,K420Y,0.1354459312182128
421,D,A,D421A,0.3137692237830001
421,D,C,D421C,0.0528177222087687
421,D,E,D421E,0.1155016347783982
421,D,F,D421F,0.2365615161055949
421,D,G,D421G,0.0740115645434731
421,D,H,D421H,0.1010444417534513
421,D,I,D421I,0.1973033724872867
421,D,K,D421K,0.1032423104868022
421,D,L,D421L,0.2472337430370567
421,D,M,D421M,0.2695999333979189
421,D,N,D421N,0.0268360983288932
421,D,P,D421P,0.2558844453862938
421,D,Q,D421Q,0.1268921046258175
421,D,R,D421R,0.0598109409057884
421,D,S,D421S,0.0389607047711324
421,D,T,D421T,0
421,D,V,D421V,0.0663031302978944
421,D,W,D421W,0.2376642346815227
421,D,Y,D421Y,0.1579203499636732
422,L,A,L422A,0.0136768890772584
422,L,C,L422C,0.1325547953499638
422,L,D,L422D,0.023209312182125
422,L,E,L422E,0.0638479353354309
422,L,F,L422F,0.1054893739404201
422,L,G,L422G,0.038766196415597
422,L,H,L422H,0.03270843424558
422,L,I,L422I,0.0012147311697733
422,L,K,L422K,0.0438809336401052
422,L,M,L422M,0.0129752966820039
422,L,N,L422N,0.0216010232501816
422,L,P,L422P,0.0187704347299588
422,L,Q,L422Q,0.0552138835069024
422,L,R,L422R,0.040981472511504
422,L,S,L422S,0.0138199321869702
422,L,T,L422T,0
422,L,V,L422V,0.0019897372245081
422,L,W,L422W,0.0126286631145541
422,L,Y,L422Y,0.034340185274885
423,S,A,S423A,0.0370398401550012
423,S,C,S423C,0.0943933155727766
423,S,D,S423D,0.0270896403487527
423,S,E,S423E,0.0535685093242916
423,S,F,S423F,0.0955982077984985
423,S,G,S423G,0.0138327984984257
423,S,H,S423H,0.0360968152094924
423,S,I,S423I,0.0790854323080636
423,S,K,S423K,0.0224895555824641
423,S,L,S423L,0.0923528699442951
423,S,M,S423M,0.0759982744005799
423,S,N,S423N,0.0288780576410753
423,S,P,S423P,0.3486452530879138
423,S,Q,S423Q,0.0063408210220392
423,S,R,S423R,0
423,S,T,S423T,0.0116266045047227
423,S,V,S423V,0.0243150581254541
423,S,W,S423W,0.0675458646161284
423,S,Y,S423Y,0.0431134960038736
424,E,A,E424A,0.0163008597723419
424,E,C,E424C,0.1587120065391138
424,E,D,E424D,0.0508249576168564
424,E,F,E424F,0.0185199200775006
424,E,G,E424G,0.3030394768709135
424,E,H,E424H,0.1817480019375168
424,E,I,E424I,0.0309192601114085
424,E,K,E424K,0.1763237163962235
424,E,L,E424L,0.0408520525550995
424,E,M,E424M,0.0302161540324548
424,E,N,E424N,0.2630729292806978
424,E,P,E424P,0.1575638774521692
424,E,Q,E424Q,0.0439293715185275
424,E,R,E424R,0.0963383991281197
424,E,S,E424S,0.1569992734318253
424,E,T,E424T,0
424,E,V,E424V,0.0235491341729246
424,E,W,E424W,0.0640023310729005
424,E,Y,E424Y,0.0627028336158877
425,S,A,S425A,0.0472488798740601
425,S,C,S425C,0.0360604868006767
425,S,D,S425D,0.056676858803583
425,S,E,S425E,0
425,S,F,S425F,0.1622532695567936
425,S,G,S425G,0.0381637503027353
425,S,H,S425H,0.1324844090578834
425,S,I,S425I,0.0768065814967305
425,S,K,S425K,0.0405576410753209
425,S,L,S425L,0.065102779123273
425,S,M,S425M,0.1500794683942845
425,S,N,S425N,0.1653903790263989
425,S,P,S425P,0.1574874364252848
425,S,Q,S425Q,0.0543336764349708
425,S,R,S425R,0.0376823988859274
425,S,T,S425T,0.0169449321869702
425,S,V,S425V,0.0204180794381192
425,S,W,S425W,0.1911154335190107
425,S,Y,S425Y,0.1581950835553405
426,E,A,E426A,0.0010679038508099
426,E,C,E426C,0.0769412993460887
426,E,D,E426D,0.046794017922015
426,E,F,E426F,0.030290324533784
426,E,G,E426G,0.0935168927100994
426,E,H,E426H,0.0529335190118673
426,E,I,E426I,0.0457132477597481
426,E,K,E426K,0.022907332283846
426,E,L,E426L,0.0360143194478082
426,E,M,E426M,0.0261700775006041
426,E,N,E426N,0.0005509808670366
426,E,P,E426P,0.239869671833374
426,E,Q,E426Q,0.0148060971179462
426,E,R,E426R,0.0299633688544428
426,E,S,E426S,0.0826524279486545
426,E,T,E426T,0.0402405243400339
426,E,V,E426V,0.039599479292807
426,E,W,E426W,0
426,E,Y,E426Y,0.0444198050375394
427,A,C,A427C,0.0175405667231761
427,A,D,A427D,0.0999371821264216
427,A,E,A427E,0.0567555703560184
427,A,F,A427F,0.0568259566480974
427,A,G,A427G,0.0269730867038024
427,A,H,A427H,0.0825699321869703
427,A,I,A427I,0.0122668927100979
427,A,K,A427K,0.0370708706708646
427,A,L,A427L,0.0699760837975283
427,A,M,A427M,0.0318736376846694
427,A,N,A427N,0.0317109166868477
427,A,P,A427P,0.0446877270525551
427,A,Q,A427Q,0.0125333010414129
427,A,R,A427R,0.0374682126422849
427,A,S,A427S,0.0499924315814953
427,A,T,A427T,0.0360551889077258
427,A,V,A427V,0
427,A,W,A427W,0.077696627512715
427,A,Y,A427Y,0.0744452349237104
428,L,A,L428A,0.008941329619764
428,L,C,L428C,0.013302252361348
428,L,D,L428D,0.2066269072414631
428,L,E,L428E,0.2276481896342957
428,L,F,L428F,0.0749508052797302
428,L,G,L428G,0.2287070113829017
428,L,H,L428H,0.1934608864131768
428,L,I,L428I,0.0159201683216275
428,L,K,L428K,0.2023303160571584
428,L,M,L428M,0.0346383809639152
428,L,N,L428N,0.2343341305400841
428,L,P,L428P,0.2813597420682978
428,L,Q,L428Q,0.2071597239040947
428,L,R,L428R,0.1670478626786163
428,L,S,L428S,0.1571824291596044
428,L,T,L428T,0.0060668442722208
428,L,V,L428V,0
428,L,W,L428W,0.1481434669411482
428,L,Y,L428Y,0.1044933700653927
429,L,A,L429A,0.0077137321385323
429,L,C,L429C,0.0317934124485348
429,L,D,L429D,0.1052759445386307
429,L,E,L429E,0.0316420440784708
429,L,F,L429F,0.0353846270283376
429,L,G,L429G,0.1937023189634296
429,L,H,L429H,0.0289772039234681
429,L,I,L429I,0.0208979171712293
429,L,K,L429K,0.0371965064180203
429,L,M,L429M,0
429,L,N,L429N,0.0919494732380723
429,L,P,L429P,0.2538689755388731
429,L,Q,L429Q,0.0117840276095921
429,L,R,L429R,0.0146282392831194
429,L,S,L429S,0.0406250000000014
429,L,T,L429T,0.029760535238558
429,L,V,L429V,0.0055643012836051
429,L,W,L429W,0.0252694356987164
429,L,Y,L429Y,0.0283391862436439
430,K,A,K430A,0.0178100024218953
430,K,C,K430C,0.102795016953259
430,K,D,K430D,0.0527110075078712
430,K,E,K430E,0.0260588217486074
430,K,F,K430F,0.0270412024703332
430,K,G,K430G,0.2046008416081378
430,K,H,K430H,0.0351015681763139
430,K,I,K430I,0.0652715548558974
430,K,L,K430L,0.0409950956648099
430,K,M,K430M,0.0301359287963201
430,K,N,K430N,0.0053667655606698
430,K,P,K430P,0.3206708646161317
430,K,Q,K430Q,0
430,K,R,K430R,0.0155493158149673
430,K,S,K430S,0.0201251816420441
430,K,T,K430T,0.0092137926858803
430,K,V,K430V,0.06979141438605
430,K,W,K430W,0.0341668684911601
430,K,Y,K430Y,0.0415581860014546
431,E,A,E431A,0.0539719060305159
431,E,C,E431C,0.0439028820537661
431,E,D,E431D,0.0460265802857835
431,E,F,E431F,0.0693706103172668
431,E,G,E431G,0.1166149491402264
431,E,H,E431H,0.1312454589488982
431,E,I,E431I,0.0687023189634295
431,E,K,E431K,0.1185259748123033
431,E,L,E431L,0.0451350205860983
431,E,M,E431M,0.074482320174375
431,E,N,E431N,0.0869179886170987
431,E,P,E431P,0.3821196112860262
431,E,Q,E431Q,0.029850599418744
431,E,R,E431R,0.1781575441995643
431,E,S,E431S,0.029474449019133
431,E,T,E431T,0
431,E,V,E431V,0.0588005570356019
431,E,W,E431W,0.1550420804068784
431,E,Y,E431Y,0.1323731533058839
432,A,C,A432C,0.0084478687333509
432,A,D,A432D,0.1824374848631646
432,A,E,A432E,0.1926291172196674
432,A,F,A432F,0.0757644102688303
432,A,G,A432G,0.1466161600871884
432,A,H,A432H,0.1073814785662389
432,A,I,A432I,0.0203787236619036
432,A,K,A432K,0.2096179462339566
432,A,L,A432L,0.0320431702591441
432,A,M,A432M,0
432,A,N,A432N,0.1699662448534756
432,A,P,A432P,0.2095778336158879
432,A,Q,A432Q,0.1850644829256495
432,A,R,A432R,0.1793018890772586
432,A,S,A432S,0.0183117885686607
432,A,T,A432T,0.098432580527973
432,A,V,A432V,0.0381221240009688
432,A,W,A432W,0.1099782029547121
432,A,Y,A432Y,0.0940217062242675
433,E,A,E433A,0.0710122002906287
433,E,C,E433C,0.1002172136110453
433,E,D,E433D,0
433,E,F,E433F,0.0963527791232745
433,E,G,E433G,0.1435115948171472
433,E,H,E433H,0.1032226325986923
433,E,I,E433I,0.0532059820779864
433,E,K,E433K,0.0632719786873335
433,E,L,E433L,0.0664681218212657
433,E,M,E433M,0.0719802010171969
433,E,N,E433N,0.0058435759263744
433,E,P,E433P,0.2281840336643258
433,E,Q,E433Q,0.0379404819568917
433,E,R,E433R,0.0943660692661662
433,E,S,E433S,0.0689051525793185
433,E,T,E433T,0.0718364010656348
433,E,V,E433V,0.0639221058367658
433,E,W,E433W,0.1644587067086478
433,E,Y,E433Y,0.1114207435214339
434,F,A,F434A,0.0912213913780563
434,F,C,F434C,0.0648961612981352
434,F,D,F434D,0
434,F,E,F434E,0.1048021615403232
434,F,G,F434G,0.1084471118914993
434,F,H,F434H,0.0486263320416552
434,F,I,F434I,0.0945863102446114
434,F,K,F434K,0.1344022463066119
434,F,L,F434L,0.0921629026398645
434,F,M,F434M,0.077703439089368
434,F,N,F434N,0.0909375756841837
434,F,P,F434P,0.1449231048680055
434,F,Q,F434Q,0.1068812061031714
434,F,R,F434R,0.115030879147492
434,F,S,F434S,0.1053826592395254
434,F,T,F434T,0.0993407907483653
434,F,V,F434V,0.0698126059578591
434,F,W,F434W,0.0374008537176058
434,F,Y,F434Y,0.0621957495761686
435,Y,A,Y435A,0.1245148643739391
435,Y,C,Y435C,0.080983591668685
435,Y,D,Y435D,0.086603899249213
435,Y,E,Y435E,0.0483765742310487
435,Y,F,Y435F,0
435,Y,G,Y435G,0.1517785783482685
435,Y,H,Y435H,0.0659178977960766
435,Y,I,Y435I,0.0768709130540069
435,Y,K,Y435K,0.1205656635989331
435,Y,L,Y435L,0.0944228324049408
435,Y,M,Y435M,0.0282165778638896
435,Y,N,Y435N,0.0964186243642515
435,Y,P,Y435P,0.0984060910632101
435,Y,Q,Y435Q,0.0971270283361576
435,Y,R,Y435R,0.1239525308791476
435,Y,S,Y435S,0.1301450108985228
435,Y,T,Y435T,0.1625431399854688
435,Y,V,Y435V,0.1134241038992493
435,Y,W,Y435W,0.04666989585856
436,G,A,G436A,0.0217296863647358
436,G,C,G436C,0.0180241886655364
436,G,D,G436D,0.0292791838217486
436,G,E,G436E,0.047749909178978
436,G,F,G436F,0.0442729777185759
436,G,H,G436H,0.0739790203439076
436,G,I,G436I,0.0693176313877439
436,G,K,G436K,0.0654070295471045
436,G,L,G436L,0.0391567268103657
436,G,M,G436M,0.0149498970695069
436,G,N,G436N,0.0430567328651005
436,G,P,G436P,0.1228134838944055
436,G,Q,G436Q,0.0504699987890531
436,G,R,G436R,0.0462861770404456
436,G,S,G436S,0
436,G,T,G436T,0.0702992552676193
436,G,V,G436V,0.0404032453378528
436,G,W,G436W,0.0726939028820524
436,G,Y,G436Y,0.0735128057641062
437,I,A,I437A,0.0831209130540083
437,I,C,I437C,0.0995398401550013
437,I,D,I437D,0.0282097662872352
437,I,E,I437E,0.0060471663841109
437,I,F,I437F,0.0466169169290385
437,I,G,I437G,0.0842856926616615
437,I,H,I437H,0.0628844756599661
437,I,K,I437K,0.0650119581012352
437,I,L,I437L,0
437,I,M,I437M,0.0273076108016469
437,I,N,I437N,0.100672075563089
437,I,P,I437P,0.1310108379752968
437,I,Q,I437Q,0.0279229232259627
437,I,R,I437R,0.0937341063211418
437,I,S,I437S,0.0869475054492614
437,I,T,I437T,0.0722882356502772
437,I,V,I437V,0.0356207616856368
437,I,W,I437W,0.029592516347784
437,I,Y,I437Y,0.0516847299588278
438,K,A,K438A,0.0729769617340775
438,K,C,K438C,0.0957942298377346
438,K,D,K438D,0.0308496306611784
438,K,E,K438E,0.036723480261566
438,K,F,K438F,0.0411192177282649
438,K,G,K438G,0.0883264713005571
438,K,H,K438H,0.0308556853959811
438,K,I,K438I,0.0413742734318251
438,K,L,K438L,0.0427797287478823
438,K,M,K438M,0.0346096209736014
438,K,N,K438N,0.0229890712036827
438,K,P,K438P,0
438,K,Q,K438Q,0.0252671651731654
438,K,R,K438R,0.0429522886897568
438,K,S,K438S,0.0432315633325275
438,K,T,K438T,0.054279940663599
438,K,V,K438V,0.0675413235650279
438,K,W,K438W,0.0579286752240252
438,K,Y,K438Y,0.026267710099299
439,F,A,F439A,0.044231351416808
439,F,C,F439C,0.0397311697747653
439,F,D,F439D,0.0124863768466941
439,F,E,F439E,0.0021244550738691
439,F,G,F439G,0.0344945810123517
439,F,H,F439H,0.0652269011867295
439,F,I,F439I,0.0500537357713746
439,F,K,F439K,0.0704044562848162
439,F,L,F439L,0.0566798861709857
439,F,M,F439M,0.0052282635020586
439,F,N,F439N,0.0352756418018891
439,F,P,F439P,0.056532302010172
439,F,Q,F439Q,0.0420281847905062
439,F,R,F439R,0.0963194780818615
439,F,S,F439S,0.0285458040687818
439,F,T,F439T,0.0603717607168806
439,F,V,F439V,0.0526883022523614
439,F,W,F439W,0
439,F,Y,F439Y,0.0516907846936304
440,L,A,L440A,0.0016340215548544
440,L,C,L440C,0.0304257992249925
440,L,D,L440D,0.0041671712279002
440,L,E,L440E,0.0028063695810123
440,L,F,L440F,0.0112595362073127
440,L,G,L440G,0.0538765439573747
440,L,H,L440H,0.0271569992734318
440,L,I,L440I,0.0167632901428917
440,L,K,L440K,0.0404282211189136
440,L,M,L440M,0.0090563695810123
440,L,N,L440N,0.0134861649309746
440,L,P,L440P,0.0668367038023735
440,L,Q,L440Q,0
440,L,R,L440R,0.0506455860983275
440,L,S,L440S,0.023727748849599
440,L,T,L440T,0.0415468333736968
440,L,V,L440V,0.0253534451441013
440,L,W,L440W,0.0129026398643725
440,L,Y,L440Y,0.0013169048195689
441,P,A,P441A,0
441,P,C,P441C,0.0682103717607155
441,P,D,P441D,0.0174119036086205
441,P,E,P441E,0.0057747033179946
441,P,F,P441F,0.0583335856139487
441,P,G,P441G,0.0493317086461613
441,P,H,P441H,0.0389962763380964
441,P,I,P441I,0.0589746306611771
441,P,K,P441K,0.0430158634051815
441,P,L,P441L,0.05838278033422
441,P,M,P441M,0.0745224327924423
441,P,N,P441N,0.0240781666263003
441,P,Q,P441Q,0.0506743460886399
441,P,R,P441R,0.0516453741826094
441,P,S,P441S,0.0323860196173408
441,P,T,P441T,0.0768890772584147
441,P,V,P441V,0.0423831436183081
441,P,W,P441W,0.0527511201259385
441,P,Y,P441Y,0.0794994248001938
442,F,A,F442A,0.0135830406878193
442,F,C,F442C,0.0155349358198125
442,F,D,F442D,0.031218969484138
442,F,E,F442E,0.0171833373698246
442,F,G,F442G,0.0393050678130298
442,F,H,F442H,0.0042057701622668
442,F,I,F442I,0.048578651005086
442,F,K,F442K,0.0177600508597737
442,F,L,F442L,0
442,F,M,F442M,0.0067404335190118
442,F,N,F442N,0.0543003753935578
442,F,P,F442P,0.0284489283119399
442,F,Q,F442Q,0.0052244792928083
442,F,R,F442R,0.0420289416323565
442,F,S,F442S,0.0145737466698972
442,F,T,F442T,0.0027677706466456
442,F,V,F442V,0.0216706527004117
442,F,W,F442W,0.0334455982077999
442,F,Y,F442Y,0.0192336219423589
443,P,A,P443A,0
443,P,C,P443C,0.0454347299588278
443,P,D,P443D,0.0454627331072885
443,P,E,P443E,0.0279463853233214
443,P,F,P443F,0.0620595180431083
443,P,G,P443G,0.117018345846452
443,P,H,P443H,0.0571824291596028
443,P,I,P443I,0.0419910995398402
443,P,K,P443K,0.0683125454105097
443,P,L,P443L,0.0427819992734304
443,P,M,P443M,0.0174436909663357
443,P,N,P443N,0.0564793230806477
443,P,Q,P443Q,0.0364442056187939
443,P,R,P443R,0.045289416323565
443,P,S,P443S,0.0313007084039719
443,P,T,P443T,0.0274529244369082
443,P,V,P443V,0.0487572656817632
443,P,W,P443W,0.0227809396948414
443,P,Y,P443Y,0.040030122305643
444,L,A,L444A,0.0307164264955181
444,L,C,L444C,0.0687908694599177
444,L,D,L444D,0.0126808852022267
444,L,E,L444E,0.0266347783967062
444,L,F,L444F,0.0531454347299589
444,L,G,L444G,0.1881228808428193
444,L,H,L444H,0.081329468394283
444,L,I,L444I,0.0100576713489949
444,L,K,L444K,0.0465465306369567
444,L,M,L444M,0.044375908210219
444,L,N,L444N,0.0587437938968259
444,L,P,L444P,0.0698004964882539
444,L,Q,L444Q,0.0424603414870429
444,L,R,L444R,0.028474660934851
444,L,S,L444S,0.0453991583918625
444,L,T,L444T,0
444,L,V,L444V,0.0407218757568405
444,L,W,L444W,0.0176616614192298
444,L,Y,L444Y,0.0070484681520949
445,V,A,V445A,0.0177517255994187
445,V,C,V445C,0.0221338399128104
445,V,D,V445D,0.0323769375151354
445,V,E,V445E,0.0726083797529655
445,V,F,V445F,0.1064021252119144
445,V,G,V445G,0
445,V,H,V445H,0.09969877694357
445,V,I,V445I,0.0335409602809397
445,V,K,V445K,0.1154168684911602
445,V,L,V445L,0.0269079983046728
445,V,M,V445M,0.030928342213611
445,V,N,V445N,0.0403313453620731
445,V,P,V445P,0.1412668018890774
445,V,Q,V445Q,0.0482849963671591
445,V,R,V445R,0.0305249455073854
445,V,S,V445S,0.0595906999273432
445,V,T,V445T,0.0345483167837235
445,V,W,V445W,0.1135065996609336
445,V,Y,V445Y,0.1139924921288435
446,F,A,F446A,0.053166626301768
446,F,C,F446C,0.0690580346330817
446,F,D,F446D,0.089514713005569
446,F,E,F446E,0.10997668927101
446,F,G,F446G,0.0450275490433505
446,F,H,F446H,0.0242484560426239
446,F,I,F446I,0.0379798377331073
446,F,K,F446K,0.0567116735286981
446,F,L,F446L,0
446,F,M,F446M,0.0268996730443192
446,F,N,F446N,0.0676518224751756
446,F,P,F446P,0.2273787539355779
446,F,Q,F446Q,0.0879805945749577
446,F,R,F446R,0.0620837369823188
446,F,S,F446S,0.0904373032211176
446,F,T,F446T,0.0498501453136353
446,F,V,F446V,0.0420584584645193
446,F,W,F446W,0.0171893921046258
446,F,Y,F446Y,0.0114964277064664
447,C,A,C447A,0.0197285965124741
447,C,D,C447D,0.0914090881569402
447,C,E,C447E,0.0673566541535481
447,C,F,C447F,0.0776269980624863
447,C,G,C447G,0.0631357471542761
447,C,H,C447H,0.0524355170743522
447,C,I,C447I,0.0572513017679826
447,C,K,C447K,0.1173513562605959
447,C,L,C447L,0.0490963308307096
447,C,M,C447M,0
447,C,N,C447N,0.0515931520949383
447,C,P,C447P,0.1198565027851795
447,C,Q,C447Q,0.0399915233712763
447,C,R,C447R,0.1030886715911844
447,C,S,C447S,0.0174747214821991
447,C,T,C447T,0.0853180249455075
447,C,V,C447V,0.0598026156454362
447,C,W,C447W,0.110302888108501
447,C,Y,C447Y,0.0606374122063468
448,I,A,I448A,0.3575108985226452
448,I,C,I448C,0.1587044381206105
448,I,D,I448D,0.0669525006054735
448,I,E,I448E,0.0776996548801149
448,I,F,I448F,0.0142899309760218
448,I,G,I448G,0.9995262170016952
448,I,H,I448H,0.2436697747638657
448,I,K,I448K,0.046437545410511
448,I,L,I448L,0
448,I,M,I448M,0.2506009324291585
448,I,N,I448N,0.0986566057156683
448,I,P,I448P,0.1101598449987892
448,I,Q,I448Q,0.0703658573504481
448,I,R,I448R,0.02780409905546
448,I,S,I448S,0.2456511867280216
448,I,T,I448T,0.3049974267377079
448,I,V,I448V,0.0372827863889548
448,I,W,I448W,0.4472973177524816
448,I,Y,I448Y,0.7955459857108256
449,G,A,G449A,0.0922900520707208
449,G,C,G449C,0.1041891196415598
449,G,D,G449D,0.0881925102930507
449,G,E,G449E,0.126048225962703
449,G,F,G449F,0.1106230322111893
449,G,H,G449H,0.1020972087672561
449,G,I,G449I,0
449,G,K,G449K,0.1236308730927587
449,G,L,G449L,0.1080929099055477
449,G,M,G449M,0.1361717425526778
449,G,N,G449N,0.1309586158876243
449,G,P,G449P,0.2281968999757813
449,G,Q,G449Q,0.1124220452894178
449,G,R,G449R,0.1308541717122792
449,G,S,G449S,0.0988102446112875
449,G,T,G449T,0.1148779970937274
449,G,V,G449V,0.1381357471542748
449,G,W,G449W,0.1295259142649568
449,G,Y,G449Y,0.0995731411964171
450,G,A,G450A,0.0026474327924451
450,G,C,G450C,0.0118097602325018
450,G,D,G450D,0
450,G,E,G450E,0.0716804916444674
450,G,F,G450F,0.2074889501089869
450,G,H,G450H,0.0581519435698717
450,G,I,G450I,0.0197437333494793
450,G,K,G450K,0.0725205860983304
450,G,L,G450L,0.0727120670864631
450,G,M,G450M,0.0249470210704785
450,G,N,G450N,0.0194319145071446
450,G,P,G450P,0.0526353233228399
450,G,Q,G450Q,0.0136950532816676
450,G,R,G450R,0.0148242613223541
450,G,S,G450S,0.0149892528457253
450,G,T,G450T,0.0359598268345846
450,G,V,G450V,0.0105216154032467
450,G,W,G450W,0.0975440481956905
450,G,Y,G450Y,0.1503678251392605
451,F,A,F451A,0.0629677282635021
451,F,C,F451C,0.0932277791232745
451,F,D,F451D,0.0689588883506889
451,F,E,F451E,0.0960356623879861
451,F,G,F451G,0.0705111709857095
451,F,H,F451H,0.0669873153305886
451,F,I,F451I,0.1034761746185518
451,F,K,F451K,0.053173437878421
451,F,L,F451L,0.0656015379026385
451,F,M,F451M,0.0423271373213839
451,F,N,F451N,0.1304212581738921
451,F,P,F451P,0.1058973116977477
451,F,Q,F451Q,0.0900225538871398
451,F,R,F451R,0.0667171227900218
451,F,S,F451S,0.1012972269314605
451,F,T,F451T,0.0886503996124971
451,F,V,F451V,0.0754192903850798
451,F,W,F451W,0.075402639864374
451,F,Y,F451Y,0
452,D,A,D452A,0.0333873213853233
452,D,C,D452C,0.1325744732380723
452,D,E,D452E,0.0109166868491146
452,D,F,D452F,0.0928289234681522
452,D,G,D452G,0
452,D,H,D452H,0.0899181097117933
452,D,I,D452I,0.0502611104383614
452,D,K,D452K,0.015699170501332
452,D,L,D452L,0.0581527004117206
452,D,M,D452M,0.0910087188181159
452,D,N,D452N,0.0616705013320417
452,D,P,D452P,0.0660775914264956
452,D,Q,D452Q,0.0210818297408559
452,D,R,D452R,0.0659587672559928
452,D,S,D452S,0.1011231533058839
452,D,T,D452T,0.1200320900944526
452,D,V,D452V,0.0562219968515365
452,D,W,D452W,0.0533558367643483
452,D,Y,D452Y,0.0613745761685639
453,G,A,G453A,0.0661684124485362
453,G,C,G453C,0.0441337188181158
453,G,D,G453D,0.0119914022765817
453,G,E,G453E,0.0449261322354081
453,G,F,G453F,0.0157816662630191
453,G,H,G453H,0.0460167413417307
453,G,I,G453I,0.0925239162024718
453,G,K,G453K,0.034648219907968
453,G,L,G453L,0.0524680612739162
453,G,M,G453M,0.0524665475902156
453,G,N,G453N,0.0453953741826108
453,G,P,G453P,0.1699276459191104
453,G,Q,G453Q,0.0455520404456299
453,G,R,G453R,0
453,G,S,G453S,0.0679046076531863
453,G,T,G453T,0.0487671046258188
453,G,V,G453V,0.0833335856139502
453,G,W,G453W,0.0490244308549286
453,G,Y,G453Y,0.0155591547590229
454,V,A,V454A,0.0338399128118174
454,V,C,V454C,0.0823776943569872
454,V,D,V454D,0.0544146585129558
454,V,E,V454E,0.0235203741826108
454,V,F,V454F,0.0381357471542746
454,V,G,V454G,0.0525437454589475
454,V,H,V454H,0.0456534572535723
454,V,I,V454I,0.0248645253087901
454,V,K,V454K,0
454,V,L,V454L,0.0389228626786147
454,V,M,V454M,0.0218810547348012
454,V,N,V454N,0.0358856563332526
454,V,P,V454P,0.0591146464034876
454,V,Q,V454Q,0.0237693751513669
454,V,R,V454R,0.0110816783724858
454,V,S,V454S,0.0350614555582466
454,V,T,V454T,0.0373213853233214
454,V,W,V454W,0.033104262533301
454,V,Y,V454Y,0.0417912932913524
455,E,A,E455A,0.0064641862436425
455,E,C,E455C,0.0029312484863177
455,E,D,E455D,0.0381281787357714
455,E,F,E455F,0.0361672015015742
455,E,G,E455G,0.0227241765560682
455,E,H,E455H,0.0395941813998561
455,E,I,E455I,0
455,E,K,E455K,0.0288175102930492
455,E,L,E455L,0.0105980564301283
455,E,M,E455M,0.0346800072656832
455,E,N,E455N,0.0401042928069751
455,E,P,E455P,0.0447535722935336
455,E,Q,E455Q,0.0355382659239525
455,E,R,E455R,0.0190595483167851
455,E,S,E455S,0.0326130721724403
455,E,T,E455T,0.0221497335916687
455,E,V,E455V,0.0088512654395737
455,E,W,E455W,0.0406113768466955
455,E,Y,E455Y,0.0484000363284088
456,Y,A,Y456A,0.065155001210947
456,Y,C,Y456C,0.0432701622668927
456,Y,D,Y456D,0.0803940118672789
456,Y,E,Y456E,0.0882295955437139
456,Y,F,Y456F,0.0212392528457253
456,Y,G,Y456G,0.1622858137563562
456,Y,H,Y456H,0.0525853717607155
456,Y,I,Y456I,0.0786971724388472
456,Y,K,Y456K,0.0801056551223057
456,Y,L,Y456L,0.1258370670864604
456,Y,M,Y456M,0.1124878905303935
456,Y,N,Y456N,0.0523197202712507
456,Y,P,Y456P,0
456,Y,Q,Y456Q,0.0627497578106079
456,Y,R,Y456R,0.1016302373456044
456,Y,S,Y456S,0.0533898946476131
456,Y,T,Y456T,0.0923823867764579
456,Y,V,Y456V,0.0704831678372474
456,Y,W,Y456W,0.0693380661177041
457,L,A,L457A,0.087117794865585
457,L,C,L457C,0
457,L,D,L457D,0.0394511382901429
457,L,E,L457E,0.0450457132477584
457,L,F,L457F,0.0900566117704031
457,L,G,L457G,0.1106888774521677
457,L,H,L457H,0.0982221784935821
457,L,I,L457I,0.0908301041414387
457,L,K,L457K,0.0562870852506646
457,L,M,L457M,0.0638691269072415
457,L,N,L457N,0.080272917171228
457,L,P,L457P,0.1388759384838931
457,L,Q,L457Q,0.014855291838216
457,L,R,L457R,0.1025157423104869
457,L,S,L457S,0.0970150157423106
457,L,T,L457T,0.11243037054977
457,L,V,L457V,0.0974221966577865
457,L,W,L457W,0.0910526156454334
457,L,Y,L457Y,0.0777995580043595
458,N,A,N458A,0.0572089186243643
458,N,C,N458C,0
458,N,D,N458D,0.039395888835069
458,N,E,N458E,0.0676071688060078
458,N,F,N458F,0.0709198655848874
458,N,G,N458G,0.0578522341971436
458,N,H,N458H,0.0272894465972404
458,N,I,N458I,0.0486391983531122
458,N,K,N458K,0.0564785662388002
458,N,L,N458L,0.0644920077500606
458,N,M,N458M,0.0618362496972647
458,N,P,N458P,0.0749243158149674
458,N,Q,N458Q,0.0630994187454604
458,N,R,N458R,0.0498024642770647
458,N,S,N458S,0.0950631206103188
458,N,T,N458T,0.0560055400823458
458,N,V,N458V,0.020612587793656
458,N,W,N458W,0.0590329074836537
458,N,Y,N458Y,0.0538243218697021
459,S,A,S459A,0.0721050799224995
459,S,C,S459C,0.0301707435214338
459,S,D,S459D,0.0779478990070221
459,S,E,S459E,0.0620640590942103
459,S,F,S459F,0.0092433095180431
459,S,G,S459G,0.0893663720029064
459,S,H,S459H,0.0122199685153776
459,S,I,S459I,0.0679704528941619
459,S,K,S459K,0.0248554432065875
459,S,L,S459L,0.0639145374182611
459,S,M,S459M,0.0286797650762882
459,S,N,S459N,0.0548960099297651
459,S,P,S459P,0.0467675284572522
459,S,Q,S459Q,0.0430257023492371
459,S,R,S459R,0.0798839004601585
459,S,T,S459T,0.059175950593364
459,S,V,S459V,0.0509725417776702
459,S,W,S459W,0
459,S,Y,S459Y,0.0061985347541763
460,M,A,M460A,0.0746314180188894
460,M,C,M460C,0.1012866311455559
460,M,D,M460D,0.1465185274884948
460,M,E,M460E,0.1536668987648343
460,M,F,M460F,0.0929848328893195
460,M,G,M460G,0.1837112496972621
460,M,H,M460H,0.0569387260837976
460,M,I,M460I,0.0974668503269558
460,M,K,M460K,0.1949223480261567
460,M,L,M460L,0.0792617764591912
460,M,N,M460N,0.1357085553402763
460,M,P,M460P,0.1553069750544914
460,M,Q,M460Q,0.1199238617098572
460,M,R,M460R,0.3343318600145318
460,M,S,M460S,0.107610801646888
460,M,T,M460T,0.0685993884717836
460,M,V,M460V,0.1265121700169534
460,M,W,M460W,0.099381660208283
460,M,Y,M460Y,0
461,E,A,E461A,0.0054326108016468
461,E,C,E461C,0.0047113405182853
461,E,D,E461D,0.0354845301525793
461,E,F,E461F,0.077209221361103
461,E,G,E461G,0
461,E,H,E461H,0.051587854201986
461,E,I,E461I,0.0674459614918867
461,E,K,E461K,0.101350205860982
461,E,L,E461L,0.0619989706950822
461,E,M,E461M,0.0480920016953244
461,E,N,E461N,0.0637654395737467
461,E,P,E461P,0.1122699200774993
461,E,Q,E461Q,0.0168283785420198
461,E,R,E461R,0.1297332889319449
461,E,S,E461S,0.0415665112618067
461,E,T,E461T,0.0425133204165644
461,E,V,E461V,0.0639667595059323
461,E,W,E461W,0.1091653548074595
461,E,Y,E461Y,0.0871299043351888
462,L,A,L462A,0.0354868006781289
462,L,C,L462C,0.0078711552434003
462,L,D,L462D,0.0034459009445372
462,L,E,L462E,0.0623153305885189
462,L,F,L462F,0.0126067147008961
462,L,G,L462G,0.0410034209251621
462,L,H,L462H,0.0162857229353354
462,L,I,L462I,0.0015462279002165
462,L,K,L462K,0.0125227052555098
462,L,M,L462M,0.0107327742794865
462,L,N,L462N,0.0002225115039947
462,L,P,L462P,0.005775460159845
462,L,Q,L462Q,0.0148999455073853
462,L,R,L462R,0.0362027730685396
462,L,S,L462S,0.0276338096391378
462,L,T,L462T,0.0012911721966577
462,L,V,L462V,0
462,L,W,L462W,0.0431778275611528
462,L,Y,L462Y,0.0047438847178479
463,L,A,L463A,0.0272039234681507
463,L,C,L463C,0.0662047408573491
463,L,D,L463D,0.0294252542988617
463,L,E,L463E,0.0398779970937273
463,L,F,L463F,0.0098033724872836
463,L,G,L463G,0.0072111891499152
463,L,H,L463H,0.0155084463550496
463,L,I,L463I,0.032510141680793
463,L,K,L463K,0.0800920319689998
463,L,M,L463M,0.0473298619520465
463,L,N,L463N,0.049475508597722
463,L,P,L463P,0.0542791838217472
463,L,Q,L463Q,0.0372517558730928
463,L,R,L463R,0.0670705679341245
463,L,S,L463S,0.062344847420683
463,L,T,L463T,0.0862421288447567
463,L,V,L463V,0.0116213066117704
463,L,W,L463W,0
463,L,Y,L463Y,0.0287849660934837
464,D,A,D464A,0.1185789537418248
464,D,C,D464C,0.0292405848873819
464,D,E,D464E,0.0616932065875515
464,D,F,D464F,0.0856956890288206
464,D,G,D464G,0.1847049830467428
464,D,H,D464H,0.0493370065391136
464,D,I,D464I,0.057544956405908
464,D,K,D464K,0.1175768951319919
464,D,L,D464L,0.0413311334463536
464,D,M,D464M,0.0481298437878421
464,D,N,D464N,0
464,D,P,D464P,0.0928924981835797
464,D,Q,D464Q,0.0696203681278746
464,D,R,D464R,0.1057414022765804
464,D,S,D464S,0.0449685153790264
464,D,T,D464T,0.1017657120368129
464,D,V,D464V,0.0325820416565754
464,D,W,D464W,0.1070424134172924
464,D,Y,D464Y,0.0711022644708148
465,I,A,I465A,0.009357592637441
465,I,C,I465C,0.0205058730927585
465,I,D,I465D,0.052843454831677
465,I,E,I465E,0.0511034754177753
465,I,F,I465F,0.008296500363284
465,I,G,I465G,0.0177971361104383
465,I,H,I465H,0.0130063271978687
465,I,K,I465K,0.0108046742552676
465,I,L,I465L,0.0234613405182839
465,I,M,I465M,0.0064543472995868
465,I,N,I465N,0.0333040687817874
465,I,P,I465P,0
465,I,Q,I465Q,0.0050587309275853
465,I,R,I465R,0.0378685819811092
465,I,S,I465S,0.0144670319689983
465,I,T,I465T,0.0085386897553873
465,I,V,I465V,0.0293548680067813
465,I,W,I465W,0.0057595664809867
465,I,Y,I465Y,0.0215609106321129
466,S,A,S466A,0.0028585916686849
466,S,C,S466C,0.0288553523855641
466,S,D,S466D,0.0265326047469121
466,S,E,S466E,0.0122002906272691
466,S,F,S466F,0.0231427100992962
466,S,G,S466G,0.0243188423347057
466,S,H,S466H,0
466,S,I,S466I,0.037528759990311
466,S,K,S466K,0.037145798014047
466,S,L,S466L,0.050953620731412
466,S,M,S466M,0.0469771736497927
466,S,N,S466N,0.0068093061273916
466,S,P,S466P,0.0184571022039234
466,S,Q,S466Q,0.0067056187938954
466,S,R,S466R,0.0390855836764336
466,S,T,S466T,0.0194576471300543
466,S,V,S466V,0.0097602325018164
466,S,W,S466W,0.0881645071445871
466,S,Y,S466Y,0.0406355957859032
467,Q,A,Q467A,0
467,Q,C,Q467C,0.0493483591668685
467,Q,D,Q467D,0.0344960946960509
467,Q,E,Q467E,0.0179454771131024
467,Q,F,Q467F,0.0449079680309989
467,Q,G,Q467G,0.0511594817146995
467,Q,H,Q467H,0.0121768285299104
467,Q,I,Q467I,0.0426964761443449
467,Q,K,Q467K,0.0445015439573747
467,Q,L,Q467L,0.039159754177767
467,Q,M,Q467M,0.0131508839912812
467,Q,N,Q467N,0.0193297408573504
467,Q,P,Q467P,0.2992575381448282
467,Q,R,Q467R,0.0340578832647116
467,Q,S,Q467S,0.074801707435213
467,Q,T,Q467T,0.0499485347541778
467,Q,V,Q467V,0.0532718273189635
467,Q,W,Q467W,0.0680325139258901
467,Q,Y,Q467Y,0.0573201743763609
468,Q,A,Q468A,0.0441390167110681
468,Q,C,Q468C,0.0397213308307096
468,Q,D,Q468D,0.0257818176313863
468,Q,E,Q468E,0.0201478868975525
468,Q,F,Q468F,0.0515174679099056
468,Q,G,Q468G,0.0408414567691935
468,Q,H,Q468H,0.0203408815693872
468,Q,I,Q468I,0.0642240857350434
468,Q,K,Q468K,0
468,Q,L,Q468L,0.0454415415354808
468,Q,M,Q468M,0.045794986679582
468,Q,N,Q468N,0.0225675102930491
468,Q,P,Q468P,0.1638683700653899
468,Q,R,Q468R,0.0040680249455059
468,Q,S,Q468S,0.0379124788084282
468,Q,T,Q468T,0.0303872002906259
468,Q,V,Q468V,0.0656484620973602
468,Q,W,Q468W,0.024514864373939
468,Q,Y,Q468Y,0.0604376059578591
469,C,A,C469A,0.0359182005328181
469,C,D,C469D,0.0372426737708888
469,C,E,C469E,0.0339042443690966
469,C,F,C469F,0.0370988738193281
469,C,G,C469G,0.0417140954226219
469,C,H,C469H,0.0295985710825866
469,C,I,C469I,0.0644579498667973
469,C,K,C469K,0.021356563332526
469,C,L,C469L,0.0703015257931717
469,C,M,C469M,0.0466978990070235
469,C,N,C469N,0.0086673528699443
469,C,P,C469P,0.0703204468394299
469,C,Q,C469Q,0
469,C,R,C469R,0.0171636594817161
469,C,S,C469S,0.0256281787357728
469,C,T,C469T,0.0222700714458721
469,C,V,C469V,0.0704945204650037
469,C,W,C469W,0.0682572959554372
469,C,Y,C469Y,0.0246843969484136
470,W,A,W470A,0.056291626301768
470,W,C,W470C,0.0553084887381933
470,W,D,W470D,0.0469870125938484
470,W,E,W470E,0.0807096149188666
470,W,F,W470F,0.037091305400822
470,W,G,W470G,0
470,W,H,W470H,0.0875174073625562
470,W,I,W470I,0.0960038750302724
470,W,K,W470K,0.0840192843303464
470,W,L,W470L,0.0894746003875031
470,W,M,W470M,0.0325389016711068
470,W,N,W470N,0.0296500363284074
470,W,P,W470P,0.0473275914264941
470,W,Q,W470Q,0.089057580527973
470,W,R,W470R,0.0798937394042142
470,W,S,W470S,0.0109863162993461
470,W,T,W470T,0.0474327924436896
470,W,V,W470V,0.0903351295713249
470,W,Y,W470Y,0.0293427585371747
471,R,A,R471A,0.0660314240736242
471,R,C,R471C,0.0346111346573006
471,R,D,R471D,0.0369611286025658
471,R,E,R471E,0.0403237769435699
471,R,F,R471F,0.0538387018648569
471,R,G,R471G,0.0585341487042854
471,R,H,R471H,0.0581897856623866
471,R,I,R471I,0.0525921833373684
471,R,K,R471K,0.0408747578106065
471,R,L,R471L,0.0474184124485334
471,R,M,R471M,0.0488321930249441
471,R,N,R471N,0.0403782695567934
471,R,P,R471P,0
471,R,Q,R471Q,0.0485778941632357
471,R,S,R471S,0.0246034148704287
471,R,T,R471T,0.0545887321385324
471,R,V,R471V,0.0388819932186956
471,R,W,R471W,0.0587324412690725
471,R,Y,R471Y,0.0735900036328395
472,M,A,M472A,0.0296447384354579
472,M,C,M472C,0.0197180007265696
472,M,D,M472D,0.0522864192298392
472,M,E,M472E,0.0645116856381691
472,M,F,M472F,0.006208373698232
472,M,G,M472G,0.0001695325744746
472,M,H,M472H,0.0063536873334948
472,M,I,M472I,0.0225024218939224
472,M,K,M472K,0.0164037902639878
472,M,L,M472L,0.0323890469847435
472,M,N,M472N,0.0141892710099311
472,M,P,M472P,0.0490463792685895
472,M,Q,M472Q,0.0535760777427949
472,M,R,M472R,0.0092221179462339
472,M,S,M472S,0.0130744429643995
472,M,T,M472T,0.0296803100024219
472,M,V,M472V,0.020614858319207
472,M,W,M472W,0
472,M,Y,M472Y,0.0195189513199322
473,C,A,C473A,0.1494452349237119
473,C,D,C473D,0.1042670743521449
473,C,E,C473E,0.0617136413175117
473,C,F,C473F,0.1418639501089854
473,C,G,C473G,0.2105269132961993
473,C,H,C473H,0.0541172196657801
473,C,I,C473I,0.1183360075078713
473,C,K,C473K,0.0086665960280939
473,C,L,C473L,0.0879245882780349
473,C,M,C473M,0.100415506175831
473,C,N,C473N,0.1009021554855912
473,C,P,C473P,0.0459153245337854
473,C,Q,C473Q,0
473,C,R,C473R,0.0254276156454347
473,C,S,C473S,0.1055294865584888
473,C,T,C473T,0.0537509082102218
473,C,V,C473V,0.1263335553402762
473,C,W,C473W,0.1656068357955938
473,C,Y,C473Y,0.1176374424800209
474,T,A,T474A,0.1809972148219896
474,T,C,T474C,0.0045894889803826
474,T,D,T474D,0.1419630963913782
474,T,E,T474E,0.1528260474691196
474,T,F,T474F,0.0352953196899976
474,T,G,T474G,0.1560804674255255
474,T,H,T474H,0.0248251695325745
474,T,I,T474I,0.1500666020828275
474,T,K,T474K,0.1724358198110911
474,T,L,T474L,0.0456807035601827
474,T,M,T474M,0
474,T,N,T474N,0.1097201198837492
474,T,P,T474P,0.1386617522402506
474,T,Q,T474Q,0.0150467728263502
474,T,R,T474R,0.1675511625090809
474,T,S,T474S,0.1475871881811564
474,T,V,T474V,0.1581421046258162
474,T,W,T474W,0.151048225962703
474,T,Y,T474Y,0.1004049103899236
475,P,A,P475A,0.0268368551707421
475,P,C,P475C,0.0680249455073854
475,P,D,P475D,0.0493370065391122
475,P,E,P475E,0.0393731835795578
475,P,F,P475F,0.0658898946476131
475,P,G,P475G,0.0624636715911829
475,P,H,P475H,0.0650717486074096
475,P,I,P475I,0.0614033361588763
475,P,K,P475K,0.0556081981109228
475,P,L,P475L,0.0433852022281424
475,P,M,P475M,0.0613564119641546
475,P,N,P475N,0.0696506418018891
475,P,Q,P475Q,0.0676692298377332
475,P,R,P475R,0.0585545834342456
475,P,S,P475S,0
475,P,T,P475T,0.0460273371276324
475,P,V,P475V,0.0145964519254042
475,P,W,P475W,0.0969900399612498
475,P,Y,P475Y,0.0923922257205121
476,M,A,M476A,0.2879699987890534
476,M,C,M476C,0.0372820295471058
476,M,D,M476D,0.3679893739404205
476,M,E,M476E,0.1940209493824173
476,M,F,M476F,0.1137094332768226
476,M,G,M476G,0.1518383688544443
476,M,H,M476H,0.1681838822959556
476,M,I,M476I,0
476,M,K,M476K,0.1361611467667718
476,M,L,M476L,0.032715245822233
476,M,N,M476N,0.2505699019132951
476,M,P,M476P,0.069069387260838
476,M,Q,M476Q,0.1052267498183567
476,M,R,M476R,0.1177956224267378
476,M,S,M476S,0.2852370428675214
476,M,T,M476T,0.1355594574957618
476,M,V,M476V,0.0768436667473965
476,M,W,M476W,0.0811114979413902
476,M,Y,M476Y,0.0743211128602568
477,S,A,S477A,0.2315822535722924
477,S,C,S477C,0.0915619702107049
477,S,D,S477D,0.2085152276580274
477,S,E,S477E,0.2208161782513915
477,S,F,S477F,0.1506062303221107
477,S,G,S477G,0.1950941511261795
477,S,H,S477H,0.1877664083313153
477,S,I,S477I,0.1050541898764835
477,S,K,S477K,0.1569894344877682
477,S,L,S477L,0.1150286086219411
477,S,M,S477M,0.1338141801889065
477,S,N,S477N,0.1621881811576641
477,S,P,S477P,0
477,S,Q,S477Q,0.1682913538387021
477,S,R,S477R,0.1146903003148449
477,S,T,S477T,0.2048256236376835
477,S,V,S477V,0.1286600871881799
477,S,W,S477W,0.1838542928069753
477,S,Y,S477Y,0.1926979898280458
478,T,A,T478A,0.0466464337612027
478,T,C,T478C,0.023302403729718
478,T,D,T478D,0.0500870368127876
478,T,E,T478E,0.031656424073627
478,T,F,T478F,0
478,T,G,T478G,0.0553107592637443
478,T,H,T478H,0.0316428009203211
478,T,I,T478I,0.0292103112133688
478,T,K,T478K,0.0241220634536221
478,T,L,T478L,0.0444485650278518
478,T,M,T478M,0.0381925102930492
478,T,N,T478N,0.0341638411237588
478,T,P,T478P,0.3959206224267397
478,T,Q,T478Q,0.0196892407362557
478,T,R,T478R,0.0651777064664582
478,T,S,T478S,0.0347882356502799
478,T,V,T478V,0.0394746003875044
478,T,W,T478W,0.003715336643255
478,T,Y,T478Y,0.0375862799709387
479,K,A,K479A,0.048808730927584
479,K,C,K479C,0.0158406999273417
479,K,D,K479D,0.0261223964640349
479,K,E,K479E,0.0255320598207798
479,K,F,K479F,0.0320386292080407
479,K,G,K479G,0.0820552797287465
479,K,H,K479H,0.0637586279970938
479,K,I,K479I,0.0066579377573248
479,K,L,K479L,0.0125567631387731
479,K,M,K479M,0.038018436667474
479,K,N,K479N,0.0466123758779352
479,K,P,K479P,0.0167935638169034
479,K,Q,K479Q,0.011936152821505
479,K,R,K479R,0.0616894223782985
479,K,S,K479S,0.0654955800435927
479,K,T,K479T,0.0343939210462582
479,K,V,K479V,0
479,K,W,K479W,0.13256917534512
479,K,Y,K479Y,0.083400187696779
480,K,A,K480A,0.003000121094696
480,K,C,K480C,0.0449715427464291
480,K,D,K480D,0.0649900096875771
480,K,E,K480E,0.0672847541777685
480,K,F,K480F,0.0157869641559699
480,K,G,K480G,0.0305726265439588
480,K,H,K480H,0.0234590699927343
480,K,I,K480I,0
480,K,L,K480L,0.0321014470816192
480,K,M,K480M,0.0370194054250424
480,K,N,K480N,0.0601961734076048
480,K,P,K480P,0.0846800072656833
480,K,Q,K480Q,0.0329438120610317
480,K,R,K480R,0.0078348268345846
480,K,S,K480S,0.0279335190118687
480,K,T,K480T,0.0069084524097858
480,K,V,K480V,0.021796288447566
480,K,W,K480W,0.0209577076774051
480,K,Y,K480Y,0.0196703196899976
481,A,C,A481C,0
481,A,D,A481D,0.0841343242915947
481,A,E,A481E,0.0877701925405654
481,A,F,A481F,0.0337415233712749
481,A,G,A481G,0.0309828348268346
481,A,H,A481H,0.0326463732138518
481,A,I,A481I,0.0899264349721483
481,A,K,A481K,0.0392104625817389
481,A,L,A481L,0.0859575563090337
481,A,M,A481M,0.0267619278275611
481,A,N,A481N,0.0501188241705014
481,A,P,A481P,0.0632606260595786
481,A,Q,A481Q,0.0467932610801633
481,A,R,A481R,0.0163144829256464
481,A,S,A481S,0.03210977234197
481,A,T,A481T,0.0450177100992977
481,A,V,A481V,0.0997237527246308
481,A,W,A481W,0.055611982320173
481,A,Y,A481Y,0.0280871579074822
482,Y,A,Y482A,0.0292723722450957
482,Y,C,Y482C,0.0406666263017694
482,Y,D,Y482D,0.0474509566481002
482,Y,E,Y482E,0.032156696536691703
482,Y,F,Y482F,0.0169850448050389
482,Y,G,Y482G,0.029187605957859
482,Y,H,Y482H,0.0102536933882296
482,Y,I,Y482I,0.0370557338338595
482,Y,K,Y482K,0.0103853838701879
482,Y,L,Y482L,0.0425239162024718
482,Y,M,Y482M,0.0431172802131267
482,Y,N,Y482N,0.0363715488011625
482,Y,P,Y482P,0.1331625393557778
482,Y,Q,Y482Q,0.0197785480745957
482,Y,R,Y482R,0.0245390833131523
482,Y,S,Y482S,0.0263055521918154
482,Y,T,Y482T,0.0280319084524112
482,Y,V,Y482V,0.0187265379026413
482,Y,W,Y482W,0
483,F,A,F483A,0.1085197687091306
483,F,C,F483C,0.0892233288931946
483,F,D,F483D,0.1129790808912571
483,F,E,F483E,0.1032271736497957
483,F,G,F483G,0.1184063937999531
483,F,H,F483H,0.0843500242189407
483,F,I,F483I,0.0361944478081874
483,F,K,F483K,0.0354656091063211
483,F,L,F483L,0.0427335613950123
483,F,M,F483M,0.063663265923954
483,F,N,F483N,0.0852370428675225
483,F,P,F483P,0.1620186485831923
483,F,Q,F483Q,0.100102930491646
483,F,R,F483R,0.0174747214821991
483,F,S,F483S,0.104531212157909
483,F,T,F483T,0.1031575441995656
483,F,V,F483V,0.0633824775974827
483,F,W,F483W,0.11330982077985
483,F,Y,F483Y,0
484,G,A,G484A,0
484,G,C,G484C,0.008989767498185
484,G,D,G484D,0.1263638290142907
484,G,E,G484E,0.0472549346088642
484,G,F,G484F,0.0921856078953757
484,G,H,G484H,0.1249296137079197
484,G,I,G484I,0.0965503148462112
484,G,K,G484K,0.0669078469363042
484,G,L,G484L,0.1067078893194493
484,G,M,G484M,0.1118218697021072
484,G,N,G484N,0.0450623637684684
484,G,P,G484P,0.0946158270767755
484,G,Q,G484Q,0.0316193388229596
484,G,R,G484R,0.0967819084524099
484,G,S,G484S,0.0260845543715185
484,G,T,G484T,0.0397516045047227
484,G,V,G484V,0.0376854262533301
484,G,W,G484W,0.1479444175345122
484,G,Y,G484Y,0.0817797892952289
485,S,A,S485A,0.0927963792685881
485,S,C,S485C,0.0869656696536693
485,S,D,S485D,0.1016597541777671
485,S,E,S485E,0.0394367582949867
485,S,F,S485F,0.080559003390653
485,S,G,S485G,0.1109234984257691
485,S,H,S485H,0.0596663841123773
485,S,I,S485I,0.2208631024461131
485,S,K,S485K,0.0876475841608138
485,S,L,S485L,0.1385399007023494
485,S,M,S485M,0.0754881629934609
485,S,N,S485N,0.0471459493824171
485,S,P,S485P,0.2155250968757571
485,S,Q,S485Q,0
485,S,R,S485R,0.1304000666020844
485,S,T,S485T,0.121628269556795
485,S,V,S485V,0.2191193388229612
485,S,W,S485W,0.1066526398643755
485,S,Y,S485Y,0.1456602688302268
486,A,C,A486C,0
486,A,D,A486D,0.1890833131508842
486,A,E,A486E,0.157447323807216
486,A,F,A486F,0.1555794381206105
486,A,G,A486G,0.0379601598449974
486,A,H,A486H,0.2559510474691212
486,A,I,A486I,0.1537145798014035
486,A,K,A486K,0.2569341850326959
486,A,L,A486L,0.2589269496246068
486,A,M,A486M,0.1834683034633085
486,A,N,A486N,0.1893837793654626
486,A,P,A486P,0.1426109530152567
486,A,Q,A486Q,0.1738768466941136
486,A,R,A486R,0.2664340639379984
486,A,S,A486S,0.0567116735286995
486,A,T,A486T,0.0475644829256479
486,A,V,A486V,0.0595339367885687
486,A,W,A486W,0.2551760414143864
486,A,Y,A486Y,0.2330732320174365
487,V,A,V487A,0.0072331375635747
487,V,C,V487C,0.027611104383628
487,V,D,V487D,0.0230768648583192
487,V,E,V487E,0.024011564543473
487,V,F,V487F,0.0491614192298392
487,V,G,V487G,0
487,V,H,V487H,0.0203204468394298
487,V,I,V487I,0.0125817389198367
487,V,K,V487K,0.0034890409300086
487,V,L,V487L,0.0413674618551722
487,V,M,V487M,0.0228815996609348
487,V,N,V487N,0.0147826350205875
487,V,P,V487P,0.0672953499636716
487,V,Q,V487Q,0.0145404456284814
487,V,R,V487R,0.019068630418989
487,V,S,V487S,0.0225425345119884
487,V,T,V487T,0.0214761443448791
487,V,W,V487W,0.0831443751513699
487,V,Y,V487Y,0.0462271433761216
488,L,A,L488A,0.0658967062242688
488,L,C,L488C,0.0675352688302253
488,L,D,L488D,0.1984673952530896
488,L,E,L488E,0.1795069932186972
488,L,F,L488F,0.0998425768951335
488,L,G,L488G,0.1650323928311942
488,L,H,L488H,0.1779009748123034
488,L,I,L488I,0
488,L,K,L488K,0.1550753814482927
488,L,M,L488M,0.0605390227658043
488,L,N,L488N,0.1825926374424802
488,L,P,L488P,0.1095286388956165
488,L,Q,L488Q,0.1299081193993719
488,L,R,L488R,0.0868801465245823
488,L,S,L488S,0.1628489040930009
488,L,T,L488T,0.1137162448534755
488,L,V,L488V,0.0456670804068796
488,L,W,L488W,0.1129639440542519
488,L,Y,L488Y,0.1579990615161072
489,N,A,N489A,0
489,N,C,N489C,0.0379450230079923
489,N,D,N489D,0.0370322717364965
489,N,E,N489E,0.0516786752240238
489,N,F,N489F,0.023613465730201
489,N,G,N489G,0.0125582768224737
489,N,H,N489H,0.0340465306369581
489,N,I,N489I,0.0120383264713005
489,N,K,N489K,0.0152382538144829
489,N,L,N489L,0.0533823262291098
489,N,M,N489M,0.013438483894404
489,N,P,N489P,0.1336582707677405
489,N,Q,N489Q,0.0243309518043095
489,N,R,N489R,0.0461491886655351
489,N,S,N489S,0.0195575502542974
489,N,T,N489T,0.0254192903850797
489,N,V,N489V,0.0592803947687078
489,N,W,N489W,0.0553569266166128
489,N,Y,N489Y,0.0352249333979158
490,N,A,N490A,0.0068274703317994
490,N,C,N490C,0.0241197929280711
490,N,D,N490D,0.0415945144102702
490,N,E,N490E,0.0177971361104397
490,N,F,N490F,0.0538190239767499
490,N,G,N490G,0.016766317510293
490,N,H,N490H,0.0316791293291368
490,N,I,N490I,0.0496753148462098
490,N,K,N490K,0.0125567631387759
490,N,L,N490L,0.0290082344393316
490,N,M,N490M,0.0239351235165914
490,N,P,N490P,0.1820045713247762
490,N,Q,N490Q,0.0173460583676435
490,N,R,N490R,0.0207647130055703
490,N,S,N490S,0
490,N,T,N490T,0.0333373698232017
490,N,V,N490V,0.0709887381932686
490,N,W,N490W,0.0589867401307823
490,N,Y,N490Y,0.0600811334463551
491,F,A,F491A,0
491,F,C,F491C,0.013647372245097
491,F,D,F491D,0.0766476447081633
491,F,E,F491E,0.0641506720755645
491,F,G,F491G,0.0591017800920334
491,F,H,F491H,0.0064218031000242
491,F,I,F491I,0.0752459736013577
491,F,K,F491K,0.0143618309518043
491,F,L,F491L,0.0372010474691209
491,F,M,F491M,0.0395850992976522
491,F,N,F491N,0.0380396282392845
491,F,P,F491P,0.0518784814725129
491,F,Q,F491Q,0.0175912751271494
491,F,R,F491R,0.0302191813998547
491,F,S,F491S,0.0313779062727067
491,F,T,F491T,0.0581262109469606
491,F,V,F491V,0.072155031484621
491,F,W,F491W,0.0260171954468408
491,F,Y,F491Y,0.0351129208040702
492,L,A,L492A,0.0536706829740858
492,L,C,L492C,0
492,L,D,L492D,0.0145056309033678
492,L,E,L492E,0.058511443448777
492,L,F,L492F,0.0644715730201018
492,L,G,L492G,0.0217902337127634
492,L,H,L492H,0.0463179643981608
492,L,I,L492I,0.0222783967062243
492,L,K,L492K,0.0681422559941889
492,L,M,L492M,0.0700199806248487
492,L,N,L492N,0.0157915052070733
492,L,P,L492P,0.1897833918624367
492,L,Q,L492Q,0.0369142044078484
492,L,R,L492R,0.0394473540808927
492,L,S,L492S,0.0146448898038266
492,L,T,L492T,0.0096058367643497
492,L,V,L492V,0.0224865282150642
492,L,W,L492W,0.0801321445870672
492,L,Y,L492Y,0.0621314180188922
493,Y,A,Y493A,0.0849645798014062
493,Y,C,Y493C,0.0530039053039491
493,Y,D,Y493D,0.1066685335432323
493,Y,E,Y493E,0.0914158997335932
493,Y,F,Y493F,0
493,Y,G,Y493G,0.1103134838944055
493,Y,H,Y493H,0.0618082465488012
493,Y,I,Y493I,0.0304197444901927
493,Y,K,Y493K,0.0864351235165915
493,Y,L,Y493L,0.0108288931944795
493,Y,M,Y493M,0.0624084221361119
493,Y,N,Y493N,0.0669184427222102
493,Y,P,Y493P,0.1920244005812562
493,Y,Q,Y493Q,0.0754079377573263
493,Y,R,Y493R,0.0460825865827091
493,Y,S,Y493S,0.0879503209009446
493,Y,T,Y493T,0.0938453620731427
493,Y,V,Y493V,0.0601424376362316
493,Y,W,Y493W,0.0533951925405668
494,V,A,V494A,0.0745103233228399
494,V,C,V494C,0.0652579317025929
494,V,D,V494D,0.0749439937030759
494,V,E,V494E,0.0986588762412221
494,V,F,V494F,0.064962006539115
494,V,G,V494G,0.1954256478566241
494,V,H,V494H,0.0703272584160828
494,V,I,V494I,0
494,V,K,V494K,0.0964920380237361
494,V,L,V494L,0.0370557338338595
494,V,M,V494M,0.0594923104868007
494,V,N,V494N,0.0370269738435471
494,V,P,V494P,0.1499152337127635
494,V,Q,V494Q,0.1018073383385823
494,V,R,V494R,0.083559881327198
494,V,S,V494S,0.069839095422622
494,V,T,V494T,0.0497646221845497
494,V,W,V494W,0.123401550012111
494,V,Y,V494Y,0.0279796863647386
495,F,A,F495A,0.222859651247277
495,F,C,F495C,0.2389364858319223
495,F,D,F495D,0.2471580588520226
495,F,E,F495E,0.1300602446112876
495,F,G,F495G,0.372458525066604
495,F,H,F495H,0.2336552434003408
495,F,I,F495I,0.1609257689513215
495,F,K,F495K,0.2131607229353371
495,F,L,F495L,0.1064815936062002
495,F,M,F495M,0.0854209554371519
495,F,N,F495N,0.192119762654396
495,F,P,F495P,0.2552842697989831
495,F,Q,F495Q,0.1502921409542278
495,F,R,F495R,0.2005600629692422
495,F,S,F495S,0.232950623637685
495,F,T,F495T,0.2222602325018167
495,F,V,F495V,0.2296137079195948
495,F,W,F495W,0
495,F,Y,F495Y,0.0774695749576169
496,G,A,G496A,0.0290513744248002
496,G,C,G496C,0.0239691813998547
496,G,D,G496D,0.1031863041898766
496,G,E,G496E,0.1363874424800209
496,G,F,G496F,0.0535117461855171
496,G,H,G496H,0.1164439028820553
496,G,I,G496I,0.0621745580043609
496,G,K,G496K,0.0774014591910875
496,G,L,G496L,0.054130842819086
496,G,M,G496M,0.041978233228386
496,G,N,G496N,0.057400399612497
496,G,P,G496P,0.0679795349963672
496,G,Q,G496Q,0.109635353596514
496,G,R,G496R,0.1100538871397448
496,G,S,G496S,0
496,G,T,G496T,0.0090291232744005
496,G,V,G496V,0.0693539597965624
496,G,W,G496W,0.1028351295713249
496,G,Y,G496Y,0.1157317147008976
497,G,A,G497A,0.0486672015015728
497,G,C,G497C,0.051425890046016
497,G,D,G497D,0.0286638713974328
497,G,E,G497E,0.1553773613465732
497,G,F,G497F,0.0715919411479764
497,G,H,G497H,0.1111921772826337
497,G,I,G497I,0.0119134475659966
497,G,K,G497K,0
497,G,L,G497L,0.0831617825139246
497,G,M,G497M,0.0266347783967048
497,G,N,G497N,0.0430400823443919
497,G,P,G497P,0.0517566299346075
497,G,Q,G497Q,0.0868914991523372
497,G,R,G497R,0.0589950653911345
497,G,S,G497S,0.0751044441753438
497,G,T,G497T,0.0100077197868733
497,G,V,G497V,0.0118930128360363
497,G,W,G497W,0.0381357471542746
497,G,Y,G497Y,0.0953756962945024
498,N,A,N498A,0.0907271736497956
498,N,C,N498C,0.0923975236134658
498,N,D,N498D,0.0607516953257448
498,N,E,N498E,0.0741727718575927
498,N,F,N498F,0.0353740312424316
498,N,G,N498G,0.1017361952046501
498,N,H,N498H,0.0492711612981366
498,N,I,N498I,0.0466396221845497
498,N,K,N498K,0.0384286449503526
498,N,L,N498L,0.0225273976749832
498,N,M,N498M,0.0310229474449033
498,N,P,N498P,0.2264955194962478
498,N,Q,N498Q,0.0419131448292565
498,N,R,N498R,0.0455444720271266
498,N,S,N498S,0.0886791596028109
498,N,T,N498T,0.0353165112618081
498,N,V,N498V,0.0759785965124742
498,N,W,N498W,0
498,N,Y,N498Y,0.0161320840397204
499,N,A,N499A,0.0354754480503768
499,N,C,N499C,0.0413205376604505
499,N,D,N499D,0.0669441753451199
499,N,E,N499E,0.0671227900217971
499,N,F,N499F,0.0540839186243643
499,N,G,N499G,0.0600046924194735
499,N,H,N499H,0.0337256296924195
499,N,I,N499I,0.0653215064180189
499,N,K,N499K,0.0085636655364509
499,N,L,N499L,0.0557830285783497
499,N,M,N499M,0.05625
499,N,P,N499P,0.050452591426497
499,N,Q,N499Q,0.0323496912085265
499,N,R,N499R,0.0033989767498197
499,N,S,N499S,0
499,N,T,N499T,0.0465510716880615
499,N,V,N499V,0.0439921893921061
499,N,W,N499W,0.0715276095907
499,N,Y,N499Y,0.0569553766045048
500,Y,A,Y500A,0.0603732744005799
500,Y,C,Y500C,0.0210772886897554
500,Y,D,Y500D,0.0467546621457966
500,Y,E,Y500E,0.0613639803826579
500,Y,F,Y500F,0
500,Y,G,Y500G,0.0531469484136581
500,Y,H,Y500H,0.0184427222087658
500,Y,I,Y500I,0.0436107410995399
500,Y,K,Y500K,0.0523439392104626
500,Y,L,Y500L,0.0302872971663841
500,Y,M,Y500M,0.0295985710825866
500,Y,N,Y500N,0.0248887442480005
500,Y,P,Y500P,0.0336181581496716
500,Y,Q,Y500Q,0.037537085250666
500,Y,R,Y500R,0.0481230322111892
500,Y,S,Y500S,0.0455724751755873
500,Y,T,Y500T,0.0359840457737951
500,Y,V,Y500V,0.0443236861225478
500,Y,W,Y500W,0.0151739222572051
501,D,A,D501A,0.0123781484620959
501,D,C,D501C,0.0185577621700155
501,D,E,D501E,0.0073262291111635
501,D,F,D501F,0.0160321809154759
501,D,G,D501G,0.0291845785904577
501,D,H,D501H,0.0200767437636217
501,D,I,D501I,0.0128837188181157
501,D,K,D501K,0
501,D,L,D501L,0.0121639622184548
501,D,M,D501M,0.0291754964882524
501,D,N,D501N,0.0270502845725357
501,D,P,D501P,0.0121034148704286
501,D,Q,D501Q,0.0248531726810366
501,D,R,D501R,0.023607410995397
501,D,S,D501S,0.0236755267619264
501,D,T,D501T,0.0339019738435457
501,D,V,D501V,0.019334281908451
501,D,W,D501W,0.0230844332768211
501,D,Y,D501Y,0.0047559941874531
502,Y,A,Y502A,0
502,Y,C,Y502C,0.0140522826350191
502,Y,D,Y502D,0.0276981411964156
502,Y,E,Y502E,0.0111649309760232
502,Y,F,Y502F,0.0059987285056914
502,Y,G,Y502G,0.0159920682974085
502,Y,H,Y502H,0.0149869823201729
502,Y,I,Y502I,0.002641378057641
502,Y,K,Y502K,0.0189891620247033
502,Y,L,Y502L,0.0075563090336629
502,Y,M,Y502M,0.0072513017679825
502,Y,N,Y502N,0.0248281968999744
502,Y,P,Y502P,0.0174694235892468
502,Y,Q,Y502Q,0.0216123758779351
502,Y,R,Y502R,0.0228808428190845
502,Y,S,Y502S,0.0255002724630647
502,Y,T,Y502T,0.0155349358198097
502,Y,V,Y502V,0.0186743158149673
502,Y,W,Y502W,0.0267869036086219
503,K,A,K503A,0.0245504359409058
503,K,C,K503C,0.028691117704046
503,K,D,K503D,0.0281953862920804
503,K,E,K503E,0.0702447626543958
503,K,F,K503F,0.0156484620973601
503,K,G,K503G,0.0356404395737467
503,K,H,K503H,0
503,K,I,K503I,0.0323095785904591
503,K,L,K503L,0.0214685759263744
503,K,M,K503M,0.014233924679099
503,K,N,K503N,0.0270063877452182
503,K,P,K503P,0.0845293957374682
503,K,Q,K503Q,0.0521002361346587
503,K,R,K503R,0.0029698474206843
503,K,S,K503S,0.0522372245095679
503,K,T,K503T,0.0168283785420212
503,K,V,K503V,0.0217266589973359
503,K,W,K503W,0.0189634294017922
503,K,Y,K503Y,0.0097730988132734
504,A,C,A504C,0.1157074957616858
504,A,D,A504D,0.1658936788568663
504,A,E,A504E,0.1277246306611758
504,A,F,A504F,0.100006811576653
504,A,G,A504G,0.0923369762654397
504,A,H,A504H,0.0935032695567935
504,A,I,A504I,0.185196173407605
504,A,K,A504K,0
504,A,L,A504L,0.201378965851296
504,A,M,A504M,0.1201251816420442
504,A,N,A504N,0.0898522644708163
504,A,P,A504P,0.0861626604504709
504,A,Q,A504Q,0.079245125938484
504,A,R,A504R,0.0357849963671591
504,A,S,A504S,0.1064074231048681
504,A,T,A504T,0.1687757326229099
504,A,V,A504V,0.1756592092516336
504,A,W,A504W,0.0930960886413162
504,A,Y,A504Y,0.0992522402518756
505,L,A,L505A,0.00726870913054
505,L,C,L505C,0.0422015015742325
505,L,D,L505D,0.0434343969484151
505,L,E,L505E,0.0464345180431111
505,L,F,L505F,0.0435032695567934
505,L,G,L505G,0.0945938786631147
505,L,H,L505H,0.0127088883506916
505,L,I,L505I,0.0227711007507885
505,L,K,L505K,0
505,L,M,L505M,0.0419411479777186
505,L,N,L505N,0.0275505570356032
505,L,P,L505P,0.0009089670622426
505,L,Q,L505Q,0.0327515742310487
505,L,R,L505R,0.0916104080891258
505,L,S,L505S,0.1221315693872624
505,L,T,L505T,0.0467440663598949
505,L,V,L505V,0.0100024218939224
505,L,W,L505W,0.0289522281424074
505,L,Y,L505Y,0.0821513986437409
506,F,A,F506A,0.1088989464761431
506,F,C,F506C,0.0390348752724631
506,F,D,F506D,0.0566511261806733
506,F,E,F506E,0.0649786570598208
506,F,G,F506G,0.09780061758295
506,F,H,F506H,0.0150709917655606
506,F,I,F506I,0.0326721058367629
506,F,K,F506K,0.0573459069992735
506,F,L,F506L,0.0573322838459676
506,F,M,F506M,0.018909693630419
506,F,N,F506N,0.0292587490917884
506,F,P,F506P,0.0303493581981109
506,F,Q,F506Q,0.0217470937272933
506,F,R,F506R,0.0148325865827076
506,F,S,F506S,0.0848654335190119
506,F,T,F506T,0.0313234136594803
506,F,V,F506V,0.0546197626543958
506,F,W,F506W,0.0367779728747881
506,F,Y,F506Y,0
507,E,A,E507A,0.0238049467183337
507,E,C,E507C,0.0347594756599661
507,E,D,E507D,0.0608016468878664
507,E,F,E507F,0.0366538508113345
507,E,G,E507G,0.031857744005814
507,E,H,E507H,0.0262858743037069
507,E,I,E507I,0.0375582768224752
507,E,K,E507K,0
507,E,L,E507L,0.0294986679583434
507,E,M,E507M,0.0179522886897568
507,E,N,E507N,0.0310774400581269
507,E,P,E507P,0.0133968575926374
507,E,Q,E507Q,0.0206405909421181
507,E,R,E507R,0.0099683640106577
507,E,S,E507S,0.0106094090578832
507,E,T,E507T,0.0144587067086475
507,E,V,E507V,0.0387495458948898
507,E,W,E507W,0.0534534693630433
507,E,Y,E507Y,0.0273265318479065
508,T,A,T508A,0.0539439028820538
508,T,C,T508C,0.0432535117461855
508,T,D,T508D,0.0090752906272691
508,T,E,T508E,0.0069705134415112
508,T,F,T508F,0.1680347844514412
508,T,G,T508G,0.1082654698474194
508,T,H,T508H,0.0565989040929994
508,T,I,T508I,0.1672295047226933
508,T,K,T508K,0.0197921712278988
508,T,L,T508L,0.1439066662630178
508,T,M,T508M,0.1065217062242675
508,T,N,T508N,0.0147379813514168
508,T,P,T508P,0.0172484257689513
508,T,Q,T508Q,0
508,T,R,T508R,0.0211893012836038
508,T,S,T508S,0.0479822596270284
508,T,V,T508V,0.1102733712763382
508,T,W,T508W,0.178697172438846
508,T,Y,T508Y,0.0964216517316542
509,E,A,E509A,0.0934676979898281
509,E,C,E509C,0.1023325865827078
509,E,D,E509D,0.0306808549285541
509,E,F,E509F,0.2192843303463311
509,E,G,E509G,0.1127807883264714
509,E,H,E509H,0.0818789355776218
509,E,I,E509I,0.1445416565754408
509,E,K,E509K,0.1036691692903838
509,E,L,E509L,0.1272152760959057
509,E,M,E509M,0.1051223056430115
509,E,N,E509N,0.0411820356018406
509,E,P,E509P,0.3372229958827794
509,E,Q,E509Q,0
509,E,R,E509R,0.1345142589004603
509,E,S,E509S,0.0771448898038267
509,E,T,E509T,0.1498206284814713
509,E,V,E509V,0.2121866674739649
509,E,W,E509W,0.1387026217001697
509,E,Y,E509Y,0.2264531363526266
510,V,A,V510A,0.1275445023007994
510,V,C,V510C,0.0418087006539114
510,V,D,V510D,0.0939475357229354
510,V,E,V510E,0.0970846451925407
510,V,F,V510F,0.0689354262533288
510,V,G,V510G,0.1096731956890275
510,V,H,V510H,0.0045902458222329
510,V,I,V510I,0.0123811758294986
510,V,K,V510K,0
510,V,L,V510L,0.0073428796318721
510,V,M,V510M,0.0751104989101464
510,V,N,V510N,0.0692722208767257
510,V,P,V510P,0.2166429522886886
510,V,Q,V510Q,0.0427729171712279
510,V,R,V510R,0.008856563332526
510,V,S,V510S,0.2072149733591671
510,V,T,V510T,0.1273242613223528
510,V,W,V510W,0.033189785662388
510,V,Y,V510Y,0.0619770222814241
511,Y,A,Y511A,0
511,Y,C,Y511C,0.0020669350932429
511,Y,D,Y511D,0.1432436728021314
511,Y,E,Y511E,0.1652533906514882
511,Y,F,Y511F,0.0735847057398886
511,Y,G,Y511G,0.0383824775974812
511,Y,H,Y511H,0.0570484681520936
511,Y,I,Y511I,0.0806990191329621
511,Y,K,Y511K,0.0709637624122064
511,Y,L,Y511L,0.0245443812061032
511,Y,M,Y511M,0.0227385565512216
511,Y,N,Y511N,0.072826350205861
511,Y,P,Y511P,0.2209614918866542
511,Y,Q,Y511Q,0.0582238435456527
511,Y,R,Y511R,0.0833403971906031
511,Y,S,Y511S,0.0512624122063454
511,Y,T,Y511T,0.07484106321143
511,Y,V,Y511V,0.0782127936546366
511,Y,W,Y511W,0.0728831133446356
512,D,A,D512A,0.0163122124000969
512,D,C,D512C,0.0189429946718334
512,D,E,D512E,0.0313930431097118
512,D,F,D512F,0.029743127875999
512,D,G,D512G,0.0367340760474677
512,D,H,D512H,0
512,D,I,D512I,0.047308670380236
512,D,K,D512K,0.0175443509324277
512,D,L,D512L,0.0391589973359153
512,D,M,D512M,0.0348571082586583
512,D,N,D512N,0.0082412509082102
512,D,P,D512P,0.0848359166868478
512,D,Q,D512Q,0.0439831072899007
512,D,R,D512R,0.0519511382901415
512,D,S,D512S,0.0350599418745459
512,D,T,D512T,0.0395593666747382
512,D,V,D512V,0.0262101901186714
512,D,W,D512W,0.0509135081133432
512,D,Y,D512Y,0.0216070779849842
513,R,A,R513A,0.0237829983046728
513,R,C,R513C,0.0889319447808173
513,R,D,R513D,0.0268209614918852
513,R,E,R513E,0.0324791111649296
513,R,F,R513F,0.0906166747396451
513,R,G,R513G,0.0186864252845725
513,R,H,R513H,0.0278714579801405
513,R,I,R513I,0.055963913780575
513,R,K,R513K,0
513,R,L,R513L,0.0325093848389441
513,R,M,R513M,0.0555506781302965
513,R,N,R513N,0.0194886776459177
513,R,P,R513P,0.0487375877936532
513,R,Q,R513Q,0.0256773734560412
513,R,S,R513S,0.0310600326955665
513,R,T,R513T,0.0603573807217244
513,R,V,R513V,0.075709160813755
513,R,W,R513W,0.0065020283361588
513,R,Y,R513Y,0.0485892467909892
514,L,A,L514A,0.00798619520465
514,L,C,L514C,0.0073103354323094
514,L,D,L514D,0.0432550254298862
514,L,E,L514E,0.028282423104868
514,L,F,L514F,0.0117204528941646
514,L,G,L514G,0.0252414325502557
514,L,H,L514H,0.0272258718818116
514,L,I,L514I,0.0282029547105837
514,L,K,L514K,0.0366372002906287
514,L,M,L514M,0.0050102930491658
514,L,N,L514N,0.0411282998304688
514,L,P,L514P,0.0190784693630433
514,L,Q,L514Q,0.0396093182368626
514,L,R,L514R,0.0182966517316555
514,L,S,L514S,0.0366848813271979
514,L,T,L514T,0.0196370186485846
514,L,V,L514V,0.0078545047226945
514,L,W,L514W,0.0379737829983061
514,L,Y,L514Y,0
515,R,A,R515A,0.0399423286510051
515,R,C,R515C,0.03631932671349
515,R,D,R515D,0.0372033179946718
515,R,E,R515E,0.0295319689997564
515,R,F,R515F,0.0360544320658755
515,R,G,R515G,0.0467478505691437
515,R,H,R515H,0.0450298195689029
515,R,I,R515I,0.0446029607653185
515,R,K,R515K,0.0112739162024703
515,R,L,R515L,0.0381592092516348
515,R,M,R515M,0.0513547469120839
515,R,N,R515N,0.052101749818358
515,R,P,R515P,0.099959130540081
515,R,Q,R515Q,0.0158505388713974
515,R,S,R515S,0.0807981654153535
515,R,T,R515T,0.0407180915475902
515,R,V,R515V,0
515,R,W,R515W,0.0524839549527731
515,R,Y,R515Y,0.008856563332526
516,D,A,D516A,0.0310842516347784
516,D,C,D516C,0.0121261201259399
516,D,E,D516E,0.0097261746185531
516,D,F,D516F,0.0445802555098087
516,D,G,D516G,0
516,D,H,D516H,0.0086325381448306
516,D,I,D516I,0.0864260414143875
516,D,K,D516K,0.0321211249697277
516,D,L,D516L,0.0342758537176086
516,D,M,D516M,0.0516075320900959
516,D,N,D516N,0.0547067994671848
516,D,P,D516P,0.0101931460402048
516,D,Q,D516Q,0.0128413356744974
516,D,R,D516R,0.0347776398643754
516,D,S,D516S,0.0190504662145812
516,D,T,D516T,0.0251029304916459
516,D,V,D516V,0.0669207132477598
516,D,W,D516W,0.0277488496003889
516,D,Y,D516Y,0.0433042201501589
517,V,A,V517A,0.0262079195931218
517,V,C,V517C,0.0225682671348981
517,V,D,V517D,0
517,V,E,V517E,0.0172915657544185
517,V,F,V517F,0.0285321809154759
517,V,G,V517G,0.0315300314846196
517,V,H,V517H,0.032321688060063
517,V,I,V517I,0.0102521797045289
517,V,K,V517K,0.020801041414386
517,V,L,V517L,0.0246616916929024
517,V,M,V517M,0.0129752966820039
517,V,N,V517N,0.03152776095907
517,V,P,V517P,0.0817245398401551
517,V,Q,V517Q,0.0320900944538615
517,V,R,V517R,0.0322248123032211
517,V,S,V517S,0.0386821869702107
517,V,T,V517T,0.0406787357713718
517,V,W,V517W,0.0122260232501816
517,V,Y,V517Y,0.0354580406878179
518,W,A,W518A,0.1450441995640607
518,W,C,W518C,0.0223253209009459
518,W,D,W518D,0.1931959917655623
518,W,E,W518E,0.2109726931460405
518,W,F,W518F,0
518,W,G,W518G,0.1326024763865358
518,W,H,W518H,0.0165347239040944
518,W,I,W518I,0.0888903184790507
518,W,K,W518K,0.1075903669169291
518,W,L,W518L,0.1419736921772828
518,W,M,W518M,0.0763176616614207
518,W,N,W518N,0.0747865705982079
518,W,P,W518P,0.2148492371034151
518,W,Q,W518Q,0.098047348026158
518,W,R,W518R,0.1452530879147495
518,W,S,W518S,0.0638358258658285
518,W,T,W518T,0.1300617582949882
518,W,V,W518V,0.0517672257205149
518,W,Y,W518Y,0.0036214882538144
519,Y,A,Y519A,0
519,Y,C,Y519C,0.0300829498667972
519,Y,D,Y519D,0.0319076955679355
519,Y,E,Y519E,0.0315587914749348
519,Y,F,Y519F,0.0461068055219182
519,Y,G,Y519G,0.0495345422620489
519,Y,H,Y519H,0.0417171227900218
519,Y,I,Y519I,0.0339314906757098
519,Y,K,Y519K,0.0228422438847192
519,Y,L,Y519L,0.0374561031726825
519,Y,M,Y519M,0.0257053766045047
519,Y,N,Y519N,0.015863405182853
519,Y,P,Y519P,0.0302661055945764
519,Y,Q,Y519Q,0.0274256781302993
519,Y,R,Y519R,0.0259755691450714
519,Y,S,Y519S,0.0398870791959326
519,Y,T,Y519T,0.0317427040445643
519,Y,V,Y519V,0.0397425224025188
519,Y,W,Y519W,0.0217259021554856
520,V,A,V520A,0.0679310971179449
520,V,C,V520C,0.0475622124000969
520,V,D,V520D,0.0760277912327427
520,V,E,V520E,0.0793034027609591
520,V,F,V520F,0.0536139198353098
520,V,G,V520G,0.0718371579074823
520,V,H,V520H,0.0547923225962703
520,V,I,V520I,0.0469983652216033
520,V,K,V520K,0
520,V,L,V520L,0.0909905546137066
520,V,M,V520M,0.0545675405667218
520,V,N,V520N,0.0537834524097845
520,V,P,V520P,0.0721565451683217
520,V,Q,V520Q,0.0353967364979414
520,V,R,V520R,0.0401936001453136
520,V,S,V520S,0.0597950472269301
520,V,T,V520T,0.0552471845483168
520,V,W,V520W,0.044777791232744
520,V,Y,V520Y,0.0358152700411722
521,S,A,S521A,0.0554371518527489
521,S,C,S521C,0.0639584342455815
521,S,D,S521D,0.0590117159118431
521,S,E,S521E,0.0425224025187711
521,S,F,S521F,0.0604012775490434
521,S,G,S521G,0.0589269496246079
521,S,H,S521H,0.0606366553644965
521,S,I,S521I,0.0412516650520721
521,S,K,S521K,0.0366727718575941
521,S,L,S521L,0.0433723359166883
521,S,M,S521M,0.069241947202714
521,S,N,S521N,0.0548014046984756
521,S,P,S521P,0
521,S,Q,S521Q,0.0591600569145086
521,S,R,S521R,0.0285700230079922
521,S,T,S521T,0.0237133688544456
521,S,V,S521V,0.059108591668685
521,S,W,S521W,0.0949934911600873
521,S,Y,S521Y,0.0797484257689528
522,S,A,S522A,0.0326751332041642
522,S,C,S522C,0.0571672923225949
522,S,D,S522D,0.0441602082828772
522,S,E,S522E,0.0305105655122291
522,S,F,S522F,0.0227105534027595
522,S,G,S522G,0.0255517377088869
522,S,H,S522H,0.0092410389924907
522,S,I,S522I,0.0213323443933141
522,S,K,S522K,0
522,S,L,S522L,0.0433632538144829
522,S,M,S522M,0.0299073625575186
522,S,N,S522N,0.0392165173165415
522,S,P,S522P,0.0129086945991765
522,S,Q,S522Q,0.0303274097844514
522,S,R,S522R,0.0171916626301768
522,S,T,S522T,0.0253632840881569
522,S,V,S522V,0.0159095725357229
522,S,W,S522W,0.0540642407362558
522,S,Y,S522Y,0.02645843424558
523,N,A,N523A,0.0320098692177283
523,N,C,N523C,0.0307065875514652
523,N,D,N523D,0.0191942661661433
523,N,E,N523E,0.03386564543473
523,N,F,N523F,0.0288137260837989
523,N,G,N523G,0.0342508779365478
523,N,H,N523H,0.0121995337854216
523,N,I,N523I,0.0283142104625831
523,N,K,N523K,0.0211257265681777
523,N,L,N523L,0.016654304916446
523,N,M,N523M,0.0257734923710341
523,N,P,N523P,0.0595922136110453
523,N,Q,N523Q,0.0126846694114797
523,N,R,N523R,0
523,N,S,N523S,0.0333684003390652
523,N,T,N523T,0.016297832404942
523,N,V,N523V,0.0313695810123517
523,N,W,N523W,0.0166512775490433
523,N,Y,N523Y,0.0274415718091562
524,L,A,L524A,0.1570310607895376
524,L,C,L524C,0.0814331557277792
524,L,D,L524D,0.1418964943085481
524,L,E,L524E,0.1114351235165901
524,L,F,L524F,0.0804583434245581
524,L,G,L524G,0.3348518103657064
524,L,H,L524H,0.0575366311455559
524,L,I,L524I,0.0753602567207557
524,L,K,L524K,0
524,L,M,L524M,0.0738844151126181
524,L,N,L524N,0.0441443146040204
524,L,P,L524P,0.1255055703560171
524,L,Q,L524Q,0.0441094998789053
524,L,R,L524R,0.007975599418744
524,L,S,L524S,0.1864782635020574
524,L,T,L524T,0.0825222511503983
524,L,V,L524V,0.0723412145798015
524,L,W,L524W,0.0451403184790506
524,L,Y,L524Y,0.1086007507871156
525,N,A,N525A,0.0141340215548559
525,N,C,N525C,0.024641256962945
525,N,D,N525D,0.0157657725841608
525,N,E,N525E,0.0356048680067827
525,N,F,N525F,0.072165627270527
525,N,G,N525G,0.0597435819811093
525,N,H,N525H,0.0399498970695084
525,N,I,N525I,0.0158944356987164
525,N,K,N525K,0.0209796560910646
525,N,L,N525L,0.0290377512714943
525,N,M,N525M,0.0142997699200789
525,N,P,N525P,0.0728430007265696
525,N,Q,N525Q,0.044187454589489
525,N,R,N525R,0
525,N,S,N525S,0.0491674739646418
525,N,T,N525T,0.0241266045047241
525,N,V,N525V,0.0173127573262305
525,N,W,N525W,0.0536949019132976
525,N,Y,N525Y,0.0610801646887881
526,I,A,I526A,0.0682852991038993
526,I,C,I526C,0.1070999333979159
526,I,D,I526D,0.1060252179704516
526,I,E,I526E,0.0718825684185033
526,I,F,I526F,0.0385224933397917
526,I,G,I526G,0.1758022523613468
526,I,H,I526H,0.0440247335916673
526,I,K,I526K,0
526,I,L,I526L,0.0328552615645435
526,I,M,I526M,0.0770465003632827
526,I,N,I526N,0.044384233470574
526,I,P,I526P,0.6959501392589
526,I,Q,I526Q,0.0547401005085978
526,I,R,I526R,0.0102287176071688
526,I,S,I526S,0.0880403850811335
526,I,T,I526T,0.0659829861952033
526,I,V,I526V,0.029905092031969
526,I,W,I526W,0.0684593727294745
526,I,Y,I526Y,0.0438075199806235
527,P,A,P527A,0.0516854868006782
527,P,C,P527C,0.0664075744732367
527,P,D,P527D,0.0311962642286268
527,P,E,P527E,0.0576319932186956
527,P,F,P527F,0.0676987466698945
527,P,G,P527G,0.0370163780576411
527,P,H,P527H,0.0392967425526762
527,P,I,P527I,0.084342455800436
527,P,K,P527K,0
527,P,L,P527L,0.1028487527246308
527,P,M,P527M,0.0772394950351161
527,P,N,P527N,0.0156280273673999
527,P,Q,P527Q,0.0245072959554371
527,P,R,P527R,0.0082064361830951
527,P,S,P527S,0.0431800980867038
527,P,T,P527T,0.058235953015258
527,P,V,P527V,0.0683579559215293
527,P,W,P527W,0.0813794199564046
527,P,Y,P527Y,0.0550466214579788
528,R,A,R528A,0.3652208464519259
528,R,C,R528C,0.1732002300799213
528,R,D,R528D,0.1968303463308295
528,R,E,R528E,0.1992878118188426
528,R,F,R528F,0.2045153184790509
528,R,G,R528G,0.3534701198837496
528,R,H,R528H,0.1710394465972378
528,R,I,R528I,0.1052638350690227
528,R,K,R528K,0
528,R,L,R528L,0.1406719241947204
528,R,M,R528M,0.0635921227900204
528,R,N,R528N,0.1294313090336631
528,R,P,R528P,0.6222670440784688
528,R,Q,R528Q,0.0525104444175345
528,R,S,R528S,0.1948216880600632
528,R,T,R528T,0.0694992734318237
528,R,V,R528V,0.1355647553887141
528,R,W,R528W,0.2251074715427453
528,R,Y,R528Y,0.2490289719060308
529,R,A,R529A,0.2011609953984032
529,R,C,R529C,0.0709009445386293
529,R,D,R529D,0.0495882780334222
529,R,E,R529E,0.0598714882538145
529,R,F,R529F,0.0664597965609107
529,R,G,R529G,0.1660261261806749
529,R,H,R529H,0
529,R,I,R529I,0.1607494248001953
529,R,K,R529K,0.0296689573746684
529,R,L,R529L,0.074103142407364
529,R,M,R529M,0.0673301646887881
529,R,N,R529N,0.0514576774037297
529,R,P,R529P,0.085223419714218
529,R,Q,R529Q,0.0533581072899007
529,R,S,R529S,0.0886458585613951
529,R,T,R529T,0.1340995095664811
529,R,V,R529V,0.1682852991039009
529,R,W,R529W,0.0524256781302993
529,R,Y,R529Y,0.0411373819326714
530,N,A,N530A,0.1033588641317511
530,N,C,N530C,0.1119845906999275
530,N,D,N530D,0.0802403729716639
530,N,E,N530E,0.044150369338823
530,N,F,N530F,0.0541982017437622
530,N,G,N530G,0.0856828227173651
530,N,H,N530H,0.0579551646887867
530,N,I,N530I,0.1332223298619522
530,N,K,N530K,0.0677373456042612
530,N,L,N530L,0.0862179099055462
530,N,M,N530M,0.054277670138048
530,N,P,N530P,0.1480155606684429
530,N,Q,N530Q,0
530,N,R,N530R,0.0528593485105339
530,N,S,N530S,0.0227877512714929
530,N,T,N530T,0.0502732199079681
530,N,V,N530V,0.1371314180188895
530,N,W,N530W,0.0724063029789282
530,N,Y,N530Y,0.0532097662872352
531,N,A,N531A,0.0411941450714445
531,N,C,N531C,0.1489812908694587
531,N,D,N531D,0.0965389622184535
531,N,E,N531E,0.045849479292807
531,N,F,N531F,0.1418185395979658
531,N,G,N531G,0.1668102143376122
531,N,H,N531H,0.1035185577621701
531,N,I,N531I,0.1825275490433507
531,N,K,N531K,0.0639940058125455
531,N,L,N531L,0.1440270041172198
531,N,M,N531M,0.1653896221845485
531,N,P,N531P,0.1883839912811807
531,N,Q,N531Q,0.0742885686606927
531,N,R,N531R,0.1272402518769679
531,N,S,N531S,0
531,N,T,N531T,0.1723419714216505
531,N,V,N531V,0.167589761443449
531,N,W,N531W,0.2176094393315575
531,N,Y,N531Y,0.1784156272705258
532,C,A,C532A,0.061404093000728
532,C,D,C532D,0.2253193872608397
532,C,E,C532E,0.1702712521191574
532,C,F,C532F,0.187892044078471
532,C,G,C532G,0.0503587430370564
532,C,H,C532H,0.1945605776217018
532,C,I,C532I,0.2372631085008494
532,C,K,C532K,0.1324488374909194
532,C,L,C532L,0.2909754177767018
532,C,M,C532M,0.1905720210704788
532,C,N,C532N,0.0408195083555354
532,C,P,C532P,0.4175405667231795
532,C,Q,C532Q,0.1030175284572551
532,C,R,C532R,0.0407809094211688
532,C,S,C532S,0
532,C,T,C532T,0.0051805824654894
532,C,V,C532V,0.0825146827318978
532,C,W,C532W,0.2306248486316302
532,C,Y,C532Y,0.1855753511746188
533,G,A,G533A,0
533,G,C,G533C,0.1083199624606443
533,G,D,G533D,0.1728127270525553
533,G,E,G533E,0.0545720816178238
533,G,F,G533F,0.0096663841123758
533,G,H,G533H,0.1434805643012838
533,G,I,G533I,0.0804000666020815
533,G,K,G533K,0.1080815572777913
533,G,L,G533L,0.0963209917655608
533,G,M,G533M,0.0855549164446584
533,G,N,G533N,0.1655235831920564
533,G,P,G533P,0.2290445628481476
533,G,Q,G533Q,0.0661933882295956
533,G,R,G533R,0.1365115645434731
533,G,S,G533S,0.0235816783724873
533,G,T,G533T,0.0784201683216276
533,G,V,G533V,0.1251453136352629
533,G,W,G533W,0.1181467970452881
533,G,Y,G533Y,0.1806384717849346
534,V,A,V534A,0.1561955073867752
534,V,C,V534C,0
534,V,D,V534D,0.1598639198353114
534,V,E,V534E,0.1615289719060293
534,V,F,V534F,0.1931134960038739
534,V,G,V534G,0.1642248425768953
534,V,H,V534H,0.1863556551223059
534,V,I,V534I,0.1162168503269544
534,V,K,V534K,0.2057830285783471
534,V,L,V534L,0.0390553100024219
534,V,M,V534M,0.0452826047469121
534,V,N,V534N,0.1688120610317256
534,V,P,V534P,0.2578908331315092
534,V,Q,V534Q,0.1498403063695812
534,V,R,V534R,0.1797696173407607
534,V,S,V534S,0.1225311818842336
534,V,T,V534T,0.0628443630418974
534,V,W,V534W,0.2095679946718322
534,V,Y,V534Y,0.1992196960523131
535,T,A,T535A,0.2485831920561897
535,T,C,T535C,0.121221845483168
535,T,D,T535D,0.2006690481956907
535,T,E,T535E,0.1367492128844772
535,T,F,T535F,0.2580210099297668
535,T,G,T535G,0.416290263986438
535,T,H,T535H,0.1510293049164448
535,T,I,T535I,0.1901958706708663
535,T,K,T535K,0
535,T,L,T535L,0.1222942903850827
535,T,M,T535M,0.181010081133448
535,T,N,T535N,0.1146464034875274
535,T,P,T535P,0.0922809699685169
535,T,Q,T535Q,0.0983107289900703
535,T,R,T535R,0.0583396403487542
535,T,S,T535S,0.2625105957859063
535,T,V,T535V,0.1820552797287481
535,T,W,T535W,0.1739548014047001
535,T,Y,T535Y,0.0960553402760974
536,S,A,S536A,0.0561947505449262
536,S,C,S536C,0.0788538387018649
536,S,D,S536D,0.119758870186486
536,S,E,S536E,0.1825933942843306
536,S,F,S536F,0.1270427161540312
536,S,G,S536G,0
536,S,H,S536H,0.0058481169774763
536,S,I,S536I,0.2019087551465248
536,S,K,S536K,0.1231480079922501
536,S,L,S536L,0.1598525672075551
536,S,M,S536M,0.1178675224025189
536,S,N,S536N,0.0088724570113815
536,S,P,S536P,0.2001771009929754
536,S,Q,S536Q,0.2246503390651478
536,S,R,S536R,0.0836779486558489
536,S,T,S536T,0.0937674073625562
536,S,V,S536V,0.1506690481956878
536,S,W,S536W,0.1022372245095652
536,S,Y,S536Y,0.0669509869217729
537,N,A,N537A,0.0075684185032709
537,N,C,N537C,0.0258363102446127
537,N,D,N537D,0.0972723419714232
537,N,E,N537E,0.0539787176071688
537,N,F,N537F,0.1585212823928328
537,N,G,N537G,0.0991561213368855
537,N,H,N537H,0.0420259142649566
537,N,I,N537I,0.0709524097844529
537,N,K,N537K,0.0049505025429886
537,N,L,N537L,0
537,N,M,N537M,0.0379654577379525
537,N,P,N537P,0.1993725781060792
537,N,Q,N537Q,0.0346792504238314
537,N,R,N537R,0.0115161055945763
537,N,S,N537S,0.0738707919593122
537,N,T,N537T,0.0632969544683943
537,N,V,N537V,0.0735075078711553
537,N,W,N537W,0.1599486861225494
537,N,Y,N537Y,0.0872101295713263
538,G,A,G538A,0.05414673649794
538,G,C,G538C,0.0930272160329364
538,G,D,G538D,0
538,G,E,G538E,0.0554712097360136
538,G,F,G538F,0.2102128239283108
538,G,H,G538H,0.0743211128602554
538,G,I,G538I,0.1856972027125214
538,G,K,G538K,0.0699208343424559
538,G,L,G538L,0.1038084281908439
538,G,M,G538M,0.1082450351174606
538,G,N,G538N,0.0604224691208525
538,G,P,G538P,0.5788561092274153
538,G,Q,G538Q,0.0389402700411722
538,G,R,G538R,0.0577008658270768
538,G,S,G538S,0.0636367764591897
538,G,T,G538T,0.024601901186728
538,G,V,G538V,0.1630963913780564
538,G,W,G538W,0.1539295228868977
538,G,Y,G538Y,0.1778063695810126
539,R,A,R539A,0.1553826592395255
539,R,C,R539C,0.1332140046015986
539,R,D,R539D,0.1301048982804569
539,R,E,R539E,0.1158611346573035
539,R,F,R539F,0.1985105352385582
539,R,G,R539G,0.0943986134657317
539,R,H,R539H,0.137093575926376
539,R,I,R539I,0.2707730382659243
539,R,K,R539K,0
539,R,L,R539L,0.0526262412206346
539,R,M,R539M,0.0526898159360634
539,R,N,R539N,0.1561107410995414
539,R,P,R539P,0.2156136473722468
539,R,Q,R539Q,0.0903797832404942
539,R,S,R539S,0.2150089307338341
539,R,T,R539T,0.2384415112618085
539,R,V,R539V,0.2056642044078486
539,R,W,R539W,0.1321150702349239
539,R,Y,R539Y,0.1629821082586599
540,I,A,I540A,0.1123130600629694
540,I,C,I540C,0.1238223540808914
540,I,D,I540D,0.2371344453862924
540,I,E,I540E,0.2208585613950112
540,I,F,I540F,0.1873001937515139
540,I,G,I540G,0.0965351780092047
540,I,H,I540H,0.2686538810850102
540,I,K,I540K,0.2842410389924939
540,I,L,I540L,0
540,I,M,I540M,0.1022697687091306
540,I,N,I540N,0.2876649915233731
540,I,P,I540P,0.3637472753693393
540,I,Q,I540Q,0.2650142286267865
540,I,R,I540R,0.2022584160813759
540,I,S,I540S,0.3175617582949871
540,I,T,I540T,0.3071302070719306
540,I,V,I540V,0.0328991583918638
540,I,W,I540W,0.2767694962460648
540,I,Y,I540Y,0.2423960099297668
541,Y,A,Y541A,0.2160276398643756
541,Y,C,Y541C,0.1848238072172455
541,Y,D,Y541D,0.1055317570840398
541,Y,E,Y541E,0.1699276459191104
541,Y,F,Y541F,0.0189127209978217
541,Y,G,Y541G,0.2010247638653444
541,Y,H,Y541H,0.0591994126907256
541,Y,I,Y541I,0.1014849237103416
541,Y,K,Y541K,0.1562227536933898
541,Y,L,Y541L,0.1708797529668217
541,Y,M,Y541M,0.1286457071930251
541,Y,N,Y541N,0.1794789900702366
541,Y,P,Y541P,0.2086953560184081
541,Y,Q,Y541Q,0.2108743037054994
541,Y,R,Y541R,0.1318403366432566
541,Y,S,Y541S,0.219061062000486
541,Y,T,Y541T,0.1911116493097619
541,Y,V,Y541V,0.1417595059336403
541,Y,W,Y541W,0
542,C,A,C542A,0.1043692480019362
542,C,D,C542D,0.0923801162509083
542,C,E,C542E,0.0915498607410996
542,C,F,C542F,0.2956474025187687
542,C,G,C542G,0.2080732320174365
542,C,H,C542H,0.1040922438847165
542,C,I,C542I,0.123478747880843
542,C,K,C542K,0.0064664567691921
542,C,L,C542L,0.1214996064422365
542,C,M,C542M,0.1484901005085965
542,C,N,C542N,0.0587165475902156
542,C,P,C542P,0.3116228202954701
542,C,Q,C542Q,0.1123130600629694
542,C,R,C542R,0
542,C,S,C542S,0.0896819750544913
542,C,T,C542T,0.0988836582707664
542,C,V,C542V,0.1332707677403731
542,C,W,C542W,0.1979799891014762
542,C,Y,C542Y,0.2238352203923471
543,I,A,I543A,0.2564096936304193
543,I,C,I543C,0.1387994974570116
543,I,D,I543D,0.1836582707677406
543,I,E,I543E,0.1112375877936548
543,I,F,I543F,0.1058390348752712
543,I,G,I543G,1
543,I,H,I543H,0.1697180007265684
543,I,K,I543K,0.1448678554129317
543,I,L,I543L,0
543,I,M,I543M,0.0664908270767741
543,I,N,I543N,0.145701138290143
543,I,P,I543P,0.2115130782271739
543,I,Q,I543Q,0.1171576047469108
543,I,R,I543R,0.1850440481956878
543,I,S,I543S,0.1880502240251879
543,I,T,I543T,0.1773515076289661
543,I,V,I543V,0.0031711673528699
543,I,W,I543W,0.2080679341244856
543,I,Y,I543Y,0.1469060305158636
544,G,A,G544A,0.0230617280213141
544,G,C,G544C,0.027418109711796
544,G,D,G544D,0.1146850024218955
544,G,E,G544E,0.1144783845967548
544,G,F,G544F,0.1728195386292083
544,G,H,G544H,0.0791649007023507
544,G,I,G544I,0.1796015984499895
544,G,K,G544K,0.2797862678614695
544,G,L,G544L,0.1755615766529428
544,G,M,G544M,0.085109893436669
544,G,N,G544N,0.0289552555098101
544,G,P,G544P,0.3446718333737001
544,G,Q,G544Q,0.1001188241705028
544,G,R,G544R,0.2522031666263021
544,G,S,G544S,0.0279426011140712
544,G,T,G544T,0
544,G,V,G544V,0.1134854080891272
544,G,W,G544W,0.2415286691692921
544,G,Y,G544Y,0.0933541717122805
545,G,A,G545A,0.1019125393557763
545,G,C,G545C,0.0626188241705
545,G,D,G545D,0
545,G,E,G545E,0.1073633143618311
545,G,F,G545F,0.1431853959796563
545,G,H,G545H,0.0359121457980126
545,G,I,G545I,0.2174444478081863
545,G,K,G545K,0.1774521675950595
545,G,L,G545L,0.1526080770162269
545,G,M,G545M,0.0943842334705741
545,G,N,G545N,0.0673203257447324
545,G,P,G545P,0.125613041898765
545,G,Q,G545Q,0.1299618551707437
545,G,R,G545R,0.1875158936788571
545,G,S,G545S,0.1267233288931932
545,G,T,G545T,0.1667723722450945
545,G,V,G545V,0.2247464579801407
545,G,W,G545W,0.0571286933882296
545,G,Y,G545Y,0.1195287902639866
546,Y,A,Y546A,0.2054212581738922
546,Y,C,Y546C,0.166563483894407
546,Y,D,Y546D,0.1882765197384371
546,Y,E,Y546E,0.1665438060062985
546,Y,F,Y546F,0
546,Y,G,Y546G,0.1778744853475434
546,Y,H,Y546H,0.0420236437394042
546,Y,I,Y546I,0.0974237103414871
546,Y,K,Y546K,0.1576599963671593
546,Y,L,Y546L,0.1397546318721242
546,Y,M,Y546M,0.1638214458706711
546,Y,N,Y546N,0.0331186425284573
546,Y,P,Y546P,0.2171432247517561
546,Y,Q,Y546Q,0.159716335674499
546,Y,R,Y546R,0.1993370065391138
546,Y,S,Y546S,0.183662811818844
546,Y,T,Y546T,0.1641817025914281
546,Y,V,Y546V,0.1284262230564317
546,Y,W,Y546W,0.1323587733107306
547,D,A,D547A,0.044508355534029
547,D,C,D547C,0.1613980382659242
547,D,E,D547E,0.1667632901428934
547,D,F,D547F,0.1870231896342956
547,D,G,D547G,0.1843833252603538
547,D,H,D547H,0.2003193872608382
547,D,I,D547I,0.1625370852506676
547,D,K,D547K,0.2147266287236636
547,D,L,D547L,0.1688847178493598
547,D,M,D547M,0.1529388169048197
547,D,N,D547N,0.1704937636231535
547,D,P,D547P,0
547,D,Q,D547Q,0.1954400278517817
547,D,R,D547R,0.2008544744490194
547,D,S,D547S,0.0716668684911615
547,D,T,D547T,0.0517952288689756
547,D,V,D547V,0.1889599479292809
547,D,W,D547W,0.2104436606926619
547,D,Y,D547Y,0.2083653729716641
548,G,A,G548A,0.0416368975538886
548,G,C,G548C,0
548,G,D,G548D,0.0973752724630676
548,G,E,G548E,0.0909731472511519
548,G,F,G548F,0.0529516832162752
548,G,H,G548H,0.0598162387987407
548,G,I,G548I,0.0867923528699458
548,G,K,G548K,0.0603694901913297
548,G,L,G548L,0.0385293049164447
548,G,M,G548M,0.0463156938726084
548,G,N,G548N,0.0301351719544698
548,G,P,G548P,0.1055771675950608
548,G,Q,G548Q,0.0079581920561879
548,G,R,G548R,0.0895745035117463
548,G,S,G548S,0.0127739767498183
548,G,T,G548T,0.0653260474691223
548,G,V,G548V,0.0465866432550255
548,G,W,G548W,0.0579430552191828
548,G,Y,G548Y,0.099658664325504
549,S,A,S549A,0.0577326531847905
549,S,C,S549C,0
549,S,D,S549D,0.027956981109226
549,S,E,S549E,0.0596694114797772
549,S,F,S549F,0.0745088096391365
549,S,G,S549G,0.0706216698958572
549,S,H,S549H,0.0583161782513926
549,S,I,S549I,0.1080588520222815
549,S,K,S549K,0.0864389077258417
549,S,L,S549L,0.0567252966820039
549,S,M,S549M,0.0711242128844743
549,S,N,S549N,0.0273984318236847
549,S,P,S549P,0.238402912327439
549,S,Q,S549Q,0.0932542685880345
549,S,R,S549R,0.0551919350932429
549,S,T,S549T,0.0764841668684912
549,S,V,S549V,0.0799391499152324
549,S,W,S549W,0.0567169714216518
549,S,Y,S549Y,0.0718212642286268
550,S,A,S550A,0.0211635686606912
550,S,C,S550C,0.0421689573746656
550,S,D,S550D,0.0398711855170744
550,S,E,S550E,0.0534867704044549
550,S,F,S550F,0.0286994429643982
550,S,G,S550G,0.0434154759021541
550,S,H,S550H,0.0231480079922499
550,S,I,S550I,0.0127823020101719
550,S,K,S550K,0.0525929401792188
550,S,L,S550L,0
550,S,M,S550M,0.0264508658270768
550,S,N,S550N,0.0701312363768467
550,S,P,S550P,0.2452137321385312
550,S,Q,S550Q,0.0606639016711054
550,S,R,S550R,0.0937272947444903
550,S,T,S550T,0.0462755812545397
550,S,V,S550V,0.0418291353838688
550,S,W,S550W,0.1224350629692421
550,S,Y,S550Y,0.0455815572777898
551,I,A,I551A,0.0485483773310729
551,I,C,I551C,0.0331564846209736
551,I,D,I551D,0.0987118551707436
551,I,E,I551E,0.0843878663114556
551,I,F,I551F,0.0994921591184293
551,I,G,I551G,0.1659315209493826
551,I,H,I551H,0.078005418987647
551,I,K,I551K,0.0286419229837733
551,I,L,I551L,0.0717720695083556
551,I,M,I551M,0.0725205860983275
551,I,N,I551N,0.0671205194962447
551,I,P,I551P,0.0561667473964641
551,I,Q,I551Q,0.0547605352385566
551,I,R,I551R,0.0564218031000243
551,I,S,I551S,0.0524294623395496
551,I,T,I551T,0.035754722693146
551,I,V,I551V,0
551,I,W,I551W,0.2114056066844261
551,I,Y,I551Y,0.1362035299103901
552,I,A,I552A,0.2218545652700415
552,I,C,I552C,0.0646963550496489
552,I,D,I552D,0.1899960644223799
552,I,E,I552E,0.1328053100024235
552,I,F,I552F,0.1696983228384613
552,I,G,I552G,0.3170993279244388
552,I,H,I552H,0.1120640590942118
552,I,K,I552K,0.0144057277791232
552,I,L,I552L,0.0439028820537675
552,I,M,I552M,0.0714640348752739
552,I,N,I552N,0.1329294320658771
552,I,P,I552P,0.2299512593848392
552,I,Q,I552Q,0
552,I,R,I552R,0.0501490978445144
552,I,S,I552S,0.1535707798498442
552,I,T,I552T,0.1064498062484878
552,I,V,I552V,0.0287395555824669
552,I,W,I552W,0.1668806006296926
552,I,Y,I552Y,0.1956769193509327
553,P,A,P553A,0.0120315148946476
553,P,C,P553C,0.034340185274885
553,P,D,P553D,0.0228384596754662
553,P,E,P553E,0.0449859227415825
553,P,F,P553F,0.0733175405667232
553,P,G,P553G,0.0412032271736484
553,P,H,P553H,0.0642240857350434
553,P,I,P553I,0
553,P,K,P553K,0.0010769859530152
553,P,L,P553L,0.0733765742310473
553,P,M,P553M,0.0774665475902142
553,P,N,P553N,0.0311992915960281
553,P,Q,P553Q,0.0219158694599176
553,P,R,P553R,0.01953711552434
553,P,S,P553S,0.0513070658755133
553,P,T,P553T,0.0382644102688302
553,P,V,P553V,0.0016249394526519
553,P,W,P553W,0.1408066420440786
553,P,Y,P553Y,0.112191965366917
554,N,A,N554A,0.0099418745458963
554,N,C,N554C,0.002732955921532
554,N,D,N554D,0.0542110680552206
554,N,E,N554E,0.039562394042141
554,N,F,N554F,0.0895033603778169
554,N,G,N554G,0.0643330709614933
554,N,H,N554H,0.0529796863647387
554,N,I,N554I,0.0504942177282649
554,N,K,N554K,0
554,N,L,N554L,0.0730541596028095
554,N,M,N554M,0.0468106684427236
554,N,P,N554P,0.0692676798256251
554,N,Q,N554Q,0.0225546439815936
554,N,R,N554R,0.0084107834826848
554,N,S,N554S,0.0229572838459689
554,N,T,N554T,0.0263827500605487
554,N,V,N554V,0.0226946597239055
554,N,W,N554W,0.1119422075563106
554,N,Y,N554Y,0.1170410511019633
555,V,A,V555A,0.1143088520222815
555,V,C,V555C,0.0752747335916688
555,V,D,V555D,0.0875749273431825
555,V,E,V555E,0.1244323686122549
555,V,F,V555F,0.0814066662630177
555,V,G,V555G,0.2213807822717368
555,V,H,V555H,0.1151398643739391
555,V,I,V555I,0.0474956103172667
555,V,K,V555K,0.1186402579317013
555,V,L,V555L,0.0879760535238557
555,V,M,V555M,0.0677078287720998
555,V,N,V555N,0.0324291596028094
555,V,P,V555P,0.1676011140712025
555,V,Q,V555Q,0.0817631387745217
555,V,R,V555R,0.1077651973843533
555,V,S,V555S,0.0868476023250168
555,V,T,V555T,0
555,V,W,V555W,0.1797506962945011
555,V,Y,V555Y,0.1733402458222318
556,E,A,E556A,0.0767944720271253
556,E,C,E556C,0.074099358198111
556,E,D,E556D,0.0296795531605716
556,E,F,E556F,0.135841002664082
556,E,G,E556G,0.1083388835069011
556,E,H,E556H,0.048288023734559
556,E,I,E556I,0.1069871639622171
556,E,K,E556K,0.1110778941632344
556,E,L,E556L,0.0800647856623866
556,E,M,E556M,0.0393292867522403
556,E,N,E556N,0.0477953196899976
556,E,P,E556P,0.1488813877452169
556,E,Q,E556Q,0
556,E,R,E556R,0.0746427706466457
556,E,S,E556S,0.0523689149915234
556,E,T,E556T,0.1021191571809156
556,E,V,E556V,0.1461870307580516
556,E,W,E556W,0.1098404577379498
556,E,Y,E556Y,0.1079771131024448
557,A,C,A557C,0.0557133991281182
557,A,D,A557D,0.0979194417534513
557,A,E,A557E,0.0917799406635976
557,A,F,A557F,0.0532582041656576
557,A,G,A557G,0
557,A,H,A557H,0.0416535480745943
557,A,I,A557I,0.0908755146524569
557,A,K,A557K,0.0882765197384355
557,A,L,A557L,0.0720944841365949
557,A,M,A557M,0.0374727536933868
557,A,N,A557N,0.1065111104383615
557,A,P,A557P,0.1133075502542976
557,A,Q,A557Q,0.0767475478324036
557,A,R,A557R,0.0404607653184791
557,A,S,A557S,0.0660760777427935
557,A,T,A557T,0.0855662690724133
557,A,V,A557V,0.073371276338095
557,A,W,A557W,0.0511284511988361
557,A,Y,A557Y,0.0438771494308535
558,Y,A,Y558A,0.0051094393315572
558,Y,C,Y558C,0.010437605957859
558,Y,D,Y558D,0.051797499394528
558,Y,E,Y558E,0.0435842516347784
558,Y,F,Y558F,0.0285003935577636
558,Y,G,Y558G,0.0617053160571567
558,Y,H,Y558H,0
558,Y,I,Y558I,0.0224887987406166
558,Y,K,Y558K,0.0877936546379283
558,Y,L,Y558L,0.0455316057156711
558,Y,M,Y558M,0.0037826955679341
558,Y,N,Y558N,0.0620292443690967
558,Y,P,Y558P,0.0989018224751771
558,Y,Q,Y558Q,0.0544979111164945
558,Y,R,Y558R,0.1188226568176329
558,Y,S,Y558S,0.0339965790748379
558,Y,T,Y558T,0.0731601174618566
558,Y,V,Y558V,0.0205520404456299
558,Y,W,Y558W,0.0067139440542518
559,D,A,D559A,0.0074170501332055
559,D,C,D559C,0.0433360075078726
559,D,E,D559E,0.0017271131024475
559,D,F,D559F,0.0796205194962475
559,D,G,D559G,0.0093674315814967
559,D,H,D559H,0.0710212823928327
559,D,I,D559I,0.0257091608137578
559,D,K,D559K,0.0265076289658527
559,D,L,D559L,0.0252255388713974
559,D,M,D559M,0.0131463429401806
559,D,N,D559N,0.0150725054492627
559,D,P,D559P,0.1163606502785193
559,D,Q,D559Q,0
559,D,R,D559R,0.0211930854928568
559,D,S,D559S,0.0215329074836536
559,D,T,D559T,0.0284284935819811
559,D,V,D559V,0.0379276156454347
559,D,W,D559W,0.0490183761201274
559,D,Y,D559Y,0.0687954105110211
560,H,A,H560A,0.0068812061031726
560,H,C,H560C,0.0234522584160814
560,H,D,H560D,0.0437749757810608
560,H,E,H560E,0.0369732380721724
560,H,F,H560F,0.0319841365948171
560,H,G,H560G,0.0184957011382901
560,H,I,H560I,0.0364207435214324
560,H,K,H560K,0.0054545592153063
560,H,L,H560L,0.0515500121094696
560,H,M,H560M,0.0298082162751257
560,H,N,H560N,0.0259294017922015
560,H,P,H560P,0.0094491705013306
560,H,Q,H560Q,0.0089110559457495
560,H,R,H560R,0
560,H,S,H560S,0.0210008476628709
560,H,T,H560T,0.0556513380963914
560,H,V,H560V,0.0544017922015016
560,H,W,H560W,0.0370201622668927
560,H,Y,H560Y,0.0590245822232972
561,R,A,R561A,0.0093628905303947
561,R,C,R561C,0.0232827258416081
561,R,D,R561D,0.0167436122547832
561,R,E,R561E,0.0297370731411978
561,R,F,R561F,0.0535813756357472
561,R,G,R561G,0.0119437212400111
561,R,H,R561H,0.0295455921530651
561,R,I,R561I,0.0294169290385095
561,R,K,R561K,0.0031757084039719
561,R,L,R561L,0.0318986134657302
561,R,M,R561M,0.0384104807459447
561,R,N,R561N,0.0092077379510777
561,R,P,R561P,0
561,R,Q,R561Q,0.0155462884475674
561,R,S,R561S,0.0262230564301283
561,R,T,R561T,0.0071657786388956
561,R,V,R561V,0.0181800980867052
561,R,W,R561W,0.0621473116977491
561,R,Y,R561Y,0.0392255994187455
562,M,A,M562A,0.0358546258173892
562,M,C,M562C,0.020127452167595
562,M,D,M562D,0.0325918806006311
562,M,E,M562E,0.0144344877694371
562,M,F,M562F,0.0302555098086704
562,M,G,M562G,0.0246821264228641
562,M,H,M562H,0.0277791232744006
562,M,I,M562I,0.0376869399370308
562,M,K,M562K,0.0113745761685638
562,M,L,M562L,0.0111043836279971
562,M,N,M562N,0.0260459554371533
562,M,P,M562P,0
562,M,Q,M562Q,0.0066337188181171
562,M,R,M562R,0.025874152337129
562,M,S,M562S,0.0036018103657073
562,M,T,M562T,0.036673528699443
562,M,V,M562V,0.0166406817631402
562,M,W,M562W,0.0239729656091077
562,M,Y,M562Y,0.0320484681520963
563,K,A,K563A,0.0176064119641574
563,K,C,K563C,0.0440474388471785
563,K,D,K563D,0.073591517316543
563,K,E,K563E,0.0413636776459205
563,K,F,K563F,0.0441776156454347
563,K,G,K563G,0.009960795592153
563,K,H,K563H,0
563,K,I,K563I,0.0332700108985226
563,K,L,K563L,0.0499886473722451
563,K,M,K563M,0.0500779547105851
563,K,N,K563N,0.0374704831678387
563,K,P,K563P,0.0897379813514183
563,K,Q,K563Q,0.010214337612014
563,K,R,K563R,0.0165188302252375
563,K,S,K563S,0.0151716517316555
563,K,T,K563T,0.0155182852991053
563,K,V,K563V,0.0292428554129329
563,K,W,K563W,0.0935834947929296
563,K,Y,K563Y,0.0405826168563831
564,A,C,A564C,0.0266673225962717
564,A,D,A564D,0.0117492128844756
564,A,E,A564E,0.017411146766773
564,A,F,A564F,0.0389448110922756
564,A,G,A564G,0
564,A,H,A564H,0.008742280213128
564,A,I,A564I,0.0165173165415369
564,A,K,A564K,0.0285102325018164
564,A,L,A564L,0.030851901186728
564,A,M,A564M,0.0199427827561167
564,A,N,A564N,0.0152753390651503
564,A,P,A564P,0.0768118793896828
564,A,Q,A564Q,0.0109333373698246
564,A,R,A564R,0.0049943993703075
564,A,S,A564S,0.0116023855655136
564,A,T,A564T,0.0202856321143134
564,A,V,A564V,0.0187174558004359
564,A,W,A564W,0.0481919048195689
564,A,Y,A564Y,0.0182663780576425
565,W,A,W565A,0.1243112739162012
565,W,C,W565C,0.0861331436183082
565,W,D,W565D,0.1497646221845471
565,W,E,W565E,0.1909814725115028
565,W,F,W565F,0
565,W,G,W565G,0.1293972511503983
565,W,H,W565H,0.0460144708161783
565,W,I,W565I,0.1726431944780821
565,W,K,W565K,0.135261261806733
565,W,L,W565L,0.1358985226447069
565,W,M,W565M,0.0704642467909906
565,W,N,W565N,0.0903585916686836
565,W,P,W565P,0.0935592758537177
565,W,Q,W565Q,0.1455997214821978
565,W,R,W565R,0.0956663235650265
565,W,S,W565S,0.0769746003875017
565,W,T,W565T,0.1219234378784211
565,W,V,W565V,0.1413175102930479
565,W,Y,W565Y,0.0364828045531592
566,V,A,V566A,0.0145714761443448
566,V,C,V566C,0.0219529547105837
566,V,D,V566D,0.0146078045531605
566,V,E,V566E,0.0375794683942829
566,V,F,V566F,0.0561569084524098
566,V,G,V566G,0.0588073686122548
566,V,H,V566H,0.012141256962945
566,V,I,V566I,0.0121019011867266
566,V,K,V566K,0.0174255267619278
566,V,L,V566L,0.0337120065391136
566,V,M,V566M,0.0299368793896827
566,V,N,V566N,0.0246995337854188
566,V,P,V566P,0.0867878118188424
566,V,Q,V566Q,0.0431013865342698
566,V,R,V566R,0.0244997275369339
566,V,S,V566S,0
566,V,T,V566T,0.0305870065391122
566,V,W,V566W,0.0539567691935094
566,V,Y,V566Y,0.0593023431823687
567,E,A,E567A,0.0133590155001211
567,E,C,E567C,0.0021365645434715
567,E,D,E567D,0.0072861164930962
567,E,F,E567F,0.0247744611286026
567,E,G,E567G,0.0298483288931931
567,E,H,E567H,0.0306309033664325
567,E,I,E567I,0.0343311031726796
567,E,K,E567K,0.0054083918624364
567,E,L,E567L,0.0263464216517302
567,E,M,E567M,0.0343076410753195
567,E,N,E567N,0.0096277851780092
567,E,P,E567P,0.0134596754662145
567,E,Q,E567Q,0
567,E,R,E567R,0.0056467970452894
567,E,S,E567S,0.017864495035116
567,E,T,E567T,0.0124568600145313
567,E,V,E567V,0.0098275914264955
567,E,W,E567W,0.0489086340518271
567,E,Y,E567Y,0.0424338520222814
568,V,A,V568A,0.0009142649551949
568,V,C,V568C,0.0151655969968515
568,V,D,V568D,0.0100455618793882
568,V,E,V568E,0
568,V,F,V568F,0.0828416384112362
568,V,G,V568G,0.0215132295955437
568,V,H,V568H,0.0797355594574944
568,V,I,V568I,0.0559086643255026
568,V,K,V568K,0.0634521070477114
568,V,L,V568L,0.1227605049648813
568,V,M,V568M,0.0381122850569131
568,V,N,V568N,0.03125
568,V,P,V568P,0.1196846996851525
568,V,Q,V568Q,0.0026315391135868
568,V,R,V568R,0.0293745458948898
568,V,S,V568S,0.0095990251876967
568,V,T,V568T,0.0304946718333737
568,V,W,V568W,0.0104512291111635
568,V,Y,V568Y,0.0626021736497942
569,A,C,A569C,0.0208615887624136
569,A,D,A569D,0.0349850145313649
569,A,E,A569E,0.0040074775974826
569,A,F,A569F,0.0404880116250922
569,A,G,A569G,0.0253587430370564
569,A,H,A569H,0.05870368127876
569,A,I,A569I,0.0397758234439346
569,A,K,A569K,0.0329680310002436
569,A,L,A569L,0.0375401126180673
569,A,M,A569M,0.0324579195931218
569,A,N,A569N,0.0391597541777684
569,A,P,A569P,0.0418828711552434
569,A,Q,A569Q,0.0320636049891029
569,A,R,A569R,0
569,A,S,A569S,0.0204309457495776
569,A,T,A569T,0.0151451622668927
569,A,V,A569V,0.0141536994429644
569,A,W,A569W,0.035479232259627
569,A,Y,A569Y,0.0397084645192555
570,P,A,P570A,0.018061273916201
570,P,C,P570C,0.0183140590942102
570,P,D,P570D,0.0371140106563333
570,P,E,P570E,0.0598079135383856
570,P,F,P570F,0.0424626120125925
570,P,G,P570G,0.0915377512714944
570,P,H,P570H,0.0307951380479521
570,P,I,P570I,0.0504185335432308
570,P,K,P570K,0.0278608621942345
570,P,L,P570L,0.0352589912811805
570,P,M,P570M,0.0419108743037055
570,P,N,P570N,0.0340298801162495
570,P,Q,P570Q,0.0355299406635975
570,P,R,P570R,0.0216471906030502
570,P,S,P570S,0
570,P,T,P570T,0.0495027549043352
570,P,V,P570V,0.0292315027851766
570,P,W,P570W,0.0613019193509311
570,P,Y,P570Y,0.0433291959312168
571,L,A,L571A,0.1304257992249955
571,L,C,L571C,0.2610218878663118
571,L,D,L571D,0.420891105594577
571,L,E,L571E,0.267970452894165
571,L,F,L571F,0.0552539961249712
571,L,G,L571G,0.5862133688544464
571,L,H,L571H,0.0398598328893209
571,L,I,L571I,0
571,L,K,L571K,0.2507091608137567
571,L,M,L571M,0.0143466941147992
571,L,N,L571N,0.3420380237345623
571,L,P,L571P,0.0307542685880358
571,L,Q,L571Q,0.0697376786146767
571,L,R,L571R,0.2432141559699702
571,L,S,L571S,0.1508514470816194
571,L,T,L571T,0.0515817994671834
571,L,V,L571V,0.0654948232017438
571,L,W,L571W,0.0471580588520223
571,L,Y,L571Y,0.0652518769677903
572,N,A,N572A,0
572,N,C,N572C,0.0133559881327183
572,N,D,N572D,0.066145707193025
572,N,E,N572E,0.082092364979414
572,N,F,N572F,0.1274597360135613
572,N,G,N572G,0.0585560971179463
572,N,H,N572H,0.0804961855170744
572,N,I,N572I,0.0506289355776203
572,N,K,N572K,0.0203242310486786
572,N,L,N572L,0.0236914204407847
572,N,M,N572M,0.0320174376362301
572,N,P,N572P,0.0820234923710328
572,N,Q,N572Q,0.0248130600629678
572,N,R,N572R,0.0184253148462097
572,N,S,N572S,0.0049505025429886
572,N,T,N572T,0.007936243642527
572,N,V,N572V,0.0034451441026868
572,N,W,N572W,0.07752633809639
572,N,Y,N572Y,0.0575131690481943
573,T,A,T573A,0.0815292746427707
573,T,C,T573C,0.0636731048680068
573,T,D,T573D,0.0604837733107276
573,T,E,T573E,0.0452538447565983
573,T,F,T573F,0.0691624788084268
573,T,G,T573G,0.2053039476870916
573,T,H,T573H,0.0409496851537889
573,T,I,T573I,0.0390280636958101
573,T,K,T573K,0.031642044078468
573,T,L,T573L,0
573,T,M,T573M,0.0266499152337128
573,T,N,T573N,0.0723775429886172
573,T,P,T573P,0.5034050314846202
573,T,Q,T573Q,0.0687341063211432
573,T,R,T573R,0.0758325260353597
573,T,S,T573S,0.0964375454105111
573,T,V,T573V,0.0285359651247261
573,T,W,T573W,0.0639750847662873
573,T,Y,T573Y,0.0627119157180902
574,P,A,P574A,0.0344234378784195
574,P,C,P574C,0.0177002603535965
574,P,D,P574D,0.08963278033422
574,P,E,P574E,0.0490312424315801
574,P,F,P574F,0.1344476568176301
574,P,G,P574G,0.0451024763865343
574,P,H,P574H,0.1323156333252605
574,P,I,P574I,0
574,P,K,P574K,0.0540460765318479
574,P,L,P574L,0.1317313514168081
574,P,M,P574M,0.0735165899733578
574,P,N,P574N,0.1367908391862424
574,P,Q,P574Q,0.0525482865100495
574,P,R,P574R,0.0471391378057641
574,P,S,P574S,0.1435237042867524
574,P,T,P574T,0.0764818963429388
574,P,V,P574V,0.0162100387503013
574,P,W,P574W,0.1693925587309278
574,P,Y,P574Y,0.1108190542504239
575,R,A,R575A,0.105747457011383
575,R,C,R575C,0.010796348994914
575,R,D,R575D,0.1869724812303237
575,R,E,R575E,0.0636889985468651
575,R,F,R575F,0.0776345664809896
575,R,G,R575G,0.1151905727779139
575,R,H,R575H,0.0629684851053524
575,R,I,R575I,0.0368763623153306
575,R,K,R575K,0
575,R,L,R575L,0.0275952107047711
575,R,M,R575M,0.0259316723177539
575,R,N,R575N,0.0781757084039734
575,R,P,R575P,0.3008688544441757
575,R,Q,R575Q,0.0655160147735544
575,R,S,R575S,0.1215276095907015
575,R,T,R575T,0.0009013986437408
575,R,V,R575V,0.0644783845967561
575,R,W,R575W,0.1017808488738208
575,R,Y,R575Y,0.0888744248001938
576,S,A,S576A,0.0738904698474207
576,S,C,S576C,0.0471981714700896
576,S,D,S576D,0.0015416868491146
576,S,E,S576E,0.003510232501815
576,S,F,S576F,0.1027390106563334
576,S,G,S576G,0.0993324654880117
576,S,H,S576H,0.0789900702349238
576,S,I,S576I,0.1126415294260113
576,S,K,S576K,0.0749969726325988
576,S,L,S576L,0.1670455921530639
576,S,M,S576M,0.0591789779607654
576,S,N,S576N,0
576,S,P,S576P,0.1198602869944284
576,S,Q,S576Q,0.0600175587309262
576,S,R,S576R,0.0788689755388715
576,S,T,S576T,0.0151368370065391
576,S,V,S576V,0.0589337612012594
576,S,W,S576W,0.1341948716396223
576,S,Y,S576Y,0.0944803523855642
577,S,A,S577A,0.0216312969241933
577,S,C,S577C,0.0474184124485348
577,S,D,S577D,0.0751218515379027
577,S,E,S577E,0.0171061395010898
577,S,F,S577F,0.0200411721966578
577,S,G,S577G,0.0598048861709857
577,S,H,S577H,0.0099418745458949
577,S,I,S577I,0.0665324533785407
577,S,K,S577K,0.019217728263502
577,S,L,S577L,0.033218545652699
577,S,M,S577M,0.0207177888108501
577,S,N,S577N,0.0479413901671107
577,S,P,S577P,0.4608690058125446
577,S,Q,S577Q,0
577,S,R,S577R,0.0346073504480504
577,S,T,S577T,0.0366614192298377
577,S,V,S577V,0.0362988919835311
577,S,W,S577W,0.0620966032937744
577,S,Y,S577Y,0.0330444720271252
578,A,C,A578C,0
578,A,D,A578D,0.1916830649067587
578,A,E,A578E,0.2679356381690499
578,A,F,A578F,0.370267467909906
578,A,G,A578G,0.0424149309760247
578,A,H,A578H,0.1104050617582965
578,A,I,A578I,0.2407975599418763
578,A,K,A578K,0.2747161843061277
578,A,L,A578L,0.0565973904093015
578,A,M,A578M,0.0979731775248259
578,A,N,A578N,0.0911373819326714
578,A,P,A578P,0.1082541172196659
578,A,Q,A578Q,0.1261405606684429
578,A,R,A578R,0.2768482077985002
578,A,S,A578S,0.125061304189878
578,A,T,A578T,0.0723616493097617
578,A,V,A578V,0.129815784693632
578,A,W,A578W,0.3736286025672095
578,A,Y,A578Y,0.3890416868491165
579,M,A,M579A,0.1050874909178979
579,M,C,M579C,0.0588648885928797
579,M,D,M579D,0.2511708343424561
579,M,E,M579E,0.0626089852264471
579,M,F,M579F,0.0278381569387261
579,M,G,M579G,0.1021153729716639
579,M,H,M579H,0.0046439815936062
579,M,I,M579I,0.0147326834584645
579,M,K,M579K,0.0427933519011853
579,M,L,M579L,0.044342607168806
579,M,N,M579N,0.055620307580528
579,M,P,M579P,0.205599872850568
579,M,Q,M579Q,0.025317116735287
579,M,R,M579R,0
579,M,S,M579S,0.0630025429886171
579,M,T,M579T,0.0639516226689271
579,M,V,M579V,0.0040619702107033
579,M,W,M579W,0.0635603354323067
579,M,Y,M579Y,0.0267089488980368
580,C,A,C580A,0.0945446839428434
580,C,D,C580D,0.2580331193993707
580,C,E,C580E,0.1865743824170504
580,C,F,C580F,0.099167473964639
580,C,G,C580G,0.1941004177767002
580,C,H,C580H,0.189705437151853
580,C,I,C580I,0.0610196173407591
580,C,K,C580K,0.2315133809639141
580,C,L,C580L,0.0097390409300072
580,C,M,C580M,0.003715336643255
580,C,N,C580N,0.1211711370791961
580,C,P,C580P,0.2347080104141427
580,C,Q,C580Q,0.0629571324775961
580,C,R,C580R,0.1463119096633569
580,C,S,C580S,0.1200184669411467
580,C,T,C580T,0
580,C,V,C580V,0.0763532332283832
580,C,W,C580W,0.1753216577863877
580,C,Y,C580Y,0.3400021191571813
581,V,A,V581A,0.1290733228384584
581,V,C,V581C,0.0424262836037768
581,V,D,V581D,0.0707064361830952
581,V,E,V581E,0.0463580770162253
581,V,F,V581F,0.0087680128360363
581,V,G,V581G,0.1062242673770876
581,V,H,V581H,0.0343152094938242
581,V,I,V581I,0.0362973782998305
581,V,K,V581K,0.069417534511987
581,V,L,V581L,0.0433488738193253
581,V,M,V581M,0
581,V,N,V581N,0.0526277549043352
581,V,P,V581P,0.3587074654880121
581,V,Q,V581Q,0.0542103112133675
581,V,R,V581R,0.0270131993218683
581,V,S,V581S,0.0820704165657545
581,V,T,V581T,0.0419820174376362
581,V,W,V581W,0.0717887200290628
581,V,Y,V581Y,0.0214534390893665
582,A,C,A582C,0
582,A,D,A582D,0.1283429704528943
582,A,E,A582E,0.0751718031000229
582,A,F,A582F,0.1092546621457967
582,A,G,A582G,0.030060244611286
582,A,H,A582H,0.1090730201017197
582,A,I,A582I,0.1936735589731158
582,A,K,A582K,0.096681248486315
582,A,L,A582L,0.1421076531847907
582,A,M,A582M,0.1122600811334465
582,A,N,A582N,0.0633839912811819
582,A,P,A582P,0.0904955800435928
582,A,Q,A582Q,0.1140401731654141
582,A,R,A582R,0.113294683942842
582,A,S,A582S,0.0071544260111407
582,A,T,A582T,0.0492053160571567
582,A,V,A582V,0.1602105534027612
582,A,W,A582W,0.1119187454589476
582,A,Y,A582Y,0.0971050799224995
583,F,A,F583A,0.0045682974085749
583,F,C,F583C,0.0159633083070975
583,F,D,F583D,0.0902851780092047
583,F,E,F583E,0.0895798014046986
583,F,G,F583G,0.0280674800193766
583,F,H,F583H,0.0043412448534754
583,F,I,F583I,0.0018179341244867
583,F,K,F583K,0.0516188847178508
583,F,L,F583L,0.0085576108016483
583,F,M,F583M,0.0140401731654167
583,F,N,F583N,0.0603089428433035
583,F,P,F583P,0.1920637563574732
583,F,Q,F583Q,0.017289295228869
583,F,R,F583R,0.0182792443690966
583,F,S,F583S,0.0736997457011384
583,F,T,F583T,0.060481502785178
583,F,V,F583V,0
583,F,W,F583W,0.0036684124485361
583,F,Y,F583Y,0.0178289234681535
584,D,A,D584A,0.0177865403245324
584,D,C,D584C,0
584,D,E,D584E,0.006562575684185
584,D,F,D584F,0.0278343727294744
584,D,G,D584G,0.003431520949381
584,D,H,D584H,0.0394821688060063
584,D,I,D584I,0.0277147917171214
584,D,K,D584K,0.0255275187696779
584,D,L,D584L,0.0255282756115282
584,D,M,D584M,0.0348669472027111
584,D,N,D584N,0.0370474085735045
584,D,P,D584P,0.0149355170743521
584,D,Q,D584Q,0.0331807035601827
584,D,R,D584R,0.0245496790990554
584,D,S,D584S,0.0016915415354807
584,D,T,D584T,0.0359287963187212
584,D,V,D584V,0.0236952046500363
584,D,W,D584W,0.0449382417050133
584,D,Y,D584Y,0.0127346209736013
585,N,A,N585A,0.0325358743037055
585,N,C,N585C,0.0594514410268845
585,N,D,N585D,0
585,N,E,N585E,0.0260353596512473
585,N,F,N585F,0.0713573201743778
585,N,G,N585G,0.0361883930733848
585,N,H,N585H,0.0201388047953514
585,N,I,N585I,0.1023696718333752
585,N,K,N585K,0.0507719786873349
585,N,L,N585L,0.0875015136837007
585,N,M,N585M,0.0317215124727551
585,N,P,N585P,0.128426979898282
585,N,Q,N585Q,0.02437182126423
585,N,R,N585R,0.0246442843303463
585,N,S,N585S,0.0388169048195689
585,N,T,N585T,0.0373698232017452
585,N,V,N585V,0.1063786631145557
585,N,W,N585W,0.0620216759505948
585,N,Y,N585Y,0.0552131266650535
586,K,A,K586A,0.0239419350932415
586,K,C,K586C,0.0261920259142635
586,K,D,K586D,0.0487239646403474
586,K,E,K586E,0.0107895374182596
586,K,F,K586F,0.0436167958343411
586,K,G,K586G,0.0904955800435942
586,K,H,K586H,0.0384884354565256
586,K,I,K586I,0.0390992068297409
586,K,L,K586L,0.0375900641801875
586,K,M,K586M,0.01060184063938
586,K,N,K586N,0.0430355412932914
586,K,P,K586P,0.0497880842819071
586,K,Q,K586Q,0.030106411964156
586,K,R,K586R,0.0336900581254527
586,K,S,K586S,0.0205126846694115
586,K,T,K586T,0.0333971603293776
586,K,V,K586V,0
586,K,W,K586W,0.0395502845725357
586,K,Y,K586Y,0.0286676556066844
587,I,A,I587A,0.0501876967788797
587,I,C,I587C,0.0353339186243628
587,I,D,I587D,0.0530228263502045
587,I,E,I587E,0.107252058609833
587,I,F,I587F,0.0870004843787829
587,I,G,I587G,0.0513600448050376
587,I,H,I587H,0.1944198050375396
587,I,K,I587K,0.2629881629934598
587,I,L,I587L,0
587,I,M,I587M,0.0268898341002664
587,I,N,I587N,0.0571952954710584
587,I,P,I587P,0.2496563937999519
587,I,Q,I587Q,0.1283989767498185
587,I,R,I587R,0.1938771494308538
587,I,S,I587S,0.0732585069023963
587,I,T,I587T,0.00726870913054
587,I,V,I587V,0.0042383143618309
587,I,W,I587W,0.1677396161298137
587,I,Y,I587Y,0.1844113284088145
588,Y,A,Y588A,0.0215321506418019
588,Y,C,Y588C,0
588,Y,D,Y588D,0.0441594514410283
588,Y,E,Y588E,0.0677585371760731
588,Y,F,Y588F,0.0214224085735045
588,Y,G,Y588G,0.0283384294017936
588,Y,H,Y588H,0.0147311697747638
588,Y,I,Y588I,0.0748440905788341
588,Y,K,Y588K,0.0644973056430129
588,Y,L,Y588L,0.0405992673770889
588,Y,M,Y588M,0.0266362920804083
588,Y,N,Y588N,0.0405500726568176
588,Y,P,Y588P,0.0552138835069024
588,Y,Q,Y588Q,0.046129510777428
588,Y,R,Y588R,0.0734325805279729
588,Y,S,Y588S,0.0256788871397433
588,Y,T,Y588T,0.0841751937515152
588,Y,V,Y588V,0.0560759263744248
588,Y,W,Y588W,0.0624333979171727
589,V,A,V589A,0.0901005085977221
589,V,C,V589C,0.0542935638169048
589,V,D,V589D,0.0348866250908196
589,V,E,V589E,0.0147334403003148
589,V,F,V589F,0.0629427524824413
589,V,G,V589G,0.10419290385081
589,V,H,V589H,0.0335606381690482
589,V,I,V589I,0.0153495095664796
589,V,K,V589K,0.0885996912085237
589,V,L,V589L,0.0321483712763367
589,V,M,V589M,0
589,V,N,V589N,0.0090578832647116
589,V,P,V589P,0.1037524218939212
589,V,Q,V589Q,0.0256569387260838
589,V,R,V589R,0.0942131872124002
589,V,S,V589S,0.0328317994671819
589,V,T,V589T,0.0065292746427692
589,V,W,V589W,0.0277851780092032
589,V,Y,V589Y,0.0950661479777173
590,I,A,I590A,0.0621616916929039
590,I,C,I590C,0.0678084887381933
590,I,D,I590D,0.094469756599661
590,I,E,I590E,0.1089057580527974
590,I,F,I590F,0.0747298074594319
590,I,G,I590G,0.3783043715185266
590,I,H,I590H,0.0319803523855655
590,I,K,I590K,0.0776194296439817
590,I,L,I590L,0
590,I,M,I590M,0.0242083434245566
590,I,N,I590N,0.0495163780576411
590,I,P,I590P,0.159544532574472
590,I,Q,I590Q,0.0543298922257205
590,I,R,I590R,0.0625794683942844
590,I,S,I590S,0.0518693993703076
590,I,T,I590T,0.0391029910389925
590,I,V,I590V,0.0245617885686607
590,I,W,I590W,0.0154554674255253
590,I,Y,I590Y,0.0315315451683202
591,G,A,G591A,0
591,G,C,G591C,0.0002262957132463
591,G,D,G591D,0.0383476628723648
591,G,E,G591E,0.043080951804311
591,G,F,G591F,0.0250756841850313
591,G,H,G591H,0.0067086461612967
591,G,I,G591I,0.0195038144829256
591,G,K,G591K,0.061936152821505
591,G,L,G591L,0.0402200896100751
591,G,M,G591M,0.0147947444901913
591,G,N,G591N,0.017518618309518
591,G,P,G591P,0.0311084705739874
591,G,Q,G591Q,0.0075570658755132
591,G,R,G591R,0.0904622790021798
591,G,S,G591S,0.0286108924679085
591,G,T,G591T,0.0228937091305401
591,G,V,G591V,0.0160616977476386
591,G,W,G591W,0.0406083494792928
591,G,Y,G591Y,0.0340366916929024
592,G,A,G592A,0.0254366977476372
592,G,C,G592C,0
592,G,D,G592D,0.086273916202469
592,G,E,G592E,0.0759241038992493
592,G,F,G592F,0.0669593121821265
592,G,H,G592H,0.1141703499636717
592,G,I,G592I,0.0813983410026642
592,G,K,G592K,0.1188408210220394
592,G,L,G592L,0.0838875938483881
592,G,M,G592M,0.0849040324533772
592,G,N,G592N,0.1263002542988618
592,G,P,G592P,0.126708948898037
592,G,Q,G592Q,0.1185698716396223
592,G,R,G592R,0.2007856018406382
592,G,S,G592S,0.0626014168079439
592,G,T,G592T,0.0879934608864133
592,G,V,G592V,0.0788629208040674
592,G,W,G592W,0.098811001453135
592,G,Y,G592Y,0.0975326955679342
593,T,A,T593A,0.0281144042140954
593,T,C,T593C,0.019810335432308
593,T,D,T593D,0.0560797105836751
593,T,E,T593E,0.0347693146040203
593,T,F,T593F,0.0509816238798727
593,T,G,T593G,0.0514977900217957
593,T,H,T593H,0.0457609287963187
593,T,I,T593I,0.0215616674739632
593,T,K,T593K,0
593,T,L,T593L,0.0065209493824156
593,T,M,T593M,0.014899188665535
593,T,N,T593N,0.0433927706466457
593,T,P,T593P,0.1098253209009432
593,T,Q,T593Q,0.0116493097602325
593,T,R,T593R,0.0279759021554842
593,T,S,T593S,0.023256993218697
593,T,V,T593V,0.0247646221845469
593,T,W,T593W,0.041957041656574
593,T,Y,T593Y,0.0325494974570114
594,N,A,N594A,0.0184063937999501
594,N,C,N594C,0.0107865100508597
594,N,D,N594D,0.0157498789053039
594,N,E,N594E,0.0166641438604975
594,N,F,N594F,0.0462982865100509
594,N,G,N594G,0.0450283058852022
594,N,H,N594H,0.0384157786388956
594,N,I,N594I,0.0463535359651247
594,N,K,N594K,0.0121321748607397
594,N,L,N594L,0.035446688060063
594,N,M,N594M,0.0326705921530623
594,N,P,N594P,0.0497457011382902
594,N,Q,N594Q,0.0360120489222572
594,N,R,N594R,0
594,N,S,N594S,0.010938635262774
594,N,T,N594T,0.019858773310729
594,N,V,N594V,0.0167708585613936
594,N,W,N594W,0.056755570356017
594,N,Y,N594Y,0.0354625817389184
595,G,A,G595A,0.0110226447081617
595,G,C,G595C,0
595,G,D,G595D,0.0329097541777684
595,G,E,G595E,0.045645888835069
595,G,F,G595F,0.0358008900460174
595,G,H,G595H,0.0162645313635263
595,G,I,G595I,0.0154395737466699
595,G,K,G595K,0.00909723904093
595,G,L,G595L,0.0149975781060789
595,G,M,G595M,0.0155568842334705
595,G,N,G595N,0.0038909239525322
595,G,P,G595P,0.0033792988617098
595,G,Q,G595Q,0.0158490251876982
595,G,R,G595R,0.0233826289658527
595,G,S,G595S,0.0234227415839186
595,G,T,G595T,0.0369172317752483
595,G,V,G595V,0.0171629026398644
595,G,W,G595W,0.0569584039719061
595,G,Y,G595Y,0.0315126241220635
596,E,A,E596A,0.0108205679341259
596,E,C,E596C,0.0337543896827319
596,E,D,E596D,0.0107206648098813
596,E,F,E596F,0.0111164930976037
596,E,G,E596G,0.0012207859045787
596,E,H,E596H,0.002529365463794
596,E,I,E596I,0.0025808307096149
596,E,K,E596K,0.0126876967788811
596,E,L,E596L,0.0129056672317766
596,E,M,E596M,0
596,E,N,E596N,0.0201478868975539
596,E,P,E596P,0.0199125090821036
596,E,Q,E596Q,0.0129518345846452
596,E,R,E596R,0.0242378602567207
596,E,S,E596S,0.0384702712521206
596,E,T,E596T,0.0209395434729973
596,E,V,E596V,0.0164476870913068
596,E,W,E596W,0.0111974751755887
596,E,Y,E596Y,0.0052282635020586
597,R,A,R597A,0.0648901065633326
597,R,C,R597C,0.050083252603536
597,R,D,R597D,0.0336045349963657
597,R,E,R597E,0
597,R,F,R597F,0.0157241462823914
597,R,G,R597G,0.062110983288932
597,R,H,R597H,0.0126808852022281
597,R,I,R597I,0.021680491644466
597,R,K,R597K,0.0187045894889804
597,R,L,R597L,0.022386625090821
597,R,M,R597M,0.0166270586098315
597,R,N,R597N,0.0418488132719787
597,R,P,R597P,0.0278775127149417
597,R,Q,R597Q,0.0027488496003875
597,R,S,R597S,0.0392906878178736
597,R,T,R597T,0.0276315391135854
597,R,V,R597V,0.061380630903365097
597,R,W,R597W,0.0197301101961734
597,R,Y,R597Y,0.017635171954467
598,L,A,L598A,0.0541944175345106
598,L,C,L598C,0.0348177524824399
598,L,D,L598D,0.0411479777185745
598,L,E,L598E,0.0460106866069266
598,L,F,L598F,0.0169729353354323
598,L,G,L598G,0.3326630237345609
598,L,H,L598H,0.0743339791717123
598,L,I,L598I,0.0351136776459177
598,L,K,L598K,0.0812288084281909
598,L,M,L598M,0
598,L,N,L598N,0.0795614858319206
598,L,P,L598P,0.1275301223056417
598,L,Q,L598Q,0.0387041353838702
598,L,R,L598R,0.0572195144102675
598,L,S,L598S,0.0454687878420925
598,L,T,L598T,0.0425776519738436
598,L,V,L598V,0.0910616977476373
598,L,W,L598W,0.0482728868975539
598,L,Y,L598Y,0.036747699200775
599,N,A,N599A,0.0120595180431111
599,N,C,N599C,0.0218174800193751
599,N,D,N599D,0.0243650096875771
599,N,E,N599E,0.003671439815936
599,N,F,N599F,0.0004730261564543
599,N,G,N599G,0.0576130721724389
599,N,H,N599H,0
599,N,I,N599I,0.0082836340518285
599,N,K,N599K,0.0399181097117946
599,N,L,N599L,0.010048589246791
599,N,M,N599M,0.0477302312908695
599,N,P,N599P,0.0227741281181898
599,N,Q,N599Q,0.0206996246064436
599,N,R,N599R,0.0432436728021327
599,N,S,N599S,0.0089148401550026
599,N,T,N599T,0.0168488132719801
599,N,V,N599V,0.0156628420925177
599,N,W,N599W,0.0230465911843061
599,N,Y,N599Y,0.0069394829256492
600,S,A,S600A,0.0147591729232245
600,S,C,S600C,0.03060517074352
600,S,D,S600D,0.0300617582949867
600,S,E,S600E,0.0406015379026399
600,S,F,S600F,0.0521562424315801
600,S,G,S600G,0.0263766953257447
600,S,H,S600H,0.0147410087188167
600,S,I,S600I,0.0820999333979158
600,S,K,S600K,0.0523446960523129
600,S,L,S600L,0.1608069447808174
600,S,M,S600M,0.1016748910147737
600,S,N,S600N,0.0482183942843304
600,S,P,S600P,0.1713436970210707
600,S,Q,S600Q,0.0649037297166385
600,S,R,S600R,0.0580906393799952
600,S,T,S600T,0
600,S,V,S600V,0.0396592697989814
600,S,W,S600W,0.0700631206103159
600,S,Y,S600Y,0.0358584100266394
601,I,A,I601A,0.0295766226689285
601,I,C,I601C,0.021093939210464
601,I,D,I601D,0.0386670501332056
601,I,E,I601E,0.0171364131751029
601,I,F,I601F,0.0141075320900958
601,I,G,I601G,0.0758499333979186
601,I,H,I601H,0.0210674497457011
601,I,K,I601K,0.0365365403245338
601,I,L,I601L,0.0111005994187468
601,I,M,I601M,0.0203598026156454
601,I,N,I601N,0.0098245640590956
601,I,P,I601P,0.2383249576168581
601,I,Q,I601Q,0.0242113707919607
601,I,R,I601R,0.0447422196657787
601,I,S,I601S,0.0195356018406394
601,I,T,I601T,0.0002535420198609
601,I,V,I601V,0
601,I,W,I601W,0.0331860014531378
601,I,Y,I601Y,0.0179545592153063
602,E,A,E602A,0.0098442419472013
602,E,C,E602C,0.0209569508355534
602,E,D,E602D,0.0068380661177026
602,E,F,E602F,0.0425155909421167
602,E,G,E602G,0.0047007447323807
602,E,H,E602H,0
602,E,I,E602I,0.0549716941147978
602,E,K,E602K,0.0682762170016954
602,E,L,E602L,0.0458350992976508
602,E,M,E602M,0.0520941813998533
602,E,N,E602N,0.0360430794381206
602,E,P,E602P,0.2304144465972379
602,E,Q,E602Q,0.0017838762412206
602,E,R,E602R,0.0372252664083313
602,E,S,E602S,0.0183708222329848
602,E,T,E602T,0.0312182126422849
602,E,V,E602V,0.061070325744731
602,E,W,E602W,0.0435933337369823
602,E,Y,E602Y,0.052097208767256
603,V,A,V603A,0.1308935274884975
603,V,C,V603C,0.1419328227173666
603,V,D,V603D,0.1159375756841852
603,V,E,V603E,0.1307133991281197
603,V,F,V603F,0.090246579074838
603,V,G,V603G,0.1912327440058142
603,V,H,V603H,0.1170645131993234
603,V,I,V603I,0.0540604565270041
603,V,K,V603K,0.1186939937030759
603,V,L,V603L,0.1146955982077986
603,V,M,V603M,0.1903956769193526
603,V,N,V603N,0.1294207132477599
603,V,P,V603P,0.3219241947202731
603,V,Q,V603Q,0.1247358621942374
603,V,R,V603R,0.1194266166141938
603,V,S,V603S,0.1624091789779624
603,V,T,V603T,0.1164113586824898
603,V,W,V603W,0
603,V,Y,V603Y,0.0535329377573277
604,Y,A,Y604A,0.0612353172681023
604,Y,C,Y604C,0.0323678554129315
604,Y,D,Y604D,0.2338338580770151
604,Y,E,Y604E,0.0959826834584646
604,Y,F,Y604F,0
604,Y,G,Y604G,0.0653260474691209
604,Y,H,Y604H,0.0413947081617825
604,Y,I,Y604I,0.0297559941874546
604,Y,K,Y604K,0.1100697808186003
604,Y,L,Y604L,0.0313188726083797
604,Y,M,Y604M,0.0106245458948884
604,Y,N,Y604N,0.1754669714216505
604,Y,P,Y604P,0.1543541111649312
604,Y,Q,Y604Q,0.0425458646161298
604,Y,R,Y604R,0.182220271252118
604,Y,S,Y604S,0.135772886897554
604,Y,T,Y604T,0.0903275611528202
604,Y,V,Y604V,0.0285246124969712
604,Y,W,Y604W,0.0250628178735771
605,E,A,E605A,0.0535026640833146
605,E,C,E605C,0.05858788447566
605,E,D,E605D,0
605,E,F,E605F,0.0358712763380964
605,E,G,E605G,0.0463346149188666
605,E,H,E605H,0.0228430007265696
605,E,I,E605I,0.0229610680552192
605,E,K,E605K,0.0458941329619777
605,E,L,E605L,0.0328484499878919
605,E,M,E605M,0.0219355473480261
605,E,N,E605N,0.0270972087672574
605,E,P,E605P,0.0996049285541308
605,E,Q,E605Q,0.0340722632598706
605,E,R,E605R,0.0415279123274415
605,E,S,E605S,0.0370307580527987
605,E,T,E605T,0.0331943267134914
605,E,V,E605V,0.0189498062484877
605,E,W,E605W,0.0292216638411252
605,E,Y,E605Y,0.0518164204407847
606,E,A,E606A,0.0110112920804083
606,E,C,E606C,0.0268088520222828
606,E,D,E606D,0
606,E,F,E606F,0.0652450653911373
606,E,G,E606G,0.0153964337612026
606,E,H,E606H,0.0193297408573518
606,E,I,E606I,0.0871965064180204
606,E,K,E606K,0.0089322475175601
606,E,L,E606L,0.059709524097846
606,E,M,E606M,0.0868354928554144
606,E,N,E606N,0.0364684245580044
606,E,P,E606P,0.0383968575926389
606,E,Q,E606Q,0.0113064604020358
606,E,R,E606R,0.0364245277306854
606,E,S,E606S,0.0170387805764121
606,E,T,E606T,0.0856760111407135
606,E,V,E606V,0.0485196173407619
606,E,W,E606W,0.021045501332043
606,E,Y,E606Y,0.0412917776701395
607,K,A,K607A,0.0051117098571082
607,K,C,K607C,0.0165998123032211
607,K,D,K607D,0.0241205497699215
607,K,E,K607E,0.0316443146040218
607,K,F,K607F,0.0278654032453393
607,K,G,K607G,0.0264879510777442
607,K,H,K607H,0.0263358258658285
607,K,I,K607I,0.011706072899007
607,K,L,K607L,0.0220725357229367
607,K,M,K607M,0.0202962279002179
607,K,N,K607N,0.0198065512230564
607,K,P,K607P,0.0612459130540097
607,K,Q,K607Q,0.0158944356987164
607,K,R,K607R,0.0176889077258416
607,K,S,K607S,0
607,K,T,K607T,0.0061470695083569
607,K,V,K607V,0.0285344514410269
607,K,W,K607W,0.0345589125696309
607,K,Y,K607Y,0.0566995640590942
608,M,A,M608A,0.0152768527488482
608,M,C,M608C,0.0467758537176058
608,M,D,M608D,0.0295266711068041
608,M,E,M608E,0.0031961431339293
608,M,F,M608F,0.0526777064664568
608,M,G,M608G,0.0747381327197869
608,M,H,M608H,0.040108833858077
608,M,I,M608I,0.0005184366674739
608,M,K,M608K,0.0169736921772812
608,M,L,M608L,0.0225077197868733
608,M,N,M608N,0.0290755933640106
608,M,P,M608P,0.0846058367643498
608,M,Q,M608Q,0
608,M,R,M608R,0.0241720150157423
608,M,S,M608S,0.0100432913538373
608,M,T,M608T,0.0335212823928312
608,M,V,M608V,0.0060229474449019
608,M,W,M608W,0.0266960825865827
608,M,Y,M608Y,0.0478808428190831
609,N,A,N609A,0.0418760595785891
609,N,C,N609C,0.0476787660450473
609,N,D,N609D,0.0026837612012579
609,N,E,N609E,0.0015280636958087
609,N,F,N609F,0.0396524582223299
609,N,G,N609G,0.0039257386776445
609,N,H,N609H,0.0477816965366903
609,N,I,N609I,0.093040082344392
609,N,K,N609K,0.0194879208040674
609,N,L,N609L,0.0521289961249698
609,N,M,N609M,0.0248720937272947
609,N,P,N609P,0
609,N,Q,N609Q,0.032744005812544
609,N,R,N609R,0.0264364858319205
609,N,S,N609S,0.0300178614676663
609,N,T,N609T,0.0655152579317012
609,N,V,N609V,0.085086431339306
609,N,W,N609W,0.0558481169774764
609,N,Y,N609Y,0.0250363284088143
610,K,A,K610A,0.0299747214821991
610,K,C,K610C,0.010284723904093
610,K,D,K610D,0.0140280636958115
610,K,E,K610E,0.0152715548558987
610,K,F,K610F,0.0010633627997093
610,K,G,K610G,0.082410995398403
610,K,H,K610H,0.0346974146282393
610,K,I,K610I,0.0065270041172196
610,K,L,K610L,0.00458343424558
610,K,M,K610M,0.0255683882295955
610,K,N,K610N,0.0093697021070491
610,K,P,K610P,0.1741054129329138
610,K,Q,K610Q,0.0039325502543002
610,K,R,K610R,0.0208290445628495
610,K,S,K610S,0.0196233954952787
610,K,T,K610T,0.009809427222089
610,K,V,K610V,0
610,K,W,K610W,0.0196097723419714
610,K,Y,K610Y,0.0194099660934865
611,W,A,W611A,0.0943085492855428
611,W,C,W611C,0.0826615100508599
611,W,D,W611D,0.1854913417292325
611,W,E,W611E,0.1542822111891501
611,W,F,W611F,0
611,W,G,W611G,0.0980655122305658
611,W,H,W611H,0.0192343787842092
611,W,I,W611I,0.0688461189149916
611,W,K,W611K,0.1604519859530155
611,W,L,W611L,0.0182762170016967
611,W,M,W611M,0.0211605412932913
611,W,N,W611N,0.1462400096875773
611,W,P,W611P,0.1498153305885204
611,W,Q,W611Q,0.1052343182368613
611,W,R,W611R,0.1053690360862195
611,W,S,W611S,0.1103361891499168
611,W,T,W611T,0.1059389379995171
611,W,V,W611V,0.1318683397917173
611,W,Y,W611Y,0.0458199624606457
612,E,A,E612A,0.0141877573262277
612,E,C,E612C,0.0151572717364979
612,E,D,E612D,0.0235067510293035
612,E,F,E612F,0.0594052736740131
612,E,G,E612G,0.0621215790748352
612,E,H,E612H,0.0688302252361347
612,E,I,E612I,0.0533104262533301
612,E,K,E612K,0.0586196718333737
612,E,L,E612L,0.0541921470089596
612,E,M,E612M,0.0420629995156198
612,E,N,E612N,0.0178213550496488
612,E,P,E612P,0.0742537539355777
612,E,Q,E612Q,0.035245368127876
612,E,R,E612R,0.0386034754177767
612,E,S,E612S,0.006390015742309
612,E,T,E612T,0
612,E,V,E612V,0.0334486255751998
612,E,W,E612W,0.0626521252119158
612,E,Y,E612Y,0.074057731896343
613,Q,A,Q613A,0.0233160268830239
613,Q,C,Q613C,0.0248032211189164
613,Q,D,Q613D,0.0391605110196188
613,Q,E,Q613E,0.0420970573988859
613,Q,F,Q613F,0
613,Q,G,Q613G,0.0332200593364011
613,Q,H,Q613H,0.0166913901671121
613,Q,I,Q613I,0.002135807701624
613,Q,K,Q613K,0.030261564543473
613,Q,L,Q613L,0.0310728990070235
613,Q,M,Q613M,0.0185403548074608
613,Q,N,Q613N,0.026950381448294
613,Q,P,Q613P,0.0325949079680324
613,Q,R,Q613R,0.0446922681036571
613,Q,S,Q613S,0.0150914264955209
613,Q,T,Q613T,0.0248266832162765
613,Q,V,Q613V,0.0223306187938982
613,Q,W,Q613W,0.0891105594574973
613,Q,Y,Q613Y,0.0265681763138789
614,F,A,F614A,0.0872025611528216
614,F,C,F614C,0.0819591608137578
614,F,D,F614D,0.1081088035844031
614,F,E,F614E,0.0780326652942616
614,F,G,F614G,0.131703348268346
614,F,H,F614H,0
614,F,I,F614I,0.0413349176556067
614,F,K,F614K,0.0556210644223797
614,F,L,F614L,0.0537773976749819
614,F,M,F614M,0.0655167716154047
614,F,N,F614N,0.0728679765076304
614,F,P,F614P,0.0903381569387262
614,F,Q,F614Q,0.0682663780576425
614,F,R,F614R,0.0928781181884234
614,F,S,F614S,0.0878920440784709
614,F,T,F614T,0.0689649430854929
614,F,V,F614V,0.0518905909421168
614,F,W,F614W,0.0438271978687348
614,F,Y,F614Y,0.066311455558248
615,P,A,P615A,0.0041323565027851
615,P,C,P615C,0.0248857168806006
615,P,D,P615D,0.0214572232986181
615,P,E,P615E,0.0512911721966578
615,P,F,P615F,0.0174959130540068
615,P,G,P615G,0.0533641620247033
615,P,H,P615H,0.0201100448050361
615,P,I,P615I,0.0323428796318707
615,P,K,P615K,0.0216577863889561
615,P,L,P615L,0.0094461431339307
615,P,M,P615M,0.027455951804311
615,P,N,P615N,0.0174558004359409
615,P,Q,P615Q,0.0202803342213611
615,P,R,P615R,0.0229943690966321
615,P,S,P615S,0.0351999576168564
615,P,T,P615T,0.0242757023492371
615,P,V,P615V,0.0302222087672546
615,P,W,P615W,0
615,P,Y,P615Y,0.0038727597481216
616,Y,A,Y616A,0.1212059518043125
616,Y,C,Y616C,0.0467198474206844
616,Y,D,Y616D,0.0778343727294745
616,Y,E,Y616E,0.0724577682247518
616,Y,F,Y616F,0
616,Y,G,Y616G,0.0731374122063468
616,Y,H,Y616H,0.0710576108016484
616,Y,I,Y616I,0.0588270465003633
616,Y,K,Y616K,0.0766620247033195
616,Y,L,Y616L,0.0560986316299361
616,Y,M,Y616M,0.0171409542262063
616,Y,N,Y616N,0.0750544926132236
616,Y,P,Y616P,0.1676646887866328
616,Y,Q,Y616Q,0.0669562848147266
616,Y,R,Y616R,0.0869149612496988
616,Y,S,Y616S,0.050452591426497
616,Y,T,Y616T,0.0598699745701153
616,Y,V,Y616V,0.0670175890046031
616,Y,W,Y616W,0.0625582768224766
617,A,C,A617C,0.0614608561394997
617,A,D,A617D,0
617,A,E,A617E,0.0973389440542491
617,A,F,A617F,0.0716252421893922
617,A,G,A617G,0.1271350508597711
617,A,H,A617H,0.0934472632598679
617,A,I,A617I,0.087454589488979
617,A,K,A617K,0.0921379268588037
617,A,L,A617L,0.1082298982804554
617,A,M,A617M,0.0779615221603294
617,A,N,A617N,0.0598601356260596
617,A,P,A617P,0.058585613950109
617,A,Q,A617Q,0.1061917231775235
617,A,R,A617R,0.0823519617340761
617,A,S,A617S,0.0869248001937502
617,A,T,A617T,0.09245352991039
617,A,V,A617V,0.068205830709615
617,A,W,A617W,0.0704483531121323
617,A,Y,A617Y,0.082212702833616
618,L,A,L618A,0.0721149188665551
618,L,C,L618C,0.1602332586582724
618,L,D,L618D,0.0455164688786631
618,L,E,L618E,0.052390106563334
618,L,F,L618F,0.0415816480988147
618,L,G,L618G,0
618,L,H,L618H,0.053772099782031
618,L,I,L618I,0.0220263683700654
618,L,K,L618K,0.1815459251634795
618,L,M,L618M,0.1744278275611544
618,L,N,L618N,0.0396812182126437
618,L,P,L618P,0.0696279365463793
618,L,Q,L618Q,0.1543821143133947
618,L,R,L618R,0.115802857834827
618,L,S,L618S,0.0455573383385822
618,L,T,L618T,0.0468613768466955
618,L,V,L618V,0.1656643557762186
618,L,W,L618W,0.0311084705739903
618,L,Y,L618Y,0.0398227476386548
619,L,A,L619A,0.0317729777185773
619,L,C,L619C,0.0296803100024219
619,L,D,L619D,0.0297628057641089
619,L,E,L619E,0.0367953802373456
619,L,F,L619F,0.0094083010414158
619,L,G,L619G,0.0613866856381691
619,L,H,L619H,0.0288175102930492
619,L,I,L619I,0
619,L,K,L619K,0.03599539840155
619,L,M,L619M,0.029587975296682
619,L,N,L619N,0.0170425647856638
619,L,P,L619P,0.0540945144102703
619,L,Q,L619Q,0.0307482138532332
619,L,R,L619R,0.033266226689271
619,L,S,L619S,0.0406484620973616
619,L,T,L619T,0.0396093182368626
619,L,V,L619V,0.0204120247033194
619,L,W,L619W,0.0105359953984029
619,L,Y,L619Y,0.0370496790990569
620,E,A,E620A,0.0197293533543245
620,E,C,E620C,0.0387215427464291
620,E,D,E620D,0.0266188847178508
620,E,F,E620F,0.0272674981835795
620,E,G,E620G,0.0976416807943827
620,E,H,E620H,0.0378436062000499
620,E,I,E620I,0.0199253753935592
620,E,K,E620K,0.0502088883506903
620,E,L,E620L,0.0208373698232031
620,E,M,E620M,0.0291126786146767
620,E,N,E620N,0.0142816057156696
620,E,P,E620P,0.7006728324049416
620,E,Q,E620Q,0.0280016347783981
620,E,R,E620R,0.0524461128602582
620,E,S,E620S,0.0534201683216275
620,E,T,E620T,0.0417125817389213
620,E,V,E620V,0.0014190784693644
620,E,W,E620W,0
620,E,Y,E620Y,0.0116107108258672
621,A,C,A621C,0.0339882538144829
621,A,D,A621D,0.0252830588520209
621,A,E,A621E,0.0487027730685396
621,A,F,A621F,0.0110953015257931
621,A,G,A621G,0.0415771070477099
621,A,H,A621H,0.028276368370064
621,A,I,A621I,0.034250877936545
621,A,K,A621K,0.0420440784693616
621,A,L,A621L,0.0318766650520693
621,A,M,A621M,0.0370928190845227
621,A,N,A621N,0.038175859772342
621,A,P,A621P,0.0538697323807218
621,A,Q,A621Q,0.0294918563816905
621,A,R,A621R,0.1007568418503271
621,A,S,A621S,0
621,A,T,A621T,0.0056240917897782
621,A,V,A621V,0.0389274037297166
621,A,W,A621W,0.0472821809154759
621,A,Y,A621Y,0.0104201985953015
622,R,A,R622A,0.0479762048922257
622,R,C,R622C,0.0244028517800934
622,R,D,R622D,0.1514962763380966
622,R,E,R622E,0.1019261625090822
622,R,F,R622F,0.022388895616372
622,R,G,R622G,0.0843205073867765
622,R,H,R622H,0.0284708767255994
622,R,I,R622I,0.0195386292080421
622,R,K,R622K,0.0296666868491174
622,R,L,R622L,0.0267233288931959
622,R,M,R622M,0.0392581436183109
622,R,N,R622N,0.0420493763623168
622,R,P,R622P,0.1949215911843078
622,R,Q,R622Q,0.0144238919835311
622,R,S,R622S,0.0477249333979172
622,R,T,R622T,0.0233220816178265
622,R,V,R622V,0
622,R,W,R622W,0.0462816359893451
622,R,Y,R622Y,0.0445817691935093
623,S,A,S623A,0.0129094514410283
623,S,C,S623C,0.0092319568902882
623,S,D,S623D,0.0147818781787357
623,S,E,S623E,0.019694538629208
623,S,F,S623F,0.0073640712036812
623,S,G,S623G,0.0549111467667731
623,S,H,S623H,0.0227991038992506
623,S,I,S623I,0.1001907241462825
623,S,K,S623K,0.054517589004603
623,S,L,S623L,0.0835349055461372
623,S,M,S623M,0.0090692358924693
623,S,N,S623N,0.0112905667231789
623,S,P,S623P,0.0385217364979428
623,S,Q,S623Q,0.007445810123518
623,S,R,S623R,0.0870330285783498
623,S,T,S623T,0.0002989525308805
623,S,V,S623V,0.0430196476144345
623,S,W,S623W,0
623,S,Y,S623Y,0.0178274097844528
624,S,A,S624A,0
624,S,C,S624C,0.0246420138047967
624,S,D,S624D,0.0315073262291126
624,S,E,S624E,0.0127928977960765
624,S,F,S624F,0.0173468152094952
624,S,G,S624G,0.0487557519980639
624,S,H,S624H,0.0209100266408345
624,S,I,S624I,0.0130063271978701
624,S,K,S624K,0.0144254056672332
624,S,L,S624L,0.0227075260353596
624,S,M,S624M,0.0242166686849116
624,S,N,S624N,0.0308738496003889
624,S,P,S624P,0.3059306127391624
624,S,Q,S624Q,0.0073686122547832
624,S,R,S624R,0.0392498183579573
624,S,T,S624T,0.0307678917413431
624,S,V,S624V,0.0152276580285797
624,S,W,S624W,0.0382371639622199
624,S,Y,S624Y,0.0060721421651745
625,G,A,G625A,0.0361952046500377
625,G,C,G625C,0
625,G,D,G625D,0.0704286752240267
625,G,E,G625E,0.1082874182610817
625,G,F,G625F,0.1641045047226934
625,G,H,G625H,0.0349517134899505
625,G,I,G625I,0.0587384960038765
625,G,K,G625K,0.192397523613466
625,G,L,G625L,0.0615743824170516
625,G,M,G625M,0.0430196476144345
625,G,N,G625N,0.0203189331557292
625,G,P,G625P,0.0422968636473737
625,G,Q,G625Q,0.0403608621942359
625,G,R,G625R,0.1850130176798273
625,G,S,G625S,0.1037751271494324
625,G,T,G625T,0.0129578893194492
625,G,V,G625V,0.0671538205376605
625,G,W,G625W,0.2357108258658288
625,G,Y,G625Y,0.1339867401307838
626,A,C,A626C,0
626,A,D,A626D,0.0560963611043837
626,A,E,A626E,0.0813113041898751
626,A,F,A626F,0.0341880600629692
626,A,G,A626G,0.0128367946233955
626,A,H,A626H,0.0214201380479521
626,A,I,A626I,0.062898098813272
626,A,K,A626K,0.0621336885444404
626,A,L,A626L,0.0813642831193994
626,A,M,A626M,0.1109469605231278
626,A,N,A626N,0.0349138713974328
626,A,P,A626P,0.1625469241947205
626,A,Q,A626Q,0.0493589549527717
626,A,R,A626R,0.0644102688302253
626,A,S,A626S,0.0101424376362315
626,A,T,A626T,0.025870368127876
626,A,V,A626V,0.016175980867038
626,A,W,A626W,0.0458131508839913
626,A,Y,A626Y,0.03766196415597
627,A,C,A627C,0
627,A,D,A627D,0.0482971058367644
627,A,E,A627E,0.079035480745942
627,A,F,A627F,0.0724835008476615
627,A,G,A627G,0.053588944054249
627,A,H,A627H,0.1070250060547349
627,A,I,A627I,0.0436622063453607
627,A,K,A627K,0.1465904274642758
627,A,L,A627L,0.0644942782756102
627,A,M,A627M,0.0665559154759008
627,A,N,A627N,0.1133605291838219
627,A,P,A627P,0.1673589246790993
627,A,Q,A627Q,0.0713800254298862
627,A,R,A627R,0.1293321627512702
627,A,S,A627S,0.0758098207798499
627,A,T,A627T,0.0671182489706951
627,A,V,A627V,0.0508098207798485
627,A,W,A627W,0.1194039113586812
627,A,Y,A627Y,0.1047151247275356
628,F,A,F628A,0.0229270101719559
628,F,C,F628C,0.0430400823443947
628,F,D,F628D,0.0279569811092288
628,F,E,F628E,0.0683027064664582
628,F,G,F628G,0.0513630721724403
628,F,H,F628H,0.008151943569873
628,F,I,F628I,0.0882386776459192
628,F,K,F628K,0.0758703681278761
628,F,L,F628L,0.0159065451683216
628,F,M,F628M,0
628,F,N,F628N,0.0575078711552448
628,F,P,F628P,0.1840488011625107
628,F,Q,F628Q,0.0809563453620732
628,F,R,F628R,0.0405629389682746
628,F,S,F628S,0.0401580285783483
628,F,T,F628T,0.0677426434972163
628,F,V,F628V,0.0982895374182612
628,F,W,F628W,0.0215609106321157
628,F,Y,F628Y,0.0311977779123274
629,N,A,N629A,0.0386367764591897
629,N,C,N629C,0.049335492855413
629,N,D,N629D,0
629,N,E,N629E,0.0834418139985469
629,N,F,N629F,0.0691284209251635
629,N,G,N629G,0.0514395131993219
629,N,H,N629H,0.0603604080891243
629,N,I,N629I,0.0554439634294018
629,N,K,N629K,0.0683806611770405
629,N,L,N629L,0.1107940784693631
629,N,M,N629M,0.0497214821990783
629,N,P,N629P,0.0962755812545397
629,N,Q,N629Q,0.0563998546863634
629,N,R,N629R,0.0658656757084026
629,N,S,N629S,0.0203840215548559
629,N,T,N629T,0.0523136655364495
629,N,V,N629V,0.0735029668200533
629,N,W,N629W,0.0944455376604506
629,N,Y,N629Y,0.0904607653184791
630,Y,A,Y630A,0.0074321869702107
630,Y,C,Y630C,0.01229489585856
630,Y,D,Y630D,0.0779940663598935
630,Y,E,Y630E,0.0645548256236377
630,Y,F,Y630F,0.0435411116493084
630,Y,G,Y630G,0.0212127633809625
630,Y,H,Y630H,0.0032332283845953
630,Y,I,Y630I,0.068404880116251
630,Y,K,Y630K,0.0518822656817632
630,Y,L,Y630L,0.0157150641801889
630,Y,M,Y630M,0
630,Y,N,Y630N,0.0359257689513185
630,Y,P,Y630P,0.0649824412690711
630,Y,Q,Y630Q,0.0307345906999259
630,Y,R,Y630R,0.0133075502542974
630,Y,S,Y630S,0.0159988798740615
630,Y,T,Y630T,0.1588648885928798
630,Y,V,Y630V,0.0585326350205861
630,Y,W,Y630W,0.0104088459675466
631,L,A,L631A,0
631,L,C,L631C,0.0222163356744974
631,L,D,L631D,0.0648787539355777
631,L,E,L631E,0.070172105836763
631,L,F,L631F,0.0397508476628724
631,L,G,L631G,0.0459970634536208
631,L,H,L631H,0.0680809518043096
631,L,I,L631I,0.0403078832647116
631,L,K,L631K,0.1090435032695555
631,L,M,L631M,0.0473957071930236
631,L,N,L631N,0.0401307822717351
631,L,P,L631P,0.0527518769677874
631,L,Q,L631Q,0.090356321143134
631,L,R,L631R,0.0685464095422607
631,L,S,L631S,0.0004041535480745
631,L,T,L631T,0.0234242552676179
631,L,V,L631V,0.0268845362073141
631,L,W,L631W,0.0430537054976992
631,L,Y,L631Y,0.0560025127149431
632,N,A,N632A,0
632,N,C,N632C,0.0065951198837491
632,N,D,N632D,0.0495080527972875
632,N,E,N632E,0.0321362618067315
632,N,F,N632F,0.0354527427948642
632,N,G,N632G,0.0548513562605944
632,N,H,N632H,0.0363927403729703
632,N,I,N632I,0.0360672983773297
632,N,K,N632K,0.0568191450714445
632,N,L,N632L,0.0337528759990298
632,N,M,N632M,0.0270919108743023
632,N,P,N632P,0.1274869823201731
632,N,Q,N632Q,0.022380570356017
632,N,R,N632R,0.0286366250908196
632,N,S,N632S,0.0069553766045033
632,N,T,N632T,0.0155455316057156
632,N,V,N632V,0.0167890227658014
632,N,W,N632W,0.0356540627270512
632,N,Y,N632Y,0.0421417110680552
633,Q,A,Q633A,0.04335644223783
633,Q,C,Q633C,0.0644329740857365
633,Q,D,Q633D,0.0610589731169775
633,Q,E,Q633E,0.0705603657059821
633,Q,F,Q633F,0.0187265379026413
633,Q,G,Q633G,0.1057883264713007
633,Q,H,Q633H,0.0553735771373228
633,Q,I,Q633I,0.0308806611770419
633,Q,K,Q633K,0.076992007750062
633,Q,L,Q633L,0.0547756720755645
633,Q,M,Q633M,0.0389705437151853
633,Q,N,Q633N,0.0313922862678615
633,Q,P,Q633P,0.0251460704771145
633,Q,R,Q633R,0.0619036086219438
633,Q,S,Q633S,0.0477325018164219
633,Q,T,Q633T,0.0085235529183821
633,Q,V,Q633V,0
633,Q,W,Q633W,0.012810305158634
633,Q,Y,Q633Y,0.0072641680794381
634,I,A,I634A,0.0708290445628468
634,I,C,I634C,0.0233099721482199
634,I,D,I634D,0.0982812121579062
634,I,E,I634E,0.1353225659966095
634,I,F,I634F,0
634,I,G,I634G,0.119433428190844
634,I,H,I634H,0.07310184063938
634,I,K,I634K,0.056165233712762
634,I,L,I634L,0.0501801283603764
634,I,M,I634M,0.044465215548559
634,I,N,I634N,0.0495027549043352
634,I,P,I634P,0.0867386170985712
634,I,Q,I634Q,0.0643557762170017
634,I,R,I634R,0.0202235710825866
634,I,S,I634S,0.061992915960281
634,I,T,I634T,0.0422983773310729
634,I,V,I634V,0.0468757568418503
634,I,W,I634W,0.0716108621942345
634,I,Y,I634Y,0.024359711794622
635,Y,A,Y635A,0.1193456345362074
635,Y,C,Y635C,0.1345906999273419
635,Y,D,Y635D,0.1203378542019847
635,Y,E,Y635E,0.0750635747154275
635,Y,F,Y635F,0
635,Y,G,Y635G,0.1865834645192529
635,Y,H,Y635H,0.0722655303947688
635,Y,I,Y635I,0.0761980806490676
635,Y,K,Y635K,0.1018292867522389
635,Y,L,Y635L,0.0747025611528216
635,Y,M,Y635M,0.0621609348510536
635,Y,N,Y635N,0.0593621336885445
635,Y,P,Y635P,0.1268383688544429
635,Y,Q,Y635Q,0.1029108137563576
635,Y,R,Y635R,0.1164121155243401
635,Y,S,Y635S,0.0723162387987407
635,Y,T,Y635T,0.1111596330830711
635,Y,V,Y635V,0.1211968697021072
635,Y,W,Y635W,0.0206950835553388
636,V,A,V636A,0.051581042625333
636,V,C,V636C,0.0313438483894405
636,V,D,V636D,0.0634377270525566
636,V,E,V636E,0.086693206587553
636,V,F,V636F,0.0364086340518299
636,V,G,V636G,0.1627437030758055
636,V,H,V636H,0.05270495277307
636,V,I,V636I,0.0178637381932685
636,V,K,V636K,0.1197929280697507
636,V,L,V636L,0
636,V,M,V636M,0.0397175466214594
636,V,N,V636N,0.0683428190845241
636,V,P,V636P,0.0962521191571824
636,V,Q,V636Q,0.0318933155727793
636,V,R,V636R,0.1149589791717124
636,V,S,V636S,0.0911903608621957
636,V,T,V636T,0.0349623092758537
636,V,W,V636W,0.0717364979413902
636,V,Y,V636Y,0.0343984620973615
637,V,A,V637A,0.1106139501089839
637,V,C,V637C,0.0603127270525537
637,V,D,V637D,0.1123486316299333
637,V,E,V637E,0.1003708525066603
637,V,F,V637F,0.0974850145313636
637,V,G,V637G,0.4446218818115773
637,V,H,V637H,0.133667352869943
637,V,I,V637I,0
637,V,K,V637K,0.1547355594574945
637,V,L,V637L,0.0218893799951548
637,V,M,V637M,0.0341449200775006
637,V,N,V637N,0.1050201319932188
637,V,P,V637P,0.1348419714216505
637,V,Q,V637Q,0.1020926677161541
637,V,R,V637R,0.1740372971663829
637,V,S,V637S,0.1616705013320419
637,V,T,V637T,0.0853543533543217
637,V,W,V637W,0.070101719544684
637,V,Y,V637Y,0.0473586219423575
638,G,A,G638A,0.0444538629208027
638,G,C,G638C,0.0177517255994187
638,G,D,G638D,0.1003314967304433
638,G,E,G638E,0.1357653184790494
638,G,F,G638F,0
638,G,H,G638H,0.0880706587551452
638,G,I,G638I,0.1780243400339067
638,G,K,G638K,0.137920804068782
638,G,L,G638L,0.1090775611528216
638,G,M,G638M,0.0581754056672318
638,G,N,G638N,0.0749901610559458
638,G,P,G638P,0.2416429522886901
638,G,Q,G638Q,0.1302963792685868
638,G,R,G638R,0.1149688181157652
638,G,S,G638S,0.0555779244369097
638,G,T,G638T,0.0641007205134401
638,G,V,G638V,0.1452568721240011
638,G,W,G638W,0.0539719060305159
638,G,Y,G638Y,0.0331595119883749
639,G,A,G639A,0.0095702651973843
639,G,C,G639C,0.0316314482925662
639,G,D,G639D,0.0368892286267876
639,G,E,G639E,0.0440065693872623
639,G,F,G639F,0.1502331072899023
639,G,H,G639H,0.0581004783240494
639,G,I,G639I,0.0541717122790022
639,G,K,G639K,0.0326751332041657
639,G,L,G639L,0.0735847057398901
639,G,M,G639M,0.0975349660934852
639,G,N,G639N,0.0576895131993219
639,G,P,G639P,0.0426775550980881
639,G,Q,G639Q,0.0348275914264955
639,G,R,G639R,0.0640969363041913
639,G,S,G639S,0.0618271675950608
639,G,T,G639T,0.0457783361588777
639,G,V,G639V,0.0451728626786147
639,G,W,G639W,0
639,G,Y,G639Y,0.0623478747880857
640,I,A,I640A,0.0415006660208297
640,I,C,I640C,0.025128663114557
640,I,D,I640D,0.0475183155727793
640,I,E,I640E,0.0088081254541051
640,I,F,I640F,0.0433836885444432
640,I,G,I640G,0.0630888229595544
640,I,H,I640H,0.0361422257205134
640,I,K,I640K,0.0131349903124257
640,I,L,I640L,0.0331057762170031
640,I,M,I640M,0.0129919472027139
640,I,N,I640N,0.0485937878420939
640,I,P,I640P,0.1118052191814014
640,I,Q,I640Q,0.0220876725599419
640,I,R,I640R,0.0218038568660692
640,I,S,I640S,0.0628700956648113
640,I,T,I640T,0.0379821082586583
640,I,V,I640V,0
640,I,W,I640W,0.0782506357471543
640,I,Y,I640Y,0.1015409300072672
641,D,A,D641A,0.058592425526762
641,D,C,D641C,0.1065209493824172
641,D,E,D641E,0.2605715669653687
641,D,F,D641F,0.0306081981109227
641,D,G,D641G,0.141994126907243
641,D,H,D641H,0.0239669108743051
641,D,I,D641I,0.0658323746669896
641,D,K,D641K,0.2372381327197872
641,D,L,D641L,0.0750605473480276
641,D,M,D641M,0.0606215185274899
641,D,N,D641N,0.0445340881569401
641,D,P,D641P,0.1414968818115782
641,D,Q,D641Q,0.1549656393799953
641,D,R,D641R,0.0997260232501831
641,D,S,D641S,0.1572232986195207
641,D,T,D641T,0.1074632174860756
641,D,V,D641V,0.0510837975296682
641,D,W,D641W,0.0148280455316071
641,D,Y,D641Y,0
642,N,A,N642A,0.0021554855897325
642,N,C,N642C,0.0345808609832889
642,N,D,N642D,0.0335008476628738
642,N,E,N642E,0.0258779365463793
642,N,F,N642F,0
642,N,G,N642G,0.0226212460644238
642,N,H,N642H,0.0226863344635519
642,N,I,N642I,0.0433011927827561
642,N,K,N642K,0.0121427706466456
642,N,L,N642L,0.0281863041898779
642,N,M,N642M,0.020284875272463
642,N,P,N642P,0.0504684851053524
642,N,Q,N642Q,0.0011572111891499
642,N,R,N642R,0.0304787781545168
642,N,S,N642S,0.0101038387018662
642,N,T,N642T,0.0228445144102688
642,N,V,N642V,0.0191730745943327
642,N,W,N642W,0.019497759748123
642,N,Y,N642Y,0.0208600750787129
643,E,A,E643A,0.0129639440542518
643,E,C,E643C,0.0384891922983787
643,E,D,E643D,0.0120723843545666
643,E,F,E643F,0.0375090821022039
643,E,G,E643G,0.0355935153790278
643,E,H,E643H,0.0133794502300799
643,E,I,E643I,0.0788273492371049
643,E,K,E643K,0
643,E,L,E643L,0.0274574654880116
643,E,M,E643M,0.0462104928554144
643,E,N,E643N,0.0187363768466941
643,E,P,E643P,0.1664681218212644
643,E,Q,E643Q,0.033782392831194
643,E,R,E643R,0.0612391014773553
643,E,S,E643S,0.0295319689997578
643,E,T,E643T,0.0455603657059821
643,E,V,E643V,0.0391953257447324
643,E,W,E643W,0.0259634596754662
643,E,Y,E643Y,0.019434185032697
644,H,A,H644A,0.0055590033906529
644,H,C,H644C,0.0035321809154759
644,H,D,H644D,0.010448201743765
644,H,E,H644E,0.0218750000000014
644,H,F,H644F,0.0057890833131508
644,H,G,H644G,0.0093961915718105
644,H,I,H644I,0.0048362194235892
644,H,K,H644K,0.0157725841608137
644,H,L,H644L,0.0023325865827076
644,H,M,H644M,0.0176162509082102
644,H,N,H644N,0.0169055764107546
644,H,P,H644P,0.0074178069750545
644,H,Q,H644Q,0.0055711128602581
644,H,R,H644R,0
644,H,S,H644S,0.0058912569629464
644,H,T,H644T,0.0046825805279728
644,H,V,H644V,0.0134044260111407
644,H,W,H644W,0.0041785238556551
644,H,Y,H644Y,0.0054129329135383
645,N,A,N645A,0.023254722693146
645,N,C,N645C,0.0221118914991523
645,N,D,N645D,0.0136791596028094
645,N,E,N645E,0.00363435456527
645,N,F,N645F,0.0671190058125469
645,N,G,N645G,0.0367340760474705
645,N,H,N645H,0.020772281424075
645,N,I,N645I,0.0087672559941888
645,N,K,N645K,0.0169040627270539
645,N,L,N645L,0.0153843242915974
645,N,M,N645M,0.0208774824412705
645,N,P,N645P,0
645,N,Q,N645Q,0.0315867946233969
645,N,R,N645R,0.0274657907483666
645,N,S,N645S,0.0043283785420198
645,N,T,N645T,0.0099729050617597
645,N,V,N645V,0.025596391378059
645,N,W,N645W,0.0616500666020829
645,N,Y,N645Y,0.0562310789537419
646,I,A,I646A,0.0353059154759022
646,I,C,I646C,0.0118771191571795
646,I,D,I646D,0.0185607895374168
646,I,E,I646E,0.0155114737224495
646,I,F,I646F,0.0123789053039462
646,I,G,I646G,0.0455702046500349
646,I,H,I646H,0.0482403426979884
646,I,K,I646K,0.0496556369581013
646,I,L,I646L,0
646,I,M,I646M,0.004782483652216
646,I,N,I646N,0.0332980140469833
646,I,P,I646P,0.0148462097360121
646,I,Q,I646Q,0.0425458646161298
646,I,R,I646R,0.0429515318479051
646,I,S,I646S,0.0245474085735031
646,I,T,I646T,0.0417019859530139
646,I,V,I646V,0.0191927524824412
646,I,W,I646W,0.0245572475175587
646,I,Y,I646Y,0.0257621397432792
647,L,A,L647A,0.0300254298861724
647,L,C,L647C,0.0355375090821022
647,L,D,L647D,0.0556520949382417
647,L,E,L647E,0.0564853778154531
647,L,F,L647F,0.0544260111407135
647,L,G,L647G,0.0807830285783483
647,L,H,L647H,0.0508643133930748
647,L,I,L647I,0.0195469544683943
647,L,K,L647K,0.0193297408573518
647,L,M,L647M,0.0359136594817147
647,L,N,L647N,0.0387457616856396
647,L,P,L647P,0.0601144344877709
647,L,Q,L647Q,0.0425095362073155
647,L,R,L647R,0.0353377028336173
647,L,S,L647S,0.0565277609590714
647,L,T,L647T,0.0321090155001225
647,L,V,L647V,0
647,L,W,L647W,0.0471323262291112
647,L,Y,L647Y,0.0515613647372245
648,D,A,D648A,0.0449019132961976
648,D,C,D648C,0.0375166505207072
648,D,E,D648E,0.0017203015257917
648,D,F,D648F,0.0853165112618054
648,D,G,D648G,0.0097511503996125
648,D,H,D648H,0.009011715911843
648,D,I,D648I,0.0331050193751514
648,D,K,D648K,0.0611709857108259
648,D,L,D648L,0.119284330346331
648,D,M,D648M,0.0739699382417051
648,D,N,D648N,0
648,D,P,D648P,0.0367416444659724
648,D,Q,D648Q,0.0013078227173635
648,D,R,D648R,0.0781514894647601
648,D,S,D648S,0.0639115100508584
648,D,T,D648T,0.0331670804068782
648,D,V,D648V,0.0355178311939937
648,D,W,D648W,0.0232645616372003
648,D,Y,D648Y,0.032345906999272
649,S,A,S649A,0.0114994550738691
649,S,C,S649C,0.0251135262775504
649,S,D,S649D,0.0367991644465987
649,S,E,S649E,0.0359325805279743
649,S,F,S649F,0.0234386352627769
649,S,G,S649G,0
649,S,H,S649H,0.0083699140227672
649,S,I,S649I,0.06152443085493
649,S,K,S649K,0.0615509203196915
649,S,L,S649L,0.0983198110922757
649,S,M,S649M,0.0639652458222344
649,S,N,S649N,0.0131546682005342
649,S,P,S649P,0.0856358985226462
649,S,Q,S649Q,0.0590132295955437
649,S,R,S649R,0.0431710159845013
649,S,T,S649T,0.0279123274400581
649,S,V,S649V,0.0254185335432322
649,S,W,S649W,0.0474524703318009
649,S,Y,S649Y,0.0254957314119641
650,V,A,V650A,0.0382840881569401
650,V,C,V650C,0.0193327682247517
650,V,D,V650D,0.0844529547105852
650,V,E,V650E,0.0334508961007522
650,V,F,V650F,0.0815027851780107
650,V,G,V650G,0.0715616674739661
650,V,H,V650H,0.0171076531847919
650,V,I,V650I,0.0408679462339564
650,V,K,V650K,0.0887608985226462
650,V,L,V650L,0.0583918624364267
650,V,M,V650M,0.0349471724388486
650,V,N,V650N,0.1067684366674755
650,V,P,V650P,0.2948126059578608
650,V,Q,V650Q,0.0689755388713975
650,V,R,V650R,0.089651701380481
650,V,S,V650S,0.0497948958585628
650,V,T,V650T,0.0243589549527745
650,V,W,V650W,0.0484439331557278
650,V,Y,V650Y,0
651,E,A,E651A,0.0930249455073869
651,E,C,E651C,0.0532014410268816
651,E,D,E651D,0.0440232199079666
651,E,F,E651F,0.1024620065391123
651,E,G,E651G,0.0562341063211418
651,E,H,E651H,0.0894965488011612
651,E,I,E651I,0.0929356381690469
651,E,K,E651K,0.0911487345604263
651,E,L,E651L,0.0878345240978446
651,E,M,E651M,0.0398469665778625
651,E,N,E651N,0.0655523431823673
651,E,P,E651P,0.4152208464519246
651,E,Q,E651Q,0
651,E,R,E651R,0.0619565875514653
651,E,S,E651S,0.0463459675466215
651,E,T,E651T,0.0401572717364979
651,E,V,E651V,0.1025626665052058
651,E,W,E651W,0.0422802131266651
651,E,Y,E651Y,0.0850001513683687
652,Q,A,Q652A,0.1143012836037769
652,Q,C,Q652C,0.0650240675708404
652,Q,D,Q652D,0.0828575320900945
652,Q,E,Q652E,0.087970755630902
652,Q,F,Q652F,0.0323459069992734
652,Q,G,Q652G,0.0626112557519967
652,Q,H,Q652H,0.0530576410753195
652,Q,I,Q652I,0.0578779668200533
652,Q,K,Q652K,0.0470732925647843
652,Q,L,Q652L,0.0719083010414144
652,Q,M,Q652M,0.074018376120126
652,Q,N,Q652N,0.0392157604746912
652,Q,P,Q652P,0.0517816057156697
652,Q,R,Q652R,0
652,Q,S,Q652S,0.1191261503996126
652,Q,T,Q652T,0.0648219907968031
652,Q,V,Q652V,0.0758741523371277
652,Q,W,Q652W,0.0358659784451427
652,Q,Y,Q652Y,0.0575699321869702
653,Y,A,Y653A,0.1753019798982821
653,Y,C,Y653C,0.2054976992007767
653,Y,D,Y653D,0.1319818660692677
653,Y,E,Y653E,0.0465866432550255
653,Y,F,Y653F,0.1160291535480747
653,Y,G,Y653G,0.1409693630419004
653,Y,H,Y653H,0.0803221118915006
653,Y,I,Y653I,0.1882333797529685
653,Y,K,Y653K,0.1483788447565998
653,Y,L,Y653L,0.11923589246791
653,Y,M,Y653M,0.1329006720755647
653,Y,N,Y653N,0.1659163841123775
653,Y,P,Y653P,0
653,Y,Q,Y653Q,0.1010709312182127
653,Y,R,Y653R,0.1255403850811336
653,Y,S,Y653S,0.291586945991766
653,Y,T,Y653T,0.3195439271009934
653,Y,V,Y653V,0.1632258113344638
653,Y,W,Y653W,0.0869043654637942
654,Q,A,Q654A,0.0400467728263488
654,Q,C,Q654C,0.0556460402034377
654,Q,D,Q654D,0.0544494732380722
654,Q,E,Q654E,0.0663167534511975
654,Q,F,Q654F,0.0051586340518271
654,Q,G,Q654G,0.0797196657786376
654,Q,H,Q654H,0.0403767558730928
654,Q,I,Q654I,0.0222806672317752
654,Q,K,Q654K,0.0202856321143134
654,Q,L,Q654L,0
654,Q,M,Q654M,0.010437605957859
654,Q,N,Q654N,0.0368021918139985
654,Q,P,Q654P,0.0368324654880116
654,Q,R,Q654R,0.0136420743521419
654,Q,S,Q654S,0.0244467486074096
654,Q,T,Q654T,0.0601568176313878
654,Q,V,Q654V,0.0356888774521676
654,Q,W,Q654W,0.018664476870913
654,Q,Y,Q654Y,0.0303327076774037
655,P,A,P655A,0.0806785844030046
655,P,C,P655C,0.0933829317025915
655,P,D,P655D,0.0138615584887396
655,P,E,P655E,0.0053902276580285
655,P,F,P655F,0.0555726265439574
655,P,G,P655G,0.0506811576652957
655,P,H,P655H,0.0223124545894904
655,P,I,P655I,0.115839943085493
655,P,K,P655K,0.0362391014773567
655,P,L,P655L,0.1127474872850584
655,P,M,P655M,0.0859310668442737
655,P,N,P655N,0
655,P,Q,P655Q,0.0197399491402276
655,P,R,P655R,0.0468152094938242
655,P,S,P655S,0.043756054734804
655,P,T,P655T,0.1005108682489708
655,P,V,P655V,0.1202190300314847
655,P,W,P655W,0.0482721300557036
655,P,Y,P655Y,0.0487792140954241
656,F,A,F656A,0.0149438423347043
656,F,C,F656C,0.0264077258416081
656,F,D,F656D,0.0200237648341002
656,F,E,F656E,0.0124545894889789
656,F,G,F656G,0.0407816662630177
656,F,H,F656H,0.0045887321385323
656,F,I,F656I,0.0124878905303947
656,F,K,F656K,0.0055817086461613
656,F,L,F656L,0.0054802918382174
656,F,M,F656M,0.0180415960280939
656,F,N,F656N,0.0278525369338823
656,F,P,F656P,0.0577826047469121
656,F,Q,F656Q,0.0111475236134657
656,F,R,F656R,0.0067767619278261
656,F,S,F656S,0.0009649733591654
656,F,T,F656T,0.0180915475902155
656,F,V,F656V,0
656,F,W,F656W,0.0188741220634522
656,F,Y,F656Y,0.0311077137321385
657,N,A,N657A,0.0375605473480262
657,N,C,N657C,0.0174240130782271
657,N,D,N657D,0.0290347239040916
657,N,E,N657E,0.0449314301283604
657,N,F,N657F,0
657,N,G,N657G,0.0038417292322596
657,N,H,N657H,0.0177426434972148
657,N,I,N657I,0.016451471300557
657,N,K,N657K,0.0175829498667958
657,N,L,N657L,0.0225932429159589
657,N,M,N657M,0.0283187515136837
657,N,P,N657P,0.0861709857108259
657,N,Q,N657Q,0.0128451198837477
657,N,R,N657R,0.0193827197868719
657,N,S,N657S,0.0237277488496004
657,N,T,N657T,0.0229413901671107
657,N,V,N657V,0.0307535117461855
657,N,W,N657W,0.004106623879874
657,N,Y,N657Y,0.0248751210946946
658,K,A,K658A,0.0142770646645677
658,K,C,K658C,0.0015757447323807
658,K,D,K658D,0.0413485408089126
658,K,E,K658E,0.0086718939210448
658,K,F,K658F,0.0026232138532318
658,K,G,K658G,0.0141983531121337
658,K,H,K658H,0.0065512230564301
658,K,I,K658I,0.0188430915475888
658,K,L,K658L,0.0193796924194706
658,K,M,K658M,0.0098707314119627
658,K,N,K658N,0.036555461370792
658,K,P,K658P,0.04030409905546
658,K,Q,K658Q,0.0078953741826094
658,K,R,K658R,0.0044267679825609
658,K,S,K658S,0.0183223843545638
658,K,T,K658T,0.0218242915960281
658,K,V,K658V,0.0209054855897297
658,K,W,K658W,0
658,K,Y,K658Y,0.0305756539113587
659,R,A,R659A,0
659,R,C,R659C,0.0009498365221589
659,R,D,R659D,0.0322127028336145
659,R,E,R659E,0.0293843848389426
659,R,F,R659F,0.0170153184790492
659,R,G,R659G,0.0513206890288206
659,R,H,R659H,0.0151996548801148
659,R,I,R659I,0.0023984318236861
659,R,K,R659K,0.0198345543715185
659,R,L,R659L,0.0235710825865813
659,R,M,R659M,0.0166573322838445
659,R,N,R659N,0.0220445325744732
659,R,P,R659P,0.0242953802373456
659,R,Q,R659Q,0.0230957859045774
659,R,S,R659S,0.0379071809154759
659,R,T,R659T,0.0423225962702834
659,R,V,R659V,0.0170584584645178
659,R,W,R659W,0.0165498607410995
659,R,Y,R659Y,0.0269155667231775
660,W,A,W660A,0.1030129874061517
660,W,C,W660C,0.094708161782514
660,W,D,W660D,0.0658058852022282
660,W,E,W660E,0.1061205800435942
660,W,F,W660F,0
660,W,G,W660G,0.0990615161055933
660,W,H,W660H,0.0779986074109955
660,W,I,W660I,0.1122502421893922
660,W,K,W660K,0.1128186304189878
660,W,L,W660L,0.077377240251877
660,W,M,W660M,0.0703007689513186
660,W,N,W660N,0.0910473177524811
660,W,P,W660P,0.1159731472511505
660,W,Q,W660Q,0.0926737708888352
660,W,R,W660R,0.1312605957859033
660,W,S,W660S,0.0883136049891016
660,W,T,W660T,0.0956481593606187
660,W,V,W660V,0.1142838762412193
660,W,Y,W660Y,0.0340245822232986
661,Q,A,Q661A,0.0196317207556309
661,Q,C,Q661C,0.0177630782271736
661,Q,D,Q661D,0.0260648764834114
661,Q,E,Q661E,0.065826319932187
661,Q,F,Q661F,0.0700850690239782
661,Q,G,Q661G,0.0426548498425769
661,Q,H,Q661H,0.0525914264955209
661,Q,I,Q661I,0
661,Q,K,Q661K,0.0076335069023976
661,Q,L,Q661L,0.0091850326955693
661,Q,M,Q661M,0.0271244550738678
661,Q,N,Q661N,0.0194152639864388
661,Q,P,Q661P,0.007992249939454
661,Q,R,Q661R,0.0150149854686364
661,Q,S,Q661S,0.0751059578590472
661,Q,T,Q661T,0.0407809094211674
661,Q,V,Q661V,0.0019064846209736
661,Q,W,Q661W,0.0851583313150885
661,Q,Y,Q661Y,0.0595770767740373
662,F,A,F662A,0.0210962097360121
662,F,C,F662C,0.0224199261322354
662,F,D,F662D,0.016576350205861
662,F,E,F662E,0.0179780213126651
662,F,G,F662G,0.0283762714943085
662,F,H,F662H,0.0317056187938954
662,F,I,F662I,0.0214784148704287
662,F,K,F662K,0.0166997154274643
662,F,L,F662L,0.0136443448776943
662,F,M,F662M,0
662,F,N,F662N,0.0211688665536435
662,F,P,F662P,0.0136844574957602
662,F,Q,F662Q,0.0214655485589717
662,F,R,F662R,0.0113026761927813
662,F,S,F662S,0.0188468757568418
662,F,T,F662T,0.0391052615645421
662,F,V,F662V,0.0097405546137065
662,F,W,F662W,0.0161033240494066
662,F,Y,F662Y,0.0353672196657786
663,L,A,L663A,0.075205860983289
663,L,C,L663C,0.0568569871639637
663,L,D,L663D,0.0713134233470575
663,L,E,L663E,0.0464231654153562
663,L,F,L663F,0.0463701864858333
663,L,G,L663G,0.083675678130298
663,L,H,L663H,0.0469726325986936
663,L,I,L663I,0.0476537902639879
663,L,K,L663K,0.0647152760959085
663,L,M,L663M,0.0054696960523129
663,L,N,L663N,0.0444251029304931
663,L,P,L663P,0.1007621397432808
663,L,Q,L663Q,0.0359098752724631
663,L,R,L663R,0.0420501332041671
663,L,S,L663S,0.0605904880116265
663,L,T,L663T,0.0413432429159617
663,L,V,L663V,0.0359310668442736
663,L,W,L663W,0
663,L,Y,L663Y,0.0495837369823202
664,N,A,N664A,0.0310131085008477
664,N,C,N664C,0.0364464761443435
664,N,D,N664D,0.0164597965609106
664,N,E,N664E,0.0061614495035103
664,N,F,N664F,0.0314831072898993
664,N,G,N664G,0.014872699200775
664,N,H,N664H,0.0408316178251379
664,N,I,N664I,0.0474668503269557
664,N,K,N664K,0.0440247335916673
664,N,L,N664L,0.0066375030273674
664,N,M,N664M,0.0226553039476871
664,N,P,N664P,0
664,N,Q,N664Q,0.021665354807458
664,N,R,N664R,0.0431891801889063
664,N,S,N664S,0.0099433882295941
664,N,T,N664T,0.0442427040445629
664,N,V,N664V,0.0440307883264699
664,N,W,N664W,0.0059457495761671
664,N,Y,N664Y,0.0262805764107518
665,G,A,G665A,0.0218674315814953
665,G,C,G665C,0.0760951501574218
665,G,D,G665D,0.0078567752482427
665,G,E,G665E,0.0115478929522872
665,G,F,G665F,0.0395752603535965
665,G,H,G665H,0.0572694659723904
665,G,I,G665I,0.0300572172438847
665,G,K,G665K,0.0051601477355291
665,G,L,G665L,0.0283323746669882
665,G,M,G665M,0.0311160389924921
665,G,N,G665N,0.01958328287721
665,G,P,G665P,0.0574511080164675
665,G,Q,G665Q,0.0252974388471785
665,G,R,G665R,0
665,G,S,G665S,0.0381819145071432
665,G,T,G665T,0.0044691511261792
665,G,V,G665V,0.0166210038750288
665,G,W,G665W,0.0595437757326215
665,G,Y,G665Y,0.030580951804311
666,V,A,V666A,0.0152541474933398
666,V,C,V666C,0.0005721724388471
666,V,D,V666D,0.1167920501332043
666,V,E,V666E,0.0335954528941632
666,V,F,V666F,0.0373849600387503
666,V,G,V666G,0.0202152458222344
666,V,H,V666H,0.0584637624122064
666,V,I,V666I,0.0005154093000726
666,V,K,V666K,0.0569387260837976
666,V,L,V666L,0.0148969181399854
666,V,M,V666M,0
666,V,N,V666N,0.1206912993460888
666,V,P,V666P,0.0244482622911116
666,V,Q,V666Q,0.0349623092758551
666,V,R,V666R,0.0837104928554144
666,V,S,V666S,0.0170251574231048
666,V,T,V666T,0.0171023552918396
666,V,W,V666W,0.0275581254541065
666,V,Y,V666Y,0.0530803463308307
667,P,A,P667A,0.0071468575926374
667,P,C,P667C,0.0269518951319932
667,P,D,P667D,0.0244755085977248
667,P,E,P667E,0.0220082041656575
667,P,F,P667F,0.0381289355776217
667,P,G,P667G,0.2023537781545185
667,P,H,P667H,0.0374894042140954
667,P,I,P667I,0.0277163054008234
667,P,K,P667K,0.0087256296924208
667,P,L,P667L,0.0185456527004131
667,P,M,P667M,0.0315565209493838
667,P,N,P667N,0
667,P,Q,P667Q,0.0193410934851067
667,P,R,P667R,0.0304681823686137
667,P,S,P667S,0.0040536449503511
667,P,T,P667T,0.017085704771131
667,P,V,P667V,0.0296606321143148
667,P,W,P667W,0.0542988617098571
667,P,Y,P667Y,0.0538992492128845
668,E,A,E668A,0.0222352567207556
668,E,C,E668C,0.0212876907241463
668,E,D,E668D,0.0308723359166868
668,E,F,E668F,0.031674588278032
668,E,G,E668G,0.0088209917655606
668,E,H,E668H,0.0460174981835782
668,E,I,E668I,0.0127815451683216
668,E,K,E668K,0.0165952712521191
668,E,L,E668L,0.0109719363041898
668,E,M,E668M,0.0221913598934367
668,E,N,E668N,0
668,E,P,E668P,0.1183413054008236
668,E,Q,E668Q,0.0177010171954468
668,E,R,E668R,0.0303652518769678
668,E,S,E668S,0.0083653729716638
668,E,T,E668T,0.0057391317510293
668,E,V,E668V,0.0048543836279956
668,E,W,E668W,0.0397879329135384
668,E,Y,E668Y,0.0133007386776445
669,K,A,K669A,0.0159754177767014
669,K,C,K669C,0.016416656575442
669,K,D,K669D,0.0249349116008719
669,K,E,K669E,0.0149135686606912
669,K,F,K669F,0.0324178069750531
669,K,G,K669G,0.0172469120852506
669,K,H,K669H,0.0259785965124713
669,K,I,K669I,0.0268807519980625
669,K,L,K669L,0.0136920259142649
669,K,M,K669M,0.0417716154032453
669,K,N,K669N,0.0054227718575912
669,K,P,K669P,0
669,K,Q,K669Q,0.0208623456042611
669,K,R,K669R,0.0413894102688302
669,K,S,K669S,0.0234636110438349
669,K,T,K669T,0.0288220513441497
669,K,V,K669V,0.0396562424315815
669,K,W,K669W,0.0362383446355036
669,K,Y,K669Y,0.0381796439815936
670,K,A,K670A,0.0319092092516348
670,K,C,K670C,0.0198565027851766
670,K,D,K670D,0.0641052615645421
670,K,E,K670E,0.045293957374667
670,K,F,K670F,0.0383120913054008
670,K,G,K670G,0.0187605957859046
670,K,H,K670H,0.0522440360862195
670,K,I,K670I,0.0280190421409528
670,K,L,K670L,0.0156287842092516
670,K,M,K670M,0
670,K,N,K670N,0.0481911479777186
670,K,P,K670P,0.0792935638169035
670,K,Q,K670Q,0.0225879450230066
670,K,R,K670R,0.0093795410511019
670,K,S,K670S,0.0282642589004587
670,K,T,K670T,0.033152700411722
670,K,V,K670V,0.0453340699927329
670,K,W,K670W,0.1301336582707679
670,K,Y,K670Y,0.0459380297892952
671,M,A,M671A,0.0360476204892212
671,M,C,M671C,0.0152753390651475
671,M,D,M671D,0.0450222511503996
671,M,E,M671E,0.0259044260111393
671,M,F,M671F,0.0063718515379026
671,M,G,M671G,0.0439180188907726
671,M,H,M671H,0.0285352082828758
671,M,I,M671I,0
671,M,K,M671K,0.0073837490917883
671,M,L,M671L,0.0354565270041158
671,M,N,M671N,0.0361672015015742
671,M,P,M671P,0.0237875393557748
671,M,Q,M671Q,0.0262147311697748
671,M,R,M671R,0.0308208706708646
671,M,S,M671S,0.0324064543472982
671,M,T,M671T,0.0219279789295229
671,M,V,M671V,0.0255979050617583
671,M,W,M671W,0.0187144284330332
671,M,Y,M671Y,0.0191079861952032
672,N,A,N672A,0.0198784511988375
672,N,C,N672C,0.0230034511988375
672,N,D,N672D,0.0278555643012836
672,N,E,N672E,0.0037357713732124
672,N,F,N672F,0.0288447565996595
672,N,G,N672G,0.0006001755873078
672,N,H,N672H,0
672,N,I,N672I,0.0240350266408317
672,N,K,N672K,0.0052850266408331
672,N,L,N672L,0.018339034875271
672,N,M,N672M,0.0120701138290128
672,N,P,N672P,0.0535291535480746
672,N,Q,N672Q,0.0052706466456769
672,N,R,N672R,0.0087945023007992
672,N,S,N672S,0.0074654880116251
672,N,T,N672T,0.0187227536933882
672,N,V,N672V,0.0294608258658271
672,N,W,N672W,0.0076130721724388
672,N,Y,N672Y,0.0114267982562363
673,F,A,F673A,0.0352090397190617
673,F,C,F673C,0.0362285056914521
673,F,D,F673D,0.0471520041172197
673,F,E,F673E,0.0366114676677176
673,F,G,F673G,0.0212982865100508
673,F,H,F673H,0.0038054008234439
673,F,I,F673I,0.0247525127149445
673,F,K,F673K,0.0742030455316058
673,F,L,F673L,0.0206587551465246
673,F,M,F673M,0
673,F,N,F673N,0.0325782574473252
673,F,P,F673P,0.0418457859045788
673,F,Q,F673Q,0.0052827561152821
673,F,R,F673R,0.0775255812545425
673,F,S,F673S,0.0359076047469121
673,F,T,F673T,0.0374273431823686
673,F,V,F673V,0.0340041474933412
673,F,W,F673W,0.0270714761443463
673,F,Y,F673Y,0.0293624364252846
674,G,A,G674A,0.0330845846451925
674,G,C,G674C,0.0183844453862921
674,G,D,G674D,0.0361422257205134
674,G,E,G674E,0.0245837369823187
674,G,F,G674F,0.0431959917655593
674,G,H,G674H,0.0079158089125696
674,G,I,G674I,0.0725712945022994
674,G,K,G674K,0.0133802070719302
674,G,L,G674L,0.1038212945023009
674,G,M,G674M,0.0518497214821977
674,G,N,G674N,0.0189861346573006
674,G,P,G674P,0.1205550678130285
674,G,Q,G674Q,0.0109159300072642
674,G,R,G674R,0
674,G,S,G674S,0.0021766771615403
674,G,T,G674T,0.0265303342213611
674,G,V,G674V,0.0748902579317012
674,G,W,G674W,0.0310100811334449
674,G,Y,G674Y,0.0515870973601357
675,A,C,A675C,0.0026269980624848
675,A,D,A675D,0.0844408452409799
675,A,E,A675E,0.0492893255025444
675,A,F,A675F,0.0017498183579573
675,A,G,A675G,0.0780326652942616
675,A,H,A675H,0.0496700169532589
675,A,I,A675I,0.0127134294017922
675,A,K,A675K,0.0548566541535495
675,A,L,A675L,0.0191927524824427
675,A,M,A675M,0.0209160813756371
675,A,N,A675N,0.0758544744490206
675,A,P,A675P,0.0298188120610317
675,A,Q,A675Q,0.011275429886171
675,A,R,A675R,0.0255169229837747
675,A,S,A675S,0.0926094393315588
675,A,T,A675T,0.0200048437878435
675,A,V,A675V,0.0327409784451441
675,A,W,A675W,0
675,A,Y,A675Y,0.0168321627512729
676,A,C,A676C,0.0075616069266152
676,A,D,A676D,0.0234000363284074
676,A,E,A676E,0.025351931460402
676,A,F,A676F,0.0233780879147493
676,A,G,A676G,0.0448020101719545
676,A,H,A676H,0.0135527670138034
676,A,I,A676I,0.1063188726083785
676,A,K,A676K,0.0319402397674982
676,A,L,A676L,0.0685933337369824
676,A,M,A676M,0.0007235408089125
676,A,N,A676N,0.0131463429401778
676,A,P,A676P,0.043675829498668
676,A,Q,A676Q,0.0215117159118416
676,A,R,A676R,0.0098177524824398
676,A,S,A676S,0.0077659542262049
676,A,T,A676T,0
676,A,V,A676V,0.0785261261806734
676,A,W,A676W,0.0532249031242418
676,A,Y,A676Y,0.0891771615403232
677,T,A,T677A,0.0114510171954454
677,T,C,T677C,0.0400392044078469
677,T,D,T677D,0.0222352567207542
677,T,E,T677E,0.0058693085492855
677,T,F,T677F,0.0173733046742552
677,T,G,T677G,0.0279433579559215
677,T,H,T677H,0.0480163175102931
677,T,I,T677I,0.0595732925647857
677,T,K,T677K,0.0188468757568418
677,T,L,T677L,0.0192252966820039
677,T,M,T677M,0.0521569992734304
677,T,N,T677N,0.0220187999515607
677,T,P,T677P,0
677,T,Q,T677Q,0.0327674679099055
677,T,R,T677R,0.0272561455558246
677,T,S,T677S,0.0472965609106321
677,T,V,T677V,0.033905001210947
677,T,W,T677W,0.0339208948898024
677,T,Y,T677Y,0.0740554613707906
678,L,A,L678A,0.0008363102446112
678,L,C,L678C,0.0095240978445158
678,L,D,L678D,0.0946952954710599
678,L,E,L678E,0.0455929099055476
678,L,F,L678F,0.050444266166142
678,L,G,L678G,0.0246647190603051
678,L,H,L678H,0.0211068055219195
678,L,I,L678I,0.018030243400339
678,L,K,L678K,0.0391491583918639
678,L,M,L678M,0.0080558246548815
678,L,N,L678N,0.1413962218454833
678,L,P,L678P,0
678,L,Q,L678Q,0.0306172802131281
678,L,R,L678R,0.0363556551223071
678,L,S,L678S,0.0166406817631402
678,L,T,L678T,0.0337483349479307
678,L,V,L678V,0.0107055279728762
678,L,W,L678W,0.0067585977234211
678,L,Y,L678Y,0.0222927767013805
679,S,A,S679A,0.0086007507871169
679,S,C,S679C,0.0083479656091063
679,S,D,S679D,0.0152034390893693
679,S,E,S679E,0.011320840397192
679,S,F,S679F,0.0142172741583932
679,S,G,S679G,0.0442843303463323
679,S,H,S679H,0.0290922438847193
679,S,I,S679I,0.0149559518043124
679,S,K,S679K,0.0350039355776217
679,S,L,S679L,0.0042133385807701
679,S,M,S679M,0.0127830588520223
679,S,N,S679N,0.0258537176071688
679,S,P,S679P,0.0475410208282877
679,S,Q,S679Q,0.0335992371034163
679,S,R,S679R,0.0198383385807716
679,S,T,S679T,0.0208615887624136
679,S,V,S679V,0.0249000968757568
679,S,W,S679W,0
679,S,Y,S679Y,0.0226553039476871
680,D,A,D680A,0.0115191329619776
680,D,C,D680C,0
680,D,E,D680E,0.0204430552191828
680,D,F,D680F,0.0149960644223783
680,D,G,D680G,0.0159406030515877
680,D,H,D680H,0.0079407846936304
680,D,I,D680I,0.036430582465488
680,D,K,D680K,0.0166936606926616
680,D,L,D680L,0.0071559396948427
680,D,M,D680M,0.012549951562123
680,D,N,D680N,0.0162365282150656
680,D,P,D680P,0.0061599358198125
680,D,Q,D680Q,0.0093341305400837
680,D,R,D680R,0.0154683337369837
680,D,S,D680S,0.0093114252845739
680,D,T,D680T,0.0444235892467924
680,D,V,D680V,0.0225220997820309
680,D,W,D680W,0.025636503996125
680,D,Y,D680Y,0.0229126301767982
681,S,A,S681A,0.036155092031969
681,S,C,S681C,0.0268459372729488
681,S,D,S681D,0.0316306914507159
681,S,E,S681E,0.0870648159360621
681,S,F,S681F,0.1206829740857366
681,S,G,S681G,0.0402087369823202
681,S,H,S681H,0.052182731896343
681,S,I,S681I,0.1221792504238316
681,S,K,S681K,0.0716487042867537
681,S,L,S681L,0.1167034996367174
681,S,M,S681M,0.1404774158391878
681,S,N,S681N,0.0191185819811106
681,S,P,S681P,0
681,S,Q,S681Q,0.0598601356260596
681,S,R,S681R,0.0663939513199336
681,S,T,S681T,0.063299981835797
681,S,V,S681V,0.0982819689997593
681,S,W,S681W,0.1356154637926875
681,S,Y,S681Y,0.1029713611043837
682,Y,A,Y682A,0.1338149370307568
682,Y,C,Y682C,0.1641673225962705
682,Y,D,Y682D,0.0660374788084268
682,Y,E,Y682E,0.2218757568418492
682,Y,F,Y682F,0.0787842092516348
682,Y,G,Y682G,0.0897077076774024
682,Y,H,Y682H,0.0418896827318949
682,Y,I,Y682I,0.2361520646645666
682,Y,K,Y682K,0.1005267619278263
682,Y,L,Y682L,0.0929689392104627
682,Y,M,Y682M,0.1240653003148449
682,Y,N,Y682N,0.0123955558246534
682,Y,P,Y682P,0.1296598752724632
682,Y,Q,Y682Q,0.0517263562605944
682,Y,R,Y682R,0.0888517195446826
682,Y,S,Y682S,0.1129253451198825
682,Y,T,Y682T,0.1240592455800423
682,Y,V,Y682V,0.2261329922499383
682,Y,W,Y682W,0
683,I,A,I683A,0.0541997154274643
683,I,C,I683C,0.0383067934124485
683,I,D,I683D,0.0624530758052798
683,I,E,I683E,0.0678970392346816
683,I,F,I683F,0.0286570598207813
683,I,G,I683G,0.0508075502543003
683,I,H,I683H,0.0248312242673785
683,I,K,I683K,0.1039317934124501
683,I,L,I683L,0.0619240433519026
683,I,M,I683M,0.0461590276095921
683,I,N,I683N,0.0679954286752241
683,I,P,I683P,0.1806036570598224
683,I,Q,I683Q,0.0917572354080892
683,I,R,I683R,0.0623372790021797
683,I,S,I683S,0.1105261564543488
683,I,T,I683T,0.0366848813271993
683,I,V,I683V,0
683,I,W,I683W,0.0535003935577636
683,I,Y,I683Y,0.0462248728505706
684,I,A,I684A,0.0337354686364723
684,I,C,I684C,0.0364631266650521
684,I,D,I684D,0.0919570416565741
684,I,E,I684E,0.0721187030758053
684,I,F,I684F,0.0349554976992008
684,I,G,I684G,0.0588209917655607
684,I,H,I684H,0.0497850569145072
684,I,K,I684K,0.0820742007750047
684,I,L,I684L,0.0336287539355762
684,I,M,I684M,0
684,I,N,I684N,0.0305075381448293
684,I,P,I684P,0.0631289355776203
684,I,Q,I684Q,0.0234409057883265
684,I,R,I684R,0.0509445386292067
684,I,S,I684S,0.025588066117704
684,I,T,I684T,0.0712120065391122
684,I,V,I684V,0.0227711007507871
684,I,W,I684W,0.04666989585856
684,I,Y,I684Y,0.0585500423831437
685,T,A,T685A,0.0399665475902156
685,T,C,T685C,0.1125249757810595
685,T,D,T685D,0.0218871094696038
685,T,E,T685E,0.0326683216275113
685,T,F,T685F,0.0416913901671093
685,T,G,T685G,0.1993544139016713
685,T,H,T685H,0.0154955800435927
685,T,I,T685I,0.0237330467425527
685,T,K,T685K,0.0710560971179449
685,T,L,T685L,0.0133204165657544
685,T,M,T685M,0.0189974872850569
685,T,N,T685N,0.0346058367643483
685,T,P,T685P,0.0274771433761187
685,T,Q,T685Q,0.0327197868733349
685,T,R,T685R,0.0610165899733578
685,T,S,T685S,0.038327228142406
685,T,V,T685V,0
685,T,W,T685W,0.0519284330346331
685,T,Y,T685Y,0.0216986558488738
686,G,A,G686A,0.0520510414143847
686,G,C,G686C,0.603899249212884
686,G,D,G686D,0
686,G,E,G686E,0.0158830830709615
686,G,F,G686F,0.5693698534754186
686,G,H,G686H,0.022496367159117
686,G,I,G686I,0.1872820295471061
686,G,K,G686K,0.0403305885202228
686,G,L,G686L,0.1977922923225965
686,G,M,G686M,0.2683238980382663
686,G,N,G686N,0.0250908210220392
686,G,P,G686P,0.0089110559457495
686,G,Q,G686Q,0.025706133446355
686,G,R,G686R,0.0177539961249683
686,G,S,G686S,0.0046969605231276
686,G,T,G686T,0.5667413417292316
686,G,V,G686V,0.2901239706950839
686,G,W,G686W,0.4624318842334712
686,G,Y,G686Y,0.3023787539355766
687,G,A,G687A,0.089479898280454
687,G,C,G687C,0.0722882356502772
687,G,D,G687D,0.1233372184548318
687,G,E,G687E,0.1530190421409544
687,G,F,G687F,0.0462203317994658
687,G,H,G687H,0.0393799951562108
687,G,I,G687I,0.065002119157181
687,G,K,G687K,0.054076350205861
687,G,L,G687L,0
687,G,M,G687M,0.1458373698232019
687,G,N,G687N,0.1239782635020573
687,G,P,G687P,0.1156007810607882
687,G,Q,G687Q,0.0879752966820054
687,G,R,G687R,0.0357872668927087
687,G,S,G687S,0.095779849842577
687,G,T,G687T,0.0519571930249455
687,G,V,G687V,0.0842387684669398
687,G,W,G687W,0.1184412085250667
687,G,Y,G687Y,0.1052229656091064
688,E,A,E688A,0.029782483652216
688,E,C,E688C,0.0154857410995384
688,E,D,E688D,0.033144375151367
688,E,F,E688F,0.0198943448776943
688,E,G,E688G,0.0285178009203197
688,E,H,E688H,0.0306097117946234
688,E,I,E688I,0.026218515379025
688,E,K,E688K,0
688,E,L,E688L,0.0216941147977718
688,E,M,E688M,0.0282180915475888
688,E,N,E688N,0.0289068176313863
688,E,P,E688P,0.0131516408331315
688,E,Q,E688Q,0.0130827682247517
688,E,R,E688R,0.0237724025187683
688,E,S,E688S,0.0272432792443691
688,E,T,E688T,0.0483591668684912
688,E,V,E688V,0.0341941147977719
688,E,W,E688W,0.0570931218212643
688,E,Y,E688Y,0.0397796076531848
689,N,A,N689A,0.0218538084281908
689,N,C,N689C,0.0524506539113601
689,N,D,N689D,0.0069387260837975
689,N,E,N689E,0.059383325260355
689,N,F,N689F,0.0251861830951818
689,N,G,N689G,0.024538326471302
689,N,H,N689H,0.0056846391378057
689,N,I,N689I,0.0066708040687832
689,N,K,N689K,0
689,N,L,N689L,0.0114525308791475
689,N,M,N689M,0.039087097360137
689,N,P,N689P,0.0289317934124499
689,N,Q,N689Q,0.0413054008234454
689,N,R,N689R,0.0183836885444431
689,N,S,N689S,0.0672453984015515
689,N,T,N689T,0.0462210886413189
689,N,V,N689V,0.0112073141196415
689,N,W,N689W,0.0096951441026883
689,N,Y,N689Y,0.0029206527004131
690,G,A,G690A,0.0367840276095907
690,G,C,G690C,0.0160397493339777
690,G,D,G690D,0.025113526277549
690,G,E,G690E,0.0245913054008234
690,G,F,G690F,0.0169903426979898
690,G,H,G690H,0.0277208464519254
690,G,I,G690I,0.0317298377331059
690,G,K,G690K,0.0126279062727052
690,G,L,G690L,0.0195499818357942
690,G,M,G690M,0.0056097117946234
690,G,N,G690N,0.0170804068781787
690,G,P,G690P,0.0605488617098571
690,G,Q,G690Q,0.0210999939452638
690,G,R,G690R,0.0157226325986922
690,G,S,G690S,0
690,G,T,G690T,0.0256243945265197
690,G,V,G690V,0.014590397190603
690,G,W,G690W,0.0322581133446341
690,G,Y,G690Y,0.0141264531363512
691,E,A,E691A,0.0194182913538387
691,E,C,E691C,0.0095218273189634
691,E,D,E691D,0.017864495035116
691,E,F,E691F,0.0189490494066346
691,E,G,E691G,0.0138063090336629
691,E,H,E691H,0.0089042443690952
691,E,I,E691I,0.0222776398643739
691,E,K,E691K,0.0043155122305628
691,E,L,E691L,0.0290211007507871
691,E,M,E691M,0.0293684911600858
691,E,N,E691N,0.0133385807701608
691,E,P,E691P,0
691,E,Q,E691Q,0.0186811273916202
691,E,R,E691R,0.0314732683458464
691,E,S,E691S,0.025658452409783
691,E,T,E691T,0.046153729716637
691,E,V,E691V,0.0279395737466685
691,E,W,E691W,0.0279554674255268
691,E,Y,E691Y,0.0566238798740615
692,V,A,V692A,0.0799232562363769
692,V,C,V692C,0
692,V,D,V692D,0.0144450835553417
692,V,E,V692E,0.0203628299830481
692,V,F,V692F,0.0329195931218213
692,V,G,V692G,0.0254200472269314
692,V,H,V692H,0.0248849600387503
692,V,I,V692I,0.030057974085735
692,V,K,V692K,0.0924035783482684
692,V,L,V692L,0.0371480685395994
692,V,M,V692M,0.1188529304916446
692,V,N,V692N,0.0326857289900702
692,V,P,V692P,0.0732093121821279
692,V,Q,V692Q,0.0789514713005571
692,V,R,V692R,0.0549648825381463
692,V,S,V692S,0.0304257992249953
692,V,T,V692T,0.01752315936062
692,V,W,V692W,0.063893345846452
692,V,Y,V692Y,0.0658671893921047
693,L,A,L693A,0
693,L,C,L693C,0.0317025914264955
693,L,D,L693D,0.0159459009445386
693,L,E,L693E,0.0211484318236861
693,L,F,L693F,0.0171137079195931
693,L,G,L693G,0.0464799285541279
693,L,H,L693H,0.018339034875271
693,L,I,L693I,0.0033792988617098
693,L,K,L693K,0.0177078287720983
693,L,M,L693M,0.0120973601356246
693,L,N,L693N,0.027602779123273
693,L,P,L693P,0.0641635383870173
693,L,Q,L693Q,0.0105420501332027
693,L,R,L693R,0.0183208706708632
693,L,S,L693S,0.0099736619036072
693,L,T,L693T,0.0172136110438348
693,L,V,L693V,0.0151572717364979
693,L,W,L693W,0.0124439937030758
693,L,Y,L693Y,0.0043177827561152
694,N,A,N694A,0.0060471663841109
694,N,C,N694C,0.0096474630661163
694,N,D,N694D,0.0144571930249441
694,N,E,N694E,0.0010383870186485
694,N,F,N694F,0.0163008597723405
694,N,G,N694G,0.031724539840155
694,N,H,N694H,0.0078348268345846
694,N,I,N694I,0.0075351174618551
694,N,K,N694K,0.0467440663598935
694,N,L,N694L,0.0126392589004601
694,N,M,N694M,0.0035548861709857
694,N,P,N694P,0.0054787781545168
694,N,Q,N694Q,0.0073360680552191
694,N,R,N694R,0.038482380721723
694,N,S,N694S,0
694,N,T,N694T,0.0224782029547092
694,N,V,N694V,0.0165218575926374
694,N,W,N694W,0.0216933579559215
694,N,Y,N694Y,0.0075086279970937
695,S,A,S695A,0
695,S,C,S695C,0.0132205134415098
695,S,D,S695D,0.0341214579801391
695,S,E,S695E,0.042394496246063
695,S,F,S695F,0.0391241826108017
695,S,G,S695G,0.0060501937515136
695,S,H,S695H,0.0226424376362301
695,S,I,S695I,0.0226575744732381
695,S,K,S695K,0.0056831254541051
695,S,L,S695L,0.0590450169532561
695,S,M,S695M,0.0276292685880358
695,S,N,S695N,0.0271812182126409
695,S,P,S695P,0.1602627754904323
695,S,Q,S695Q,0.0282597178493568
695,S,R,S695R,0.0171084100266394
695,S,T,S695T,0.0347034693630419
695,S,V,S695V,0.0188082768224752
695,S,W,S695W,0.0363397614434474
695,S,Y,S695Y,0.0037539355776202
696,C,A,C696A,0.0021471603293775
696,C,D,C696D,0.0035473177524824
696,C,E,C696E,0.0211226992007736
696,C,F,C696F,0.0557368612254784
696,C,G,C696G,0.0324579195931218
696,C,H,C696H,0
696,C,I,C696I,0.0844491705013321
696,C,K,C696K,0.1045592153063683
696,C,L,C696L,0.0179469907968031
696,C,M,C696M,0.0563665536449504
696,C,N,C696N,0.063725326955678
696,C,P,C696P,0.1875325441995643
696,C,Q,C696Q,0.0218152094938242
696,C,R,C696R,0.0575517679825624
696,C,S,C696S,0.0127951683216261
696,C,T,C696T,0.0177479413901657
696,C,V,C696V,0.0477082828772086
696,C,W,C696W,0.0348381872124001
696,C,Y,C696Y,0.0083313150883977
697,H,A,H697A,0.0458638592879618
697,H,C,H697C,0.0207230867038024
697,H,D,H697D,0.0220074473238072
697,H,E,H697E,0.0479966396221832
697,H,F,H697F,0.0103679765076275
697,H,G,H697G,0.0754942177282636
697,H,I,H697I,0.0727014713005571
697,H,K,H697K,0.0313688241705013
697,H,L,H697L,0.0768966456769194
697,H,M,H697M,0.0376309336401066
697,H,N,H697N,0.0300511625090807
697,H,P,H697P,0.1442805461370794
697,H,Q,H697Q,0.0120375696294502
697,H,R,H697R,0.0347814240736256
697,H,S,H697S,0.047668927100993
697,H,T,H697T,0.0929840760474678
697,H,V,H697V,0.1179871034148691
697,H,W,H697W,0.0412796682005328
697,H,Y,H697Y,0
698,F,A,F698A,0.0213164507144601
698,F,C,F698C,0.0356979595543715
698,F,D,F698D,0.0107842395253102
698,F,E,F698E,0.0353770586098343
698,F,G,F698G,0.0066927524824426
698,F,H,F698H,0.0092758537176071
698,F,I,F698I,0.0298369762654396
698,F,K,F698K,0.0463520222814241
698,F,L,F698L,0.0115032392831208
698,F,M,F698M,0.0068244429643995
698,F,N,F698N,0.0049951562121593
698,F,P,F698P,0.0610604868006796
698,F,Q,F698Q,0.017730534027611
698,F,R,F698R,0.0428735771373228
698,F,S,F698S,0.0228316480988133
698,F,T,F698T,0.0295327258416095
698,F,V,F698V,0.0230715669653669
698,F,W,F698W,0.0102635323322852
698,F,Y,F698Y,0
699,F,A,F699A,0.0701789174134173
699,F,C,F699C,0.1053372487285058
699,F,D,F699D,0.124132659239524
699,F,E,F699E,0.0522796076531834
699,F,G,F699G,0.102698898038266
699,F,H,F699H,0.0375075684185033
699,F,I,F699I,0.0536540324533786
699,F,K,F699K,0.0663091850326942
699,F,L,F699L,0.0276217001695326
699,F,M,F699M,0.0360915173165415
699,F,N,F699N,0.0764591910874304
699,F,P,F699P,0.0910465609106308
699,F,Q,F699Q,0.0495769254056658
699,F,R,F699R,0.0426866372002906
699,F,S,F699S,0.0759589186243629
699,F,T,F699T,0.0736278457253559
699,F,V,F699V,0.0613556551223057
699,F,W,F699W,0
699,F,Y,F699Y,0.0159390893678843
700,S,A,S700A,0.0374894042140954
700,S,C,S700C,0.0527829074836537
700,S,D,S700D,0.0283369157180915
700,S,E,S700E,0.0366243339791731
700,S,F,S700F,0.0279607653184805
700,S,G,S700G,0.0533073988859302
700,S,H,S700H,0.0535919714216518
700,S,I,S700I,0.0222625030273688
700,S,K,S700K,0.0592909905546152
700,S,L,S700L,0
700,S,M,S700M,0.0017271131024475
700,S,N,S700N,0.0594173831436183
700,S,P,S700P,0.0318834766287251
700,S,Q,S700Q,0.0447914143860499
700,S,R,S700R,0.0509415112618068
700,S,T,S700T,0.0544320658755161
700,S,V,S700V,0.0268580467425541
700,S,W,S700W,0.066664143860499
700,S,Y,S700Y,0.0406575441995641
701,P,A,P701A,0.0927494550738664
701,P,C,P701C,0.0847201198837492
701,P,D,P701D,0.0524733591668685
701,P,E,P701E,0.0583736982320161
701,P,F,P701F,0.110659360620005
701,P,G,P701G,0.0074670016953257
701,P,H,P701H,0
701,P,I,P701I,0.1106608743037042
701,P,K,P701K,0.1065913356744962
701,P,L,P701L,0.097190603051585
701,P,M,P701M,0.1055128360377802
701,P,N,P701N,0.0738791172196644
701,P,Q,P701Q,0.089276307822716
701,P,R,P701R,0.0858637079195932
701,P,S,P701S,0.0758847481230309
701,P,T,P701T,0.1145079014289175
701,P,V,P701V,0.0934745095664811
701,P,W,P701W,0.0789870428675225
701,P,Y,P701Y,0.0636322354080878
702,D,A,D702A,0.012447777912326
702,D,C,D702C,0.009129783240494
702,D,E,D702E,0.0713875938483895
702,D,F,D702F,0.0046856078953727
702,D,G,D702G,0.0175874909178978
702,D,H,D702H,0.00555900339065
702,D,I,D702I,0.0251059578590444
702,D,K,D702K,0.0359492310486787
702,D,L,D702L,0.0026625696294488
702,D,M,D702M,0.0198625575199806
702,D,N,D702N,0.0174603414870414
702,D,P,D702P,0.0418881690481957
702,D,Q,D702Q,0.0283505388713974
702,D,R,D702R,0.013328741826108
702,D,S,D702S,0.019180643012836
702,D,T,D702T,0
702,D,V,D702V,0.0085031181884233
702,D,W,D702W,0.0304931581496716
702,D,Y,D702Y,0.0088648885928796
703,T,A,T703A,0.0632454892225707
703,T,C,T703C,0.0330664204407847
703,T,D,T703D,0.0227695870670864
703,T,E,T703E,0.0037221482199079
703,T,F,T703F,0
703,T,G,T703G,0.0194447808185987
703,T,H,T703H,0.0705338762412193
703,T,I,T703I,0.0434518043109698
703,T,K,T703K,0.0404759021554842
703,T,L,T703L,0.0549936425284573
703,T,M,T703M,0.0279713611043822
703,T,N,T703N,0.0442638956163706
703,T,P,T703P,0.0739381508839913
703,T,Q,T703Q,0.00101870913054
703,T,R,T703R,0.0821037176071675
703,T,S,T703S,0.0446688060062955
703,T,V,T703V,0.0620330285783469
703,T,W,T703W,0.0246367159118416
703,T,Y,T703Y,0.0228891680794367
704,N,A,N704A,0.0212929886170986
704,N,C,N704C,0.0686160389924908
704,N,D,N704D,0.0057815148946476
704,N,E,N704E,0.0588088822959555
704,N,F,N704F,0.054783240494065
704,N,G,N704G,0.0336567570840397
704,N,H,N704H,0.0364343666747382
704,N,I,N704I,0.0640712036812774
704,N,K,N704K,0.0446975659966094
704,N,L,N704L,0.0925292140954227
704,N,M,N704M,0.0601848207798499
704,N,P,N704P,0
704,N,Q,N704Q,0.0473722450956634
704,N,R,N704R,0.0648280455316044
704,N,S,N704S,0.0209834403003134
704,N,T,N704T,0.0608190542504239
704,N,V,N704V,0.0506100145313636
704,N,W,N704W,0.0124250726568176
704,N,Y,N704Y,0.0658240494066346
705,E,A,E705A,0.0379132356502785
705,E,C,E705C,0.0241137381932657
705,E,D,E705D,0.0322581133446341
705,E,F,E705F,0.0461484318236861
705,E,G,E705G,0.0952205437151854
705,E,H,E705H,0.0225024218939196
705,E,I,E705I,0.0515590942116721
705,E,K,E705K,0.0524551949624607
705,E,L,E705L,0.0455724751755873
705,E,M,E705M,0.0296697142165173
705,E,N,E705N,0.0187030758052797
705,E,P,E705P,0.0809487769435685
705,E,Q,E705Q,0.0217183337369823
705,E,R,E705R,0.0498410632114314
705,E,S,E705S,0.0248577137321371
705,E,T,E705T,0.0290801344151126
705,E,V,E705V,0
705,E,W,E705W,0.018347360135626
705,E,Y,E705Y,0.0420236437394042
706,W,A,W706A,0.1268921046258175
706,W,C,W706C,0.1252482441269074
706,W,D,W706D,0.215383567449746
706,W,E,W706E,0.1468719726325975
706,W,F,W706F,0
706,W,G,W706G,0.0168306490675694
706,W,H,W706H,0.0929371518527489
706,W,I,W706I,0.1888804795349966
706,W,K,W706K,0.1433783906514882
706,W,L,W706L,0.1575426858803572
706,W,M,W706M,0.1072505449261323
706,W,N,W706N,0.1638396100750789
706,W,P,W706P,0.0650989949140228
706,W,Q,W706Q,0.1609182005328168
706,W,R,W706R,0.1428682792443679
706,W,S,W706S,0.1393429099055449
706,W,T,W706T,0.1690345725357217
706,W,V,W706V,0.1634301586340506
706,W,Y,W706Y,0.0030228263502044
707,Q,A,Q707A,0.0216918442722223
707,Q,C,Q707C,0.0262154880116251
707,Q,D,Q707D,0.0083184487769449
707,Q,E,Q707E,0.0127891135868249
707,Q,F,Q707F,0.0163689755388714
707,Q,G,Q707G,0.0383575018164204
707,Q,H,Q707H,0.0234424194720271
707,Q,I,Q707I,0.0061228505691464
707,Q,K,Q707K,0.0212786086219438
707,Q,L,Q707L,0.0292080406878193
707,Q,M,Q707M,0.0196332344393315
707,Q,N,Q707N,0.0286653850811348
707,Q,P,Q707P,0.024061516105596
707,Q,R,Q707R,0.0572671954468409
707,Q,S,Q707S,0.0122169411479777
707,Q,T,Q707T,0
707,Q,V,Q707V,0.0141166141922983
707,Q,W,Q707W,0.0096482199079694
707,Q,Y,Q707Y,0.0032862073141196
708,L,A,L708A,0.0311137684669397
708,L,C,L708C,0.0112943509324277
708,L,D,L708D,0.0599047892952275
708,L,E,L708E,0.0662032271736484
708,L,F,L708F,0.0129662145798
708,L,G,L708G,0.0356025974812289
708,L,H,L708H,0.0032309578590443
708,L,I,L708I,0.0111195204650036
708,L,K,L708K,0.0382303523855641
708,L,M,L708M,0.05521161298135
708,L,N,L708N,0.0372858137563575
708,L,P,L708P,0.0248410632114313
708,L,Q,L708Q,0.0520790445628482
708,L,R,L708R,0.0043881690481942
708,L,S,L708S,0.0344241947202713
708,L,T,L708T,0.0365834645192541
708,L,V,L708V,0
708,L,W,L708W,0.0046000847662872
708,L,Y,L708Y,0.016213066117704
709,G,A,G709A,0.0013229595543715
709,G,C,G709C,0.0575298195689043
709,G,D,G709D,0.0460886413175103
709,G,E,G709E,0.0191632356502799
709,G,F,G709F,0.0786941450714459
709,G,H,G709H,0
709,G,I,G709I,0.0874175042383158
709,G,K,G709K,0.0249205316057171
709,G,L,G709L,0.0984439331557279
709,G,M,G709M,0.0417057701622683
709,G,N,G709N,0.0608258658270768
709,G,P,G709P,0.0439937030758067
709,G,Q,G709Q,0.0119724812303235
709,G,R,G709R,0.0367431581496731
709,G,S,G709S,0.0228180249455074
709,G,T,G709T,0.0371306611770404
709,G,V,G709V,0.0371299043351915
709,G,W,G709W,0.0718227779123275
709,G,Y,G709Y,0.0346187030758067
710,P,A,P710A,0.0426911782513926
710,P,C,P710C,0.0131864555582465
710,P,D,P710D,0.1208555340276097
710,P,E,P710E,0.1337256296924182
710,P,F,P710F,0.5041437091305394
710,P,G,P710G,0.2883847481230312
710,P,H,P710H,0.0133544744490177
710,P,I,P710I,0.1674277972874776
710,P,K,P710K,0
710,P,L,P710L,0.3505366008718809
710,P,M,P710M,0.3879041535480737
710,P,N,P710N,0.0300292140954212
710,P,Q,P710Q,0.0475501029304917
710,P,R,P710R,0.0073549891014773
710,P,S,P710S,0.0270911540324534
710,P,T,P710T,0.0288508113344635
710,P,V,P710V,0.0244633991281168
710,P,W,P710W,0.3506259082102209
710,P,Y,P710Y,0.1444742976507631
711,S,A,S711A,0.0193948292564785
711,S,C,S711C,0.0428077318963415
711,S,D,S711D,0
711,S,E,S711E,0.0280758052797273
711,S,F,S711F,0.0265712036812773
711,S,G,S711G,0.0089504117219665
711,S,H,S711H,0.0171591184306113
711,S,I,S711I,0.0514735710825852
711,S,K,S711K,0.0288114555582465
711,S,L,S711L,0.0046629026398643
711,S,M,S711M,0.0289938544441739
711,S,N,S711N,0.0207064361830952
711,S,P,S711P,0.0409088156938712
711,S,Q,S711Q,0.029826380479535
711,S,R,S711R,0.0319924618551707
711,S,T,S711T,0.0589178675224011
711,S,V,S711V,0.0538954650036329
711,S,W,S711W,0.027524067570839
711,S,Y,S711Y,0.0281075926374411
712,L,A,L712A,0.1141461310244612
712,L,C,L712C,0.0333275308791461
712,L,D,L712D,0.0831746488253801
712,L,E,L712E,0.0902677706466458
712,L,F,L712F,0
712,L,G,L712G,0.0894761140712038
712,L,H,L712H,0.037699049406636
712,L,I,L712I,0.0313052494550725
712,L,K,L712K,0.039350478324048
712,L,M,L712M,0.0190527367401294
712,L,N,L712N,0.0272114918866554
712,L,P,L712P,0.0967713126665053
712,L,Q,L712Q,0.0453287720997806
712,L,R,L712R,0.035053130297893
712,L,S,L712S,0.1267475478324037
712,L,T,L712T,0.0641075320900931
712,L,V,L712V,0.0708161782513912
712,L,W,L712W,0.0394571930249455
712,L,Y,L712Y,0.0275013623153306
713,L,A,L713A,0.0268588035844016
713,L,C,L713C,0.0464125696294488
713,L,D,L713D,0.0394390288205377
713,L,E,L713E,0.0562636231533059
713,L,F,L713F,0.0423990372971664
713,L,G,L713G,0.0504457798498412
713,L,H,L713H,0.0145290930007265
713,L,I,L713I,0.0277533906514895
713,L,K,L713K,0.029061213368853
713,L,M,L713M,0.0056051707435214
713,L,N,L713N,0
713,L,P,L713P,0.0651981411964156
713,L,Q,L713Q,0.0357895374182597
713,L,R,L713R,0.0534428735771359
713,L,S,L713S,0.0441617219665765
713,L,T,L713T,0.0414022765802858
713,L,V,L713V,0.0302078287720998
713,L,W,L713W,0.0212808791474919
713,L,Y,L713Y,0.0414787176071674
714,V,A,V714A,0.0307474570113829
714,V,C,V714C,0.0223919229837747
714,V,D,V714D,0
714,V,E,V714E,0.0513562605957873
714,V,F,V714F,0.0092539053039491
714,V,G,V714G,0.074894798982806
714,V,H,V714H,0.0258764228626786
714,V,I,V714I,0.0285276398643739
714,V,K,V714K,0.0492825139258915
714,V,L,V714L,0.0161994429643995
714,V,M,V714M,0.0232380721724388
714,V,N,V714N,0.0288576229111179
714,V,P,V714P,0.2058602264470833
714,V,Q,V714Q,0.0405319084524112
714,V,R,V714R,0.0320378723661918
714,V,S,V714S,0.0411865766529426
714,V,T,V714T,0.0298876846694115
714,V,W,V714W,0.0047461552434017
714,V,Y,V714Y,0.0290438060062969
715,P,A,P715A,0.0208691571809155
715,P,C,P715C,0.0258771797045289
715,P,D,P715D,0.0217349842576909
715,P,E,P715E,0.0465737769435699
715,P,F,P715F,0.0383514470816178
715,P,G,P715G,0.0143224751755887
715,P,H,P715H,0.0336121034148718
715,P,I,P715I,0.0420819205618808
715,P,K,P715K,0.0416376543957389
715,P,L,P715L,0.0346376241220649
715,P,M,P715M,0.0259793533543245
715,P,N,P715N,0.0218901368370065
715,P,Q,P715Q,0.0441851840639394
715,P,R,P715R,0.0653608621942374
715,P,S,P715S,0
715,P,T,P715T,0.0314498062484863
715,P,V,P715V,0.0219484136594831
715,P,W,P715W,0.01819447808186
715,P,Y,P715Y,0.0315587914749334
716,R,A,R716A,0.0708820234923711
716,R,C,R716C,0.024085735044805
716,R,D,R716D,0.1087528759990314
716,R,E,R716E,0.0528502664083299
716,R,F,R716F,0.0551283603778155
716,R,G,R716G,0.1108372184548318
716,R,H,R716H,0.0444871639622185
716,R,I,R716I,0.003400490433519
716,R,K,R716K,0.03152776095907
716,R,L,R716L,0
716,R,M,R716M,0.0103331617825139
716,R,N,R716N,0.0425307277791233
716,R,P,R716P,0.1238367340760462
716,R,Q,R716Q,0.0099956103172667
716,R,S,R716S,0.0171106805521918
716,R,T,R716T,0.026902700411722
716,R,V,R716V,0.0418071869702107
716,R,W,R716W,0.0712702833615874
716,R,Y,R716Y,0.0360165899733592
717,F,A,F717A,0.0221489767498183
717,F,C,F717C,0.0241137381932685
717,F,D,F717D,0
717,F,E,F717E,0.0207276277549043
717,F,G,F717G,0.0102279607653199
717,F,H,F717H,0.0007984681520963
717,F,I,F717I,0.0267974993945279
717,F,K,F717K,0.0063347662872366
717,F,L,F717L,0.0071771312666519
717,F,M,F717M,0.0167322596270297
717,F,N,F717N,0.0208169350932443
717,F,P,F717P,0.0529403305885202
717,F,Q,F717Q,0.0221860620004844
717,F,R,F717R,0.0311826410753223
717,F,S,F717S,0.0409262230564315
717,F,T,F717T,0.0322490312424316
717,F,V,F717V,0.0347920198595316
717,F,W,F717W,0.0080679341244867
717,F,Y,F717Y,0.020606533058852
718,G,A,G718A,0.0087543896827319
718,G,C,G718C,0.0230193448776958
718,G,D,G718D,0
718,G,E,G718E,0.0038439997578106
718,G,F,G718F,0.0335893981593606
718,G,H,G718H,0.0218416989585856
718,G,I,G718I,0.0706496730443207
718,G,K,G718K,0.0442578408815708
718,G,L,G718L,0.031092576895132
718,G,M,G718M,0.0239207435214337
718,G,N,G718N,0.0465745337854202
718,G,P,G718P,0.2487421288447583
718,G,Q,G718Q,0.0146751634778411
718,G,R,G718R,0.0674096330830724
718,G,S,G718S,0.0126498546863661
718,G,T,G718T,0.0474903124243158
718,G,V,G718V,0.0430060244611286
718,G,W,G718W,0.0060433821748621
718,G,Y,G718Y,0.0331004783240508
719,H,A,H719A,0.0740251876967789
719,H,C,H719C,0.0544396342940194
719,H,D,H719D,0.0626975357229368
719,H,E,H719E,0.042439906757084
719,H,F,H719F,0.0103316480988146
719,H,G,H719G,0.0564301283603793
719,H,I,H719I,0.1637313816904836
719,H,K,H719K,0.0884589186243657
719,H,L,H719L,0.0902155485589732
719,H,M,H719M,0.0506047166384127
719,H,N,H719N,0.0539158997335931
719,H,P,H719P,0.0864661540324549
719,H,Q,H719Q,0.0401640833131509
719,H,R,H719R,0.0770306066844287
719,H,S,H719S,0.0364706950835568
719,H,T,H719T,0.0831390772584176
719,H,V,H719V,0.2300746246064439
719,H,W,H719W,0.0198837490917912
719,H,Y,H719Y,0
720,S,A,S720A,0.005383416081377
720,S,C,S720C,0.0097314725115054
720,S,D,S720D,0.041456012351659
720,S,E,S720E,0.0625681157665309
720,S,F,S720F,0.0144761140712051
720,S,G,S720G,0.0676790687817888
720,S,H,S720H,0.0030583979171726
720,S,I,S720I,0.0277200896100751
720,S,K,S720K,0.0325351174618566
720,S,L,S720L,0.0421825805279729
720,S,M,S720M,0.0360332404940678
720,S,N,S720N,0.0102726144344877
720,S,P,S720P,0.0426306309033664
720,S,Q,S720Q,0
720,S,R,S720R,0.0194886776459205
720,S,T,S720T,0.004552403729718
720,S,V,S720V,0.0177176677161554
720,S,W,S720W,0.000672832404942
720,S,Y,S720Y,0.0253572293533557
721,V,A,V721A,0.1032559336401067
721,V,C,V721C,0.0522849055461371
721,V,D,V721D,0.0708706708646162
721,V,E,V721E,0.0953431520949369
721,V,F,V721F,0
721,V,G,V721G,0.1081950835553404
721,V,H,V721H,0.0481540627270512
721,V,I,V721I,0.0126566662630162
721,V,K,V721K,0.0879238314361818
721,V,L,V721L,0.0340684790506162
721,V,M,V721M,0.0333593182368598
721,V,N,V721N,0.0568130903366419
721,V,P,V721P,0.0787849660934838
721,V,Q,V721Q,0.0635595785904578
721,V,R,V721R,0.0788553523855656
721,V,S,V721S,0.0729724206829727
721,V,T,V721T,0.0421333858077016
721,V,W,V721W,0.070384021554856
721,V,Y,V721Y,0.0492984076047455
722,L,A,L722A,0.0175065088399128
722,L,C,L722C,0
722,L,D,L722D,0.0889818963429388
722,L,E,L722E,0.1085704771131012
722,L,F,L722F,0.0407468515379012
722,L,G,L722G,0.0448845059336387
722,L,H,L722H,0.0689331557277792
722,L,I,L722I,0.0349903124243144
722,L,K,L722K,0.0714678190845242
722,L,M,L722M,0.0424444478081846
722,L,N,L722N,0.0797128542019846
722,L,P,L722P,0.0119285844030017
722,L,Q,L722Q,0.0672650762896586
722,L,R,L722R,0.0322793049164447
722,L,S,L722S,0.0302479413901657
722,L,T,L722T,0.0475523734560426
722,L,V,L722V,0.0304273129086946
722,L,W,L722W,0.0637798195689029
722,L,Y,L722Y,0.0622282937757327
723,I,A,I723A,0.0387275974812303
723,I,C,I723C,0.0437469726325987
723,I,D,I723D,0.0344839852264485
723,I,E,I723E,0.0095914567691949
723,I,F,I723F,0.0416527912327454
723,I,G,I723G,0.040950441995642
723,I,H,I723H,0.0423748183579559
723,I,K,I723K,0.0727491523371291
723,I,L,I723L,0.0270540687817888
723,I,M,I723M,0.0350697808186016
723,I,N,I723N,0
723,I,P,I723P,0.0290634838944054
723,I,Q,I723Q,0.0231858500847677
723,I,R,I723R,0.0683905001210962
723,I,S,I723S,0.0484961552434018
723,I,T,I723T,0.0518406393799952
723,I,V,I723V,0.0147947444901913
723,I,W,I723W,0.0237822414628253
723,I,Y,I723Y,0.0318501755873093
724,A,C,A724C,0.0019178372487285
724,A,D,A724D,0.0872176979898281
724,A,E,A724E,0.0409875272463052
724,A,F,A724F,0.0052729171712279
724,A,G,A724G,0.0804295834342457
724,A,H,A724H,0.0417859953984002
724,A,I,A724I,0
724,A,K,A724K,0.0447528154516832
724,A,L,A724L,0.0131130418987648
724,A,M,A724M,0.0196256660208269
724,A,N,A724N,0.0580527972874788
724,A,P,A724P,0.050516166141923
724,A,Q,A724Q,0.0317941692903851
724,A,R,A724R,0.0155281242431567
724,A,S,A724S,0.0431642044078455
724,A,T,A724T,0.0317722208767242
724,A,V,A724V,0.0064475357229353
724,A,W,A724W,0.038097148219908
724,A,Y,A724Y,0.0442116735286995
725,N,A,N725A,0.0109840457737951
725,N,C,N725C,0
725,N,D,N725D,0.017284754177767
725,N,E,N725E,0.0235264289174134
725,N,F,N725F,0.0172802131266636
725,N,G,N725G,0.0157748546863633
725,N,H,N725H,0.01798937394042
725,N,I,N725I,0.0074791111649309
725,N,K,N725K,0.0206012351658983
725,N,L,N725L,0.0290649975781047
725,N,M,N725M,0.0336673528699429
725,N,P,N725P,0.0166096512472739
725,N,Q,N725Q,0.0303001634778397
725,N,R,N725R,0.0159496851537902
725,N,S,N725S,0.0037493945265183
725,N,T,N725T,0.0165559154759007
725,N,V,N725V,0.0108258658270767
725,N,W,N725W,0.0185804674255267
725,N,Y,N725Y,0.0319909481714701
726,I,A,I726A,0.0153540506175843
726,I,C,I726C,0.0097049830467425
726,I,D,I726D,0.02279759021555
726,I,E,I726E,0.0285965124727551
726,I,F,I726F,0.0045122911116493
726,I,G,I726G,0.031378663114557
726,I,H,I726H,0.037029244369098
726,I,K,I726K,0.0412395555824655
726,I,L,I726L,0.0070068418503283
726,I,M,I726M,0
726,I,N,I726N,0.0352052555098087
726,I,P,I726P,0.0071052312908708
726,I,Q,I726Q,0.0349494429643996
726,I,R,I726R,0.0358077016226689
726,I,S,I726S,0.0095490736255766
726,I,T,I726T,0.0267899309760247
726,I,V,I726V,0.0059419653669183
726,I,W,I726W,0.0343303463308321
726,I,Y,I726Y,0.020210704771131
