# provenance: Supplementary Table 2 (K13 DMS, standardized probabilities); domains annotated here
mutation_id,position,reference,mutant,score,domain
M1A,1,M,A,0.0473851114071218,N-terminal
M1C,1,M,C,0.0382924134172937,N-terminal
M1D,1,M,D,0.0515833131508854,N-terminal
M1E,1,M,E,0.0300882477597495,N-terminal
M1F,1,M,F,0.0279970937272961,N-terminal
M1G,1,M,G,0.1868241402276597,N-terminal
M1H,1,M,H,0.0359363647372259,N-terminal
M1I,1,M,I,0.019512896585131,N-terminal
M1K,1,M,K,0.0366546076531848,N-terminal
M1L,1,M,L,0.002022281424075,N-terminal
M1N,1,M,N,0.0579801404698489,N-terminal
M1P,1,M,P,0.0514667595059351,N-terminal
M1Q,1,M,Q,0.0328719120852507,N-terminal
M1R,1,M,R,0.0168813574715441,N-terminal
M1S,1,M,S,0.0850864313393074,N-terminal
M1T,1,M,T,0.0653812969241962,N-terminal
M1V,1,M,V,0.0,N-terminal
M1W,1,M,W,0.024481563332526,N-terminal
M1Y,1,M,Y,0.0325313332526035,N-terminal
E2A,2,E,A,0.0211582707677404,N-terminal
E2C,2,E,C,0.0196271797045289,N-terminal
E2D,2,E,D,0.0274173528699457,N-terminal
E2F,2,E,F,0.0181952349237103,N-terminal
E2G,2,E,G,0.0342024400581269,N-terminal
E2H,2,E,H,0.0035374788084281,N-terminal
E2I,2,E,I,0.0,N-terminal
E2K,2,E,K,0.0310532211189164,N-terminal
E2L,2,E,L,0.0252141862436439,N-terminal
E2M,2,E,M,0.0318713671591198,N-terminal
E2N,2,E,N,0.0308481169774764,N-terminal
E2P,2,E,P,0.0411033240494081,N-terminal
E2Q,2,E,Q,0.0407544199564073,N-terminal
E2R,2,E,R,0.0327152458222344,N-terminal
E2S,2,E,S,0.0146267255994187,N-terminal
E2T,2,E,T,0.0356041111649324,N-terminal
E2V,2,E,V,0.0249629147493354,N-terminal
E2W,2,E,W,0.0308980685395994,N-terminal
E2Y,2,E,Y,0.0103339186243642,N-terminal
G3A,3,G,A,0.0073216880600629,N-terminal
G3C,3,G,C,0.0269564361830966,N-terminal
G3D,3,G,D,0.0141446173407619,N-terminal
G3E,3,G,E,0.0220816178251392,N-terminal
G3F,3,G,F,0.0284330346330845,N-terminal
G3H,3,G,H,0.0073542322596284,N-terminal
G3I,3,G,I,0.0210666929038508,N-terminal
G3K,3,G,K,0.0080785299103899,N-terminal
G3L,3,G,L,0.026823232017439,N-terminal
G3M,3,G,M,0.0,N-terminal
G3N,3,G,N,0.0270184972148234,N-terminal
G3P,3,G,P,0.0157460946960523,N-terminal
G3Q,3,G,Q,0.0351492492128859,N-terminal
G3R,3,G,R,0.0157400399612497,N-terminal
G3S,3,G,S,0.0154350326955679,N-terminal
G3T,3,G,T,0.0215366916929038,N-terminal
G3V,3,G,V,0.0174436909663357,N-terminal
G3W,3,G,W,0.0223737587793669,N-terminal
G3Y,3,G,Y,0.0161245156212172,N-terminal
E4A,4,E,A,0.0,N-terminal
E4C,4,E,C,0.0140136837006525,N-terminal
E4D,4,E,D,0.0231298437878407,N-terminal
E4F,4,E,F,0.0141468878663114,N-terminal
E4G,4,E,G,0.0099153850811334,N-terminal
E4H,4,E,H,0.0090329074836508,N-terminal
E4I,4,E,I,0.025476810365706,N-terminal
E4K,4,E,K,0.0106994732380707,N-terminal
E4L,4,E,L,0.0300299709372715,N-terminal
E4M,4,E,M,0.0272599297650763,N-terminal
E4N,4,E,N,0.0183700653911344,N-terminal
E4P,4,E,P,0.0092183337369823,N-terminal
E4Q,4,E,Q,0.0166058670380237,N-terminal
E4R,4,E,R,0.0238268951319932,N-terminal
E4S,4,E,S,0.0172166384112376,N-terminal
E4T,4,E,T,0.0103021312666505,N-terminal
E4V,4,E,V,0.0303872002906259,N-terminal
E4W,4,E,W,0.035759263744248,N-terminal
E4Y,4,E,Y,0.0293843848389426,N-terminal
K5A,5,K,A,0.0271683519011867,N-terminal
K5C,5,K,C,0.0223457556309033,N-terminal
K5D,5,K,D,0.0115713550496488,N-terminal
K5E,5,K,E,0.0291558186001453,N-terminal
K5F,5,K,F,0.0272432792443691,N-terminal
K5G,5,K,G,0.0,N-terminal
K5H,5,K,H,0.0185062969241947,N-terminal
K5I,5,K,I,0.0293336764349721,N-terminal
K5L,5,K,L,0.0283255630903366,N-terminal
K5M,5,K,M,0.012930643012836,N-terminal
K5N,5,K,N,0.0161563029789281,N-terminal
K5P,5,K,P,0.0271903003148448,N-terminal
K5Q,5,K,Q,0.0135565512230564,N-terminal
K5R,5,K,R,0.0198935880358426,N-terminal
K5S,5,K,S,0.0161941450714458,N-terminal
K5T,5,K,T,0.0186531242431567,N-terminal
K5V,5,K,V,0.0159231956890288,N-terminal
K5W,5,K,W,0.0057845422620475,N-terminal
K5Y,5,K,Y,0.0012344090578818,N-terminal
V6A,6,V,A,0.01599206829741,N-terminal
V6C,6,V,C,0.0208313150884005,N-terminal
V6D,6,V,D,0.0,N-terminal
V6E,6,V,E,0.0135240070234938,N-terminal
V6F,6,V,F,0.0293896827318963,N-terminal
V6G,6,V,G,0.0245095664809895,N-terminal
V6H,6,V,H,0.0412569629450244,N-terminal
V6I,6,V,I,0.0061402579317026,N-terminal
V6K,6,V,K,0.0098177524824412,N-terminal
V6L,6,V,L,0.0368324654880116,N-terminal
V6M,6,V,M,0.0290400217970453,N-terminal
V6N,6,V,N,0.0153994611286039,N-terminal
V6P,6,V,P,0.027414325502543,N-terminal
V6Q,6,V,Q,0.0212498486316313,N-terminal
V6R,6,V,R,0.0228626786146767,N-terminal
V6S,6,V,S,0.0307504843787842,N-terminal
V6T,6,V,T,0.0291437091305401,N-terminal
V6W,6,V,W,0.0256682913538387,N-terminal
V6Y,6,V,Y,0.0175155909421181,N-terminal
K7A,7,K,A,0.0438521736497956,N-terminal
K7C,7,K,C,0.0148908634051828,N-terminal
K7D,7,K,D,0.0322301101961734,N-terminal
K7E,7,K,E,0.0119982138532346,N-terminal
K7F,7,K,F,0.0154728747880857,N-terminal
K7G,7,K,G,0.0146910571566979,N-terminal
K7H,7,K,H,0.0119891317510293,N-terminal
K7I,7,K,I,0.0130396282392831,N-terminal
K7L,7,K,L,0.0272099782029561,N-terminal
K7M,7,K,M,0.0155689937030758,N-terminal
K7N,7,K,N,0.0113480867038023,N-terminal
K7P,7,K,P,0.0138918321627527,N-terminal
K7Q,7,K,Q,0.0,N-terminal
K7R,7,K,R,0.0270131993218711,N-terminal
K7S,7,K,S,0.0007394344877694,N-terminal
K7T,7,K,T,0.0252981956890288,N-terminal
K7V,7,K,V,0.0381243945265197,N-terminal
K7W,7,K,W,0.0153676737708902,N-terminal
K7Y,7,K,Y,0.0174452046500363,N-terminal
T8A,8,T,A,0.0395956950835539,N-terminal
T8C,8,T,C,0.0144677888108501,N-terminal
T8D,8,T,D,0.039072717364978,N-terminal
T8E,8,T,E,0.0477256902397675,N-terminal
T8F,8,T,F,0.0303221118914991,N-terminal
T8G,8,T,G,0.0229126301767982,N-terminal
T8H,8,T,H,0.0202038931944781,N-terminal
T8I,8,T,I,0.0385043291353839,N-terminal
T8K,8,T,K,0.0293715185274885,N-terminal
T8L,8,T,L,0.031055491644466,N-terminal
T8M,8,T,M,0.0335258234439317,N-terminal
T8N,8,T,N,0.0188128178735757,N-terminal
T8P,8,T,P,0.0196415596996837,N-terminal
T8Q,8,T,Q,0.051032332283846,N-terminal
T8R,8,T,R,0.0374439937030744,N-terminal
T8S,8,T,S,0.0205747457011383,N-terminal
T8V,8,T,V,0.0400566117704031,N-terminal
T8W,8,T,W,0.0,N-terminal
T8Y,8,T,Y,0.0174391499152323,N-terminal
K9A,9,K,A,0.0172279910389925,N-terminal
K9C,9,K,C,0.0370844938241705,N-terminal
K9D,9,K,D,0.0086098328893194,N-terminal
K9E,9,K,E,0.0349910692661661,N-terminal
K9F,9,K,F,0.0100516166141923,N-terminal
K9G,9,K,G,0.0247313211431339,N-terminal
K9H,9,K,H,0.0,N-terminal
K9I,9,K,I,0.0391378057641075,N-terminal
K9L,9,K,L,0.0047211794623409,N-terminal
K9M,9,K,M,0.0062151852748863,N-terminal
K9N,9,K,N,0.0203605594574957,N-terminal
K9P,9,K,P,0.041020828287721,N-terminal
K9Q,9,K,Q,0.0155160147735543,N-terminal
K9R,9,K,R,0.0200298195689043,N-terminal
K9S,9,K,S,0.0320416565754434,N-terminal
K9T,9,K,T,0.0220990251876968,N-terminal
K9V,9,K,V,0.0193562303221119,N-terminal
K9W,9,K,W,0.0266272099782029,N-terminal
K9Y,9,K,Y,0.0240024824412705,N-terminal
A10C,10,A,C,0.0215321506418005,N-terminal
A10D,10,A,D,0.0360052373456029,N-terminal
A10E,10,A,E,0.0413553523855641,N-terminal
A10F,10,A,F,0.0250461673528699,N-terminal
A10G,10,A,G,0.0216373516589959,N-terminal
A10H,10,A,H,0.0197679522886883,N-terminal
A10I,10,A,I,0.0137858743037055,N-terminal
A10K,10,A,K,0.0366069266166128,N-terminal
A10L,10,A,L,0.0300102930491644,N-terminal
A10M,10,A,M,0.019491705013319,N-terminal
A10N,10,A,N,0.0091040506175829,N-terminal
A10P,10,A,P,0.0162531787357713,N-terminal
A10Q,10,A,Q,0.0347920198595302,N-terminal
A10R,10,A,R,0.0155712642286253,N-terminal
A10S,10,A,S,0.0167118248970695,N-terminal
A10T,10,A,T,0.0,N-terminal
A10V,10,A,V,0.010510262775489,N-terminal
A10W,10,A,W,0.0453302857834813,N-terminal
A10Y,10,A,Y,0.0189376967788797,N-terminal
N11A,11,N,A,0.0373206284814711,N-terminal
N11C,11,N,C,0.0263698837490918,N-terminal
N11D,11,N,D,0.0185933337369809,N-terminal
N11E,11,N,E,0.0355352385565512,N-terminal
N11F,11,N,F,0.019926889077257,N-terminal
N11G,11,N,G,0.0361936909663357,N-terminal
N11H,11,N,H,0.0085447444901913,N-terminal
N11I,11,N,I,0.0259944901913296,N-terminal
N11K,11,N,K,0.0168200532816648,N-terminal
N11L,11,N,L,0.0,N-terminal
N11M,11,N,M,0.0331330225236121,N-terminal
N11P,11,N,P,0.026848207798497,N-terminal
N11Q,11,N,Q,0.0303614676677161,N-terminal
N11R,11,N,R,0.0071392891741327,N-terminal
N11S,11,N,S,0.0003360377815437,N-terminal
N11T,11,N,T,0.0110408089125696,N-terminal
N11V,11,N,V,0.0351363829014289,N-terminal
N11W,11,N,W,0.0475743218697007,N-terminal
N11Y,11,N,Y,0.0065292746427706,N-terminal
S12A,12,S,A,0.0180658149673044,N-terminal
S12C,12,S,C,0.0112239646403487,N-terminal
S12D,12,S,D,0.0178909844998789,N-terminal
S12E,12,S,E,0.0176707435214337,N-terminal
S12F,12,S,F,0.0055938181157651,N-terminal
S12G,12,S,G,0.0214027306853946,N-terminal
S12H,12,S,H,0.0210984802615645,N-terminal
S12I,12,S,I,0.0215730201017181,N-terminal
S12K,12,S,K,0.0263032816662616,N-terminal
S12L,12,S,L,0.0227166081375621,N-terminal
S12M,12,S,M,0.0257977113102446,N-terminal
S12N,12,S,N,0.0230011806732851,N-terminal
S12P,12,S,P,0.0288803281666249,N-terminal
S12Q,12,S,Q,0.0315625756841836,N-terminal
S12R,12,S,R,0.0173082162751271,N-terminal
S12T,12,S,T,0.0324268890772584,N-terminal
S12V,12,S,V,0.0085719907968017,N-terminal
S12W,12,S,W,0.0,N-terminal
S12Y,12,S,Y,0.0226651428917413,N-terminal
I13A,13,I,A,0.0148174497457011,N-terminal
I13C,13,I,C,0.0069356987163948,N-terminal
I13D,13,I,D,0.0299020646645663,N-terminal
I13E,13,I,E,0.0215730201017181,N-terminal
I13F,13,I,F,0.0037804250423817,N-terminal
I13G,13,I,G,0.0208048256236363,N-terminal
I13H,13,I,H,0.0224449019132962,N-terminal
I13K,13,I,K,0.0172264773552904,N-terminal
I13L,13,I,L,0.0132878723661889,N-terminal
I13M,13,I,M,0.0217660147735529,N-terminal
I13N,13,I,N,0.0274907665294246,N-terminal
I13P,13,I,P,0.0379874061516106,N-terminal
I13Q,13,I,Q,0.0262442480019375,N-terminal
I13R,13,I,R,0.0124137200290627,N-terminal
I13S,13,I,S,0.006788114555581,N-terminal
I13T,13,I,T,0.0079930067813015,N-terminal
I13V,13,I,V,0.0065065693872608,N-terminal
I13W,13,I,W,0.0,N-terminal
I13Y,13,I,Y,0.0218152094938242,N-terminal
S14A,14,S,A,0.0201985953015258,N-terminal
S14C,14,S,C,0.0279721179462339,N-terminal
S14D,14,S,D,0.0385262775490434,N-terminal
S14E,14,S,E,0.0250968757568432,N-terminal
S14F,14,S,F,0.0208388835069024,N-terminal
S14G,14,S,G,0.0048188120610331,N-terminal
S14H,14,S,H,0.0,N-terminal
S14I,14,S,I,0.0306695023008006,N-terminal
S14K,14,S,K,0.01918669774764,N-terminal
S14L,14,S,L,0.0091645979656091,N-terminal
S14M,14,S,M,0.033992038023736,N-terminal
S14N,14,S,N,0.0132712218454831,N-terminal
S14P,14,S,P,0.0171901489464761,N-terminal
S14Q,14,S,Q,0.0221625999031256,N-terminal
S14R,14,S,R,0.0271199140227672,N-terminal
S14T,14,S,T,0.0151292685880358,N-terminal
S14V,14,S,V,0.0092682852991039,N-terminal
S14W,14,S,W,0.0248168442722209,N-terminal
S14Y,14,S,Y,0.0203991583918638,N-terminal
N15A,15,N,A,0.0,N-terminal
N15C,15,N,C,0.0208691571809155,N-terminal
N15D,15,N,D,0.0376059578590458,N-terminal
N15E,15,N,E,0.0188173589246805,N-terminal
N15F,15,N,F,0.0257159723904093,N-terminal
N15G,15,N,G,0.0192275672075563,N-terminal
N15H,15,N,H,0.0218144526519752,N-terminal
N15I,15,N,I,0.0239336098328893,N-terminal
N15K,15,N,K,0.0172915657544213,N-terminal
N15L,15,N,L,0.0142187878420939,N-terminal
N15M,15,N,M,0.0139084826834598,N-terminal
N15P,15,N,P,0.0217380116250922,N-terminal
N15Q,15,N,Q,0.0086711370791959,N-terminal
N15R,15,N,R,0.0151565148946476,N-terminal
N15S,15,N,S,0.0214965790748365,N-terminal
N15T,15,N,T,0.0219045168321641,N-terminal
N15V,15,N,V,0.0256887260837989,N-terminal
N15W,15,N,W,0.0149498970695097,N-terminal
N15Y,15,N,Y,0.0048468152094938,N-terminal
F16A,16,F,A,0.0226318418503255,N-terminal
F16C,16,F,C,0.0241349297650763,N-terminal
F16D,16,F,D,0.0317109166868477,N-terminal
F16E,16,F,E,0.0127618672802117,N-terminal
F16G,16,F,G,0.0,N-terminal
F16H,16,F,H,0.0226969302494551,N-terminal
F16I,16,F,I,0.0158671893921032,N-terminal
F16K,16,F,K,0.0259051828529896,N-terminal
F16L,16,F,L,0.0312681642044064,N-terminal
F16M,16,F,M,0.041655061758295,N-terminal
F16N,16,F,N,0.0423135141680795,N-terminal
F16P,16,F,P,0.0285132598692163,N-terminal
F16Q,16,F,Q,0.030263835069024,N-terminal
F16R,16,F,R,0.0214882538144815,N-terminal
F16S,16,F,S,0.0285359651247275,N-terminal
F16T,16,F,T,0.0078734257689513,N-terminal
F16V,16,F,V,0.0368286812787586,N-terminal
F16W,16,F,W,0.017636685638169,N-terminal
F16Y,16,F,Y,0.020246276338095,N-terminal
S17A,17,S,A,4.9951562121579146e-05,N-terminal
S17C,17,S,C,0.0178395192540552,N-terminal
S17D,17,S,D,0.0049777488495989,N-terminal
S17E,17,S,E,0.0211635686606926,N-terminal
S17F,17,S,F,0.0239638835069024,N-terminal
S17G,17,S,G,0.047861164930976,N-terminal
S17H,17,S,H,0.0001316904819554,N-terminal
S17I,17,S,I,0.0181551223056416,N-terminal
S17K,17,S,K,0.0075714458706708,N-terminal
S17L,17,S,L,0.030609711794622,N-terminal
S17M,17,S,M,0.0133310123516576,N-terminal
S17N,17,S,N,0.00530092031969,N-terminal
S17P,17,S,P,0.0098616493097588,N-terminal
S17Q,17,S,Q,0.0161146766771615,N-terminal
S17R,17,S,R,0.0116795834342455,N-terminal
S17T,17,S,T,0.0222609893436667,N-terminal
S17V,17,S,V,0.0192419472027111,N-terminal
S17W,17,S,W,0.0113904698474207,N-terminal
S17Y,17,S,Y,0.0,N-terminal
M18A,18,M,A,0.0,N-terminal
M18C,18,M,C,0.0243105170743521,N-terminal
M18D,18,M,D,0.0148439392104626,N-terminal
M18E,18,M,E,0.0125317873577123,N-terminal
M18F,18,M,F,0.0054500181642044,N-terminal
M18G,18,M,G,0.0202576289658499,N-terminal
M18H,18,M,H,0.0209993339791717,N-terminal
M18I,18,M,I,0.0132863586824897,N-terminal
M18K,18,M,K,0.0120875211915718,N-terminal
M18L,18,M,L,0.0254624303705483,N-terminal
M18N,18,M,N,0.0187219968515365,N-terminal
M18P,18,M,P,0.0188241705013306,N-terminal
M18Q,18,M,Q,0.0105057217243884,N-terminal
M18R,18,M,R,0.0006781302978929,N-terminal
M18S,18,M,S,0.0166823080649067,N-terminal
M18T,18,M,T,0.0359121457980126,N-terminal
M18V,18,M,V,0.0172945931218198,N-terminal
M18W,18,M,W,0.020880509808669,N-terminal
M18Y,18,M,Y,0.0267490615161056,N-terminal
T19A,19,T,A,0.0110203741826094,N-terminal
T19C,19,T,C,0.0045062363768452,N-terminal
T19D,19,T,D,0.024083464519254,N-terminal
T19E,19,T,E,0.0252088883506902,N-terminal
T19F,19,T,F,0.0130396282392831,N-terminal
T19G,19,T,G,0.0064967304432065,N-terminal
T19H,19,T,H,0.017678311939937,N-terminal
T19I,19,T,I,0.016842758537176,N-terminal
T19K,19,T,K,0.0104058186001439,N-terminal
T19L,19,T,L,0.0063090336643241,N-terminal
T19M,19,T,M,0.0144609772341971,N-terminal
T19N,19,T,N,0.0,N-terminal
T19P,19,T,P,0.0095044199564059,N-terminal
T19Q,19,T,Q,0.0043957374666975,N-terminal
T19R,19,T,R,0.0039083313150884,N-terminal
T19S,19,T,S,0.0162319871639622,N-terminal
T19V,19,T,V,0.0061705316057156,N-terminal
T19W,19,T,W,0.0081708646161298,N-terminal
T19Y,19,T,Y,0.0063688241705013,N-terminal
Y20A,20,Y,A,0.0401807338338595,N-terminal
Y20C,20,Y,C,0.0185062969241961,N-terminal
Y20D,20,Y,D,0.0469506841850341,N-terminal
Y20E,20,Y,E,0.0037251755873106,N-terminal
Y20F,20,Y,F,0.0242242371034163,N-terminal
Y20G,20,Y,G,0.0137200290627284,N-terminal
Y20H,20,Y,H,0.0087369823201757,N-terminal
Y20I,20,Y,I,0.011391226689271,N-terminal
Y20K,20,Y,K,0.0,N-terminal
Y20L,20,Y,L,0.0050700835553416,N-terminal
Y20M,20,Y,M,0.0019322172438847,N-terminal
Y20N,20,Y,N,0.0386027185759264,N-terminal
Y20P,20,Y,P,0.0039174134172923,N-terminal
Y20Q,20,Y,Q,0.0178947687091319,N-terminal
Y20R,20,Y,R,0.0046803100024219,N-terminal
Y20S,20,Y,S,0.0304924013078241,N-terminal
Y20T,20,Y,T,0.0125333010414158,N-terminal
Y20V,20,Y,V,0.0208812666505207,N-terminal
Y20W,20,Y,W,0.0046901489464775,N-terminal
D21A,21,D,A,0.0160738072172453,N-terminal
D21C,21,D,C,0.0275641801889091,N-terminal
D21E,21,D,E,0.0255388713974328,N-terminal
D21F,21,D,F,0.0032809094211687,N-terminal
D21G,21,D,G,0.0,N-terminal
D21H,21,D,H,0.0175996003875044,N-terminal
D21I,21,D,I,0.019506085008478,N-terminal
D21K,21,D,K,0.0070469544683957,N-terminal
D21L,21,D,L,0.0470407483652216,N-terminal
D21M,21,D,M,0.023499182610803,N-terminal
D21N,21,D,N,0.0130865524340048,N-terminal
D21P,21,D,P,0.021479171712279,N-terminal
D21Q,21,D,Q,0.0259589186243657,N-terminal
D21R,21,D,R,0.0306467970452908,N-terminal
D21S,21,D,S,0.004939906757084,N-terminal
D21T,21,D,T,0.0124016105594589,N-terminal
D21V,21,D,V,0.0109923710341487,N-terminal
D21W,21,D,W,0.020960735044805,N-terminal
D21Y,21,D,Y,0.011001453136354,N-terminal
R22A,22,R,A,0.0169789900702335,N-terminal
R22C,22,R,C,0.0187908694599176,N-terminal
R22D,22,R,D,0.0186781000242189,N-terminal
R22E,22,R,E,0.0250370852506646,N-terminal
R22F,22,R,F,0.012605201017194,N-terminal
R22G,22,R,G,0.0122585674497457,N-terminal
R22H,22,R,H,0.0180559760232487,N-terminal
R22I,22,R,I,0.0351295713247746,N-terminal
R22K,22,R,K,0.0213951622668913,N-terminal
R22L,22,R,L,0.0280432610801633,N-terminal
R22M,22,R,M,0.0239230140469833,N-terminal
R22N,22,R,N,0.0281053221118901,N-terminal
R22P,22,R,P,0.0361724993945265,N-terminal
R22Q,22,R,Q,0.0342622305642999,N-terminal
R22S,22,R,S,0.023648280455316,N-terminal
R22T,22,R,T,0.0361997457011369,N-terminal
R22V,22,R,V,0.0,N-terminal
R22W,22,R,W,0.0350584281908452,N-terminal
R22Y,22,R,Y,0.0214640348752724,N-terminal
E23A,23,E,A,0.0304765076289644,N-terminal
E23C,23,E,C,0.0289847723419714,N-terminal
E23D,23,E,D,0.0190391135868249,N-terminal
E23F,23,E,F,0.0123115463792671,N-terminal
E23G,23,E,G,0.0282869641559686,N-terminal
E23H,23,E,H,0.0,N-terminal
E23I,23,E,I,0.0259309154759007,N-terminal
E23K,23,E,K,0.0102726144344877,N-terminal
E23L,23,E,L,0.0196082586582693,N-terminal
E23M,23,E,M,0.0011034754177767,N-terminal
E23N,23,E,N,0.0226015681763139,N-terminal
E23P,23,E,P,0.0090480443206587,N-terminal
E23Q,23,E,Q,0.0238957677403715,N-terminal
E23R,23,E,R,0.0188536873334948,N-terminal
E23S,23,E,S,0.0037910208282877,N-terminal
E23T,23,E,T,0.0130729292806975,N-terminal
E23V,23,E,V,0.0228573807217244,N-terminal
E23W,23,E,W,0.0259437817873563,N-terminal
E23Y,23,E,Y,0.0256667776701366,N-terminal
S24A,24,S,A,0.0391582404940678,N-terminal
S24C,24,S,C,0.0076615100508611,N-terminal
S24D,24,S,D,0.0143338278033436,N-terminal
S24E,24,S,E,0.0,N-terminal
S24F,24,S,F,0.024960644223783,N-terminal
S24G,24,S,G,0.0236808246548801,N-terminal
S24H,24,S,H,0.0177547529668214,N-terminal
S24I,24,S,I,0.0230723238072172,N-terminal
S24K,24,S,K,0.0256251513683701,N-terminal
S24L,24,S,L,0.0374000968757583,N-terminal
S24M,24,S,M,0.0131993218697021,N-terminal
S24N,24,S,N,0.0299308246548801,N-terminal
S24P,24,S,P,0.0079014289174148,N-terminal
S24Q,24,S,Q,0.0344900399612511,N-terminal
S24R,24,S,R,0.0115872487285057,N-terminal
S24T,24,S,T,0.0314339125696309,N-terminal
S24V,24,S,V,0.0235453499636716,N-terminal
S24W,24,S,W,0.027422650762898,N-terminal
S24Y,24,S,Y,0.0262328953741826,N-terminal
G25A,25,G,A,0.0032506357471556,N-terminal
G25C,25,G,C,0.0022531181884247,N-terminal
G25D,25,G,D,0.0321127997093727,N-terminal
G25E,25,G,E,0.0094703620731412,N-terminal
G25F,25,G,F,0.0061569084524097,N-terminal
G25H,25,G,H,0.025793170259144,N-terminal
G25I,25,G,I,0.0008900460159845,N-terminal
G25K,25,G,K,0.0,N-terminal
G25L,25,G,L,0.0330656635989344,N-terminal
G25M,25,G,M,0.0335538265923967,N-terminal
G25N,25,G,N,0.0295365100508598,N-terminal
G25P,25,G,P,0.0080543109711808,N-terminal
G25Q,25,G,Q,0.0119702107047725,N-terminal
G25R,25,G,R,0.0213974327924437,N-terminal
G25S,25,G,S,0.0284284935819811,N-terminal
G25T,25,G,T,0.0168283785420198,N-terminal
G25V,25,G,V,0.0272712823928312,N-terminal
G25W,25,G,W,0.0274445991765561,N-terminal
G25Y,25,G,Y,0.0164893133930734,N-terminal
G26A,26,G,A,0.0063446052312922,N-terminal
G26C,26,G,C,0.0,N-terminal
G26D,26,G,D,0.0317805461370792,N-terminal
G26E,26,G,E,0.023142710099299,N-terminal
G26F,26,G,F,0.0043669774763865,N-terminal
G26H,26,G,H,0.0250741705013334,N-terminal
G26I,26,G,I,0.0220513441511262,N-terminal
G26K,26,G,K,0.024479292806975,N-terminal
G26L,26,G,L,0.0264811395010912,N-terminal
G26M,26,G,M,0.0217009263744248,N-terminal
G26N,26,G,N,0.0270351477355306,N-terminal
G26P,26,G,P,0.0167057701622669,N-terminal
G26Q,26,G,Q,0.0177290203439103,N-terminal
G26R,26,G,R,0.0094151126180687,N-terminal
G26S,26,G,S,0.0135943933155727,N-terminal
G26T,26,G,T,0.0122494853475432,N-terminal
G26V,26,G,V,0.0272743097602325,N-terminal
G26W,26,G,W,0.008311637200292,N-terminal
G26Y,26,G,Y,0.0325570658755147,N-terminal
N27A,27,N,A,0.0137904153548074,N-terminal
N27C,27,N,C,0.0221187030758053,N-terminal
N27D,27,N,D,0.052455951804311,N-terminal
N27E,27,N,E,0.0317321082586583,N-terminal
N27F,27,N,F,0.042287024703318,N-terminal
N27G,27,N,G,0.049601901186728,N-terminal
N27H,27,N,H,0.031611013562606,N-terminal
N27I,27,N,I,0.0273492371034135,N-terminal
N27K,27,N,K,0.0177002603535951,N-terminal
N27L,27,N,L,0.0246450411721966,N-terminal
N27M,27,N,M,0.0305748970695084,N-terminal
N27P,27,N,P,0.0297332889319448,N-terminal
N27Q,27,N,Q,0.0233281363526263,N-terminal
N27R,27,N,R,0.007262654395736,N-terminal
N27S,27,N,S,0.0,N-terminal
N27T,27,N,T,0.0293972511503982,N-terminal
N27V,27,N,V,0.0334592213611044,N-terminal
N27W,27,N,W,0.0220013925890046,N-terminal
N27Y,27,N,Y,0.049838792685879,N-terminal
S28A,28,S,A,0.0291520343908951,N-terminal
S28C,28,S,C,0.0323678554129343,N-terminal
S28D,28,S,D,0.0193320113829014,N-terminal
S28E,28,S,E,0.0083631024461128,N-terminal
S28F,28,S,F,0.0331004783240508,N-terminal
S28G,28,S,G,0.0267619278275611,N-terminal
S28H,28,S,H,0.0,N-terminal
S28I,28,S,I,0.0436659905546151,N-terminal
S28K,28,S,K,0.0198867764591925,N-terminal
S28L,28,S,L,0.017089488980384,N-terminal
S28M,28,S,M,0.0408709736013563,N-terminal
S28N,28,S,N,0.0163182671348995,N-terminal
S28P,28,S,P,0.0225205860983303,N-terminal
S28Q,28,S,Q,0.0316306914507159,N-terminal
S28R,28,S,R,0.0254253451198851,N-terminal
S28T,28,S,T,0.0129987587793668,N-terminal
S28V,28,S,V,0.0200669048195703,N-terminal
S28W,28,S,W,0.0468651610559472,N-terminal
S28Y,28,S,Y,0.0239464761443463,N-terminal
N29A,29,N,A,0.0186410147735543,N-terminal
N29C,29,N,C,0.0339072717364994,N-terminal
N29D,29,N,D,0.0,N-terminal
N29E,29,N,E,0.0070318176313891,N-terminal
N29F,29,N,F,0.0067555703560198,N-terminal
N29G,29,N,G,0.0136163417292322,N-terminal
N29H,29,N,H,0.0294350932429174,N-terminal
N29I,29,N,I,0.0372668927100993,N-terminal
N29K,29,N,K,0.0284231956890288,N-terminal
N29L,29,N,L,0.0061841547590229,N-terminal
N29M,29,N,M,0.0356684427222088,N-terminal
N29P,29,N,P,0.0098154819568903,N-terminal
N29Q,29,N,Q,0.009969877694357,N-terminal
N29R,29,N,R,0.0310184063937999,N-terminal
N29S,29,N,S,0.0307345906999273,N-terminal
N29T,29,N,T,0.0423135141680809,N-terminal
N29V,29,N,V,0.0185630600629692,N-terminal
N29W,29,N,W,0.0213527791232758,N-terminal
N29Y,29,N,Y,0.023298619520465,N-terminal
S30A,30,S,A,0.0140659057883264,N-terminal
S30C,30,S,C,0.0058609832889319,N-terminal
S30D,30,S,D,0.0319341850326956,N-terminal
S30E,30,S,E,0.0115562182126423,N-terminal
S30F,30,S,F,0.0218568357955935,N-terminal
S30G,30,S,G,0.0,N-terminal
S30H,30,S,H,0.0192056187938982,N-terminal
S30I,30,S,I,0.0353157544199578,N-terminal
S30K,30,S,K,0.0254245882780348,N-terminal
S30L,30,S,L,0.0115092940179234,N-terminal
S30M,30,S,M,0.0278109106321157,N-terminal
S30N,30,S,N,0.017059215306371,N-terminal
S30P,30,S,P,0.0307557822717379,N-terminal
S30Q,30,S,Q,0.0118203560184064,N-terminal
S30R,30,S,R,0.0112701319932201,N-terminal
S30T,30,S,T,0.0147394950351188,N-terminal
S30V,30,S,V,0.0163303766045047,N-terminal
S30W,30,S,W,0.048355382659241,N-terminal
S30Y,30,S,Y,0.0325532816662644,N-terminal
D31A,31,D,A,0.0241220634536193,N-terminal
D31C,31,D,C,0.0144042140954226,N-terminal
D31E,31,D,E,0.0208827803342213,N-terminal
D31F,31,D,F,0.0314914325502543,N-terminal
D31G,31,D,G,0.0140719605231291,N-terminal
D31H,31,D,H,0.0067305945749576,N-terminal
D31I,31,D,I,0.0059729958827803,N-terminal
D31K,31,D,K,0.00643845362073,N-terminal
D31L,31,D,L,0.0178372487285057,N-terminal
D31M,31,D,M,0.0058571990796803,N-terminal
D31N,31,D,N,0.0,N-terminal
D31P,31,D,P,0.0241417413417292,N-terminal
D31Q,31,D,Q,0.0108917110680538,N-terminal
D31R,31,D,R,0.0052978929522886,N-terminal
D31S,31,D,S,0.0171371700169532,N-terminal
D31T,31,D,T,0.0276701380479521,N-terminal
D31V,31,D,V,0.0231934185032681,N-terminal
D31W,31,D,W,0.0265484984257689,N-terminal
D31Y,31,D,Y,0.019849691208525,N-terminal
D32A,32,D,A,0.0174815330588506,N-terminal
D32C,32,D,C,0.0,N-terminal
D32E,32,D,E,0.0069341850326941,N-terminal
D32F,32,D,F,0.0213694296439802,N-terminal
D32G,32,D,G,0.0068902882053752,N-terminal
D32H,32,D,H,0.0117688907725827,N-terminal
D32I,32,D,I,0.0183844453862921,N-terminal
D32K,32,D,K,0.0186364737224509,N-terminal
D32L,32,D,L,0.0230246427706452,N-terminal
D32M,32,D,M,0.0157491220634522,N-terminal
D32N,32,D,N,0.0114056066844258,N-terminal
D32P,32,D,P,0.0232380721724388,N-terminal
D32Q,32,D,Q,0.0234363647372231,N-terminal
D32R,32,D,R,0.0176276035359651,N-terminal
D32S,32,D,S,0.0078098510535238,N-terminal
D32T,32,D,T,0.0197853596512473,N-terminal
D32V,32,D,V,0.0261322354080891,N-terminal
D32W,32,D,W,0.0260724449019133,N-terminal
D32Y,32,D,Y,0.0241440118672788,N-terminal
K33A,33,K,A,0.0069977597481216,N-terminal
K33C,33,K,C,0.0,N-terminal
K33D,33,K,D,0.0174429341244853,N-terminal
K33E,33,K,E,0.0001627209978188,N-terminal
K33F,33,K,F,0.0210576108016455,N-terminal
K33G,33,K,G,0.0044108743037055,N-terminal
K33H,33,K,H,0.0053660087188167,N-terminal
K33I,33,K,I,0.0298944962460644,N-terminal
K33L,33,K,L,0.0016907846936304,N-terminal
K33M,33,K,M,0.0145215245822233,N-terminal
K33N,33,K,N,0.017757023492371,N-terminal
K33P,33,K,P,0.0322157302010158,N-terminal
K33Q,33,K,Q,0.0211794623395481,N-terminal
K33R,33,K,R,0.0132803039476871,N-terminal
K33S,33,K,S,0.0228096996851524,N-terminal
K33T,33,K,T,0.0122880842819084,N-terminal
K33V,33,K,V,0.0094045168321627,N-terminal
K33W,33,K,W,0.0055113223540808,N-terminal
K33Y,33,K,Y,0.0225561576652942,N-terminal
S34A,34,S,A,0.0,N-terminal
S34C,34,S,C,0.0329816541535467,N-terminal
S34D,34,S,D,0.0168707616856381,N-terminal
S34E,34,S,E,0.0133446355049649,N-terminal
S34F,34,S,F,0.0443569871639622,N-terminal
S34G,34,S,G,0.0090488011625076,N-terminal
S34H,34,S,H,0.0314679704528928,N-terminal
S34I,34,S,I,0.0441882114313379,N-terminal
S34K,34,S,K,0.0271411055945749,N-terminal
S34L,34,S,L,0.0338891075320901,N-terminal
S34M,34,S,M,0.0212173044320659,N-terminal
S34N,34,S,N,0.025380691450713,N-terminal
S34P,34,S,P,0.0104565270041172,N-terminal
S34Q,34,S,Q,0.0281946294502301,N-terminal
S34R,34,S,R,0.0087089791717122,N-terminal
S34T,34,S,T,0.0269579498667958,N-terminal
S34V,34,S,V,0.0261837006539113,N-terminal
S34W,34,S,W,0.0217380116250894,N-terminal
S34Y,34,S,Y,0.0170471058367643,N-terminal
G35A,35,G,A,0.0273038265923952,N-terminal
G35C,35,G,C,0.0,N-terminal
G35D,35,G,D,0.0303735771373214,N-terminal
G35E,35,G,E,0.0127505146524582,N-terminal
G35F,35,G,F,0.007312605957859,N-terminal
G35H,35,G,H,0.0176223056430128,N-terminal
G35I,35,G,I,0.025432913538387,N-terminal
G35K,35,G,K,0.025625908210219,N-terminal
G35L,35,G,L,0.0179348813271978,N-terminal
G35M,35,G,M,0.0155538568660692,N-terminal
G35N,35,G,N,0.0237194235892454,N-terminal
G35P,35,G,P,0.0266786752240238,N-terminal
G35Q,35,G,Q,0.0173082162751271,N-terminal
G35R,35,G,R,0.0179545592153063,N-terminal
G35S,35,G,S,0.0356737406151611,N-terminal
G35T,35,G,T,0.0166997154274643,N-terminal
G35V,35,G,V,0.0375348147251136,N-terminal
G35W,35,G,W,0.0182504843787842,N-terminal
G35Y,35,G,Y,0.0221292988617098,N-terminal
S36A,36,S,A,0.0290279123274386,N-terminal
S36C,36,S,C,0.0093046137079181,N-terminal
S36D,36,S,D,0.0391673225962703,N-terminal
S36E,36,S,E,0.0,N-terminal
S36F,36,S,F,0.0077674679099055,N-terminal
S36G,36,S,G,0.0036835492855412,N-terminal
S36H,36,S,H,0.0110135626059564,N-terminal
S36I,36,S,I,0.0302918382174861,N-terminal
S36K,36,S,K,0.0219559820779836,N-terminal
S36L,36,S,L,0.0282619883749092,N-terminal
S36M,36,S,M,0.035724449019133,N-terminal
S36N,36,S,N,0.0186372305643013,N-terminal
S36P,36,S,P,0.0043601658997335,N-terminal
S36Q,36,S,Q,0.0228763017679825,N-terminal
S36R,36,S,R,0.0015545531605701,N-terminal
S36T,36,S,T,0.0155954831678358,N-terminal
S36V,36,S,V,0.0320530092031969,N-terminal
S36W,36,S,W,0.0304099055461371,N-terminal
S36Y,36,S,Y,0.0232880237345604,N-terminal
S37A,37,S,A,0.0055446233954966,N-terminal
S37C,37,S,C,0.0085841002664097,N-terminal
S37D,37,S,D,0.024617038023736,N-terminal
S37E,37,S,E,0.0010520101719544,N-terminal
S37F,37,S,F,0.0099055461370806,N-terminal
S37G,37,S,G,0.0,N-terminal
S37H,37,S,H,0.016854111164931,N-terminal
S37I,37,S,I,0.0128731230322112,N-terminal
S37K,37,S,K,0.0085205255509822,N-terminal
S37L,37,S,L,0.0080437151852748,N-terminal
S37M,37,S,M,0.0061841547590229,N-terminal
S37N,37,S,N,0.0126929946718348,N-terminal
S37P,37,S,P,0.0205770162266907,N-terminal
S37Q,37,S,Q,0.0253534451441027,N-terminal
S37R,37,S,R,0.014605534027611,N-terminal
S37T,37,S,T,0.0031590578832661,N-terminal
S37V,37,S,V,0.0245693569871654,N-terminal
S37W,37,S,W,0.0028411843061273,N-terminal
S37Y,37,S,Y,0.0021388350690239,N-terminal
S38A,38,S,A,0.0228770586098343,N-terminal
S38C,38,S,C,0.0010058428190859,N-terminal
S38D,38,S,D,0.0239676677161554,N-terminal
S38E,38,S,E,0.0291800375393558,N-terminal
S38F,38,S,F,0.0042193933155727,N-terminal
S38G,38,S,G,0.0142831193993717,N-terminal
S38H,38,S,H,0.0,N-terminal
S38I,38,S,I,0.019107986195206,N-terminal
S38K,38,S,K,0.0075434427222101,N-terminal
S38L,38,S,L,0.0224895555824669,N-terminal
S38M,38,S,M,0.0193304976992008,N-terminal
S38N,38,S,N,0.0089693327682261,N-terminal
S38P,38,S,P,0.0186493400339065,N-terminal
S38Q,38,S,Q,0.0173876846694115,N-terminal
S38R,38,S,R,0.0122472148219922,N-terminal
S38T,38,S,T,0.0086908149673044,N-terminal
S38V,38,S,V,0.0334342455800436,N-terminal
S38W,38,S,W,0.0105465911843075,N-terminal
S38Y,38,S,Y,0.035369490191331,N-terminal
E39A,39,E,A,0.0021706224267377,N-terminal
E39C,39,E,C,0.0111263320416565,N-terminal
E39D,39,E,D,0.0148129086946006,N-terminal
E39F,39,E,F,0.0273901065633325,N-terminal
E39G,39,E,G,0.0083812666505221,N-terminal
E39H,39,E,H,0.012114767498185,N-terminal
E39I,39,E,I,0.0087082223298619,N-terminal
E39K,39,E,K,0.0065731714700896,N-terminal
E39L,39,E,L,0.0097609893436667,N-terminal
E39M,39,E,M,0.0207412509082102,N-terminal
E39N,39,E,N,0.0111755267619278,N-terminal
E39P,39,E,P,0.0014690300314846,N-terminal
E39Q,39,E,Q,0.0034564967304432,N-terminal
E39R,39,E,R,0.0,N-terminal
E39S,39,E,S,0.0121223359166868,N-terminal
E39T,39,E,T,0.0057905969968529,N-terminal
E39V,39,E,V,0.0007810607895374,N-terminal
E39W,39,E,W,0.0240796803100024,N-terminal
E39Y,39,E,Y,0.0091502179704543,N-terminal
N40A,40,N,A,0.0164673649794139,N-terminal
N40C,40,N,C,0.0095702651973829,N-terminal
N40D,40,N,D,0.026419078469363,N-terminal
N40E,40,N,E,0.0262896585129571,N-terminal
N40F,40,N,F,0.041216093485104,N-terminal
N40G,40,N,G,0.0207442782756101,N-terminal
N40H,40,N,H,0.0234371215790748,N-terminal
N40I,40,N,I,0.045287902639863,N-terminal
N40K,40,N,K,0.0099698776943555,N-terminal
N40L,40,N,L,0.0085909118430598,N-terminal
N40M,40,N,M,0.0259135081133446,N-terminal
N40P,40,N,P,0.0,N-terminal
N40Q,40,N,Q,0.0244656696536677,N-terminal
N40R,40,N,R,0.0248198716396222,N-terminal
N40S,40,N,S,0.0285367219665779,N-terminal
N40T,40,N,T,0.0113685214337612,N-terminal
N40V,40,N,V,0.0347783967062243,N-terminal
N40W,40,N,W,0.0071930249455073,N-terminal
N40Y,40,N,Y,0.0017195446839414,N-terminal
D41A,41,D,A,0.0,N-terminal
D41C,41,D,C,0.0214186243642514,N-terminal
D41E,41,D,E,0.0293745458948898,N-terminal
D41F,41,D,F,0.0275906696536692,N-terminal
D41G,41,D,G,0.0203484499878891,N-terminal
D41H,41,D,H,0.0221202167595045,N-terminal
D41I,41,D,I,0.022703741826108,N-terminal
D41K,41,D,K,0.019497759748123,N-terminal
D41L,41,D,L,0.013392316541534,N-terminal
D41M,41,D,M,0.0059079074836508,N-terminal
D41N,41,D,N,0.046072747638652,N-terminal
D41P,41,D,P,0.0184132053766031,N-terminal
D41Q,41,D,Q,0.0246586643255025,N-terminal
D41R,41,D,R,0.0240357834826834,N-terminal
D41S,41,D,S,0.0133453923468152,N-terminal
D41T,41,D,T,0.0023598328893194,N-terminal
D41V,41,D,V,0.0099910692661647,N-terminal
D41W,41,D,W,0.0291308428190845,N-terminal
D41Y,41,D,Y,0.0105768648583178,N-terminal
S42A,42,S,A,0.0317593545652714,N-terminal
S42C,42,S,C,0.016576350205861,N-terminal
S42D,42,S,D,0.0378110620004858,N-terminal
S42E,42,S,E,0.0132977113102446,N-terminal
S42F,42,S,F,0.0305695991765561,N-terminal
S42G,42,S,G,0.0429174739646418,N-terminal
S42H,42,S,H,0.0356646585129585,N-terminal
S42I,42,S,I,0.0480125333010414,N-terminal
S42K,42,S,K,0.0367658634051843,N-terminal
S42L,42,S,L,0.0219627936546379,N-terminal
S42M,42,S,M,0.0232017437636245,N-terminal
S42N,42,S,N,0.0420993279244383,N-terminal
S42P,42,S,P,0.0348616493097602,N-terminal
S42Q,42,S,Q,0.0,N-terminal
S42R,42,S,R,0.0265295773795122,N-terminal
S42T,42,S,T,0.0471187030758067,N-terminal
S42V,42,S,V,0.0315247335916701,N-terminal
S42W,42,S,W,0.0109583131508854,N-terminal
S42Y,42,S,Y,0.0390825563090337,N-terminal
N43A,43,N,A,0.017168957374667,N-terminal
N43C,43,N,C,0.0176434972148206,N-terminal
N43D,43,N,D,0.0153411843061274,N-terminal
N43E,43,N,E,0.0102559639137791,N-terminal
N43F,43,N,F,0.017982562363767,N-terminal
N43G,43,N,G,0.0040884596754648,N-terminal
N43H,43,N,H,0.0111490372971649,N-terminal
N43I,43,N,I,0.0215783179946718,N-terminal
N43K,43,N,K,0.0101030818600131,N-terminal
N43L,43,N,L,0.0129276156454333,N-terminal
N43M,43,N,M,0.0166641438604989,N-terminal
N43P,43,N,P,0.0188249273431809,N-terminal
N43Q,43,N,Q,0.0,N-terminal
N43R,43,N,R,0.0140242794865585,N-terminal
N43S,43,N,S,0.0170001816420441,N-terminal
N43T,43,N,T,0.0273976749818358,N-terminal
N43V,43,N,V,0.0099010050859758,N-terminal
N43W,43,N,W,0.0067290808912569,N-terminal
N43Y,43,N,Y,0.0152700411721952,N-terminal
S44A,44,S,A,0.0061569084524097,N-terminal
S44C,44,S,C,0.0125650883991281,N-terminal
S44D,44,S,D,0.0423430310002422,N-terminal
S44E,44,S,E,0.0220785904577393,N-terminal
S44F,44,S,F,0.0138933458464519,N-terminal
S44G,44,S,G,0.0059162327440058,N-terminal
S44H,44,S,H,0.0227786691692918,N-terminal
S44I,44,S,I,0.0,N-terminal
S44K,44,S,K,0.016774642770648,N-terminal
S44L,44,S,L,0.0037970755630917,N-terminal
S44M,44,S,M,0.0133620428675238,N-terminal
S44N,44,S,N,0.021249091789781,N-terminal
S44P,44,S,P,0.0049739646403501,N-terminal
S44Q,44,S,Q,0.021791747396464,N-terminal
S44R,44,S,R,0.0140257931702605,N-terminal
S44T,44,S,T,0.0139501089852264,N-terminal
S44V,44,S,V,0.0088134233470574,N-terminal
S44W,44,S,W,0.0106760111407134,N-terminal
S44Y,44,S,Y,0.0280599116008719,N-terminal
F45A,45,F,A,0.028483743037055,N-terminal
F45C,45,F,C,0.0330535541293291,N-terminal
F45D,45,F,D,0.0040816480988146,N-terminal
F45E,45,F,E,0.0215987527246321,N-terminal
F45G,45,F,G,0.0226583313150884,N-terminal
F45H,45,F,H,0.0136700775006069,N-terminal
F45I,45,F,I,0.026773280455316,N-terminal
F45K,45,F,K,0.0108182974085735,N-terminal
F45L,45,F,L,0.0179220150157423,N-terminal
F45M,45,F,M,0.0193410934851067,N-terminal
F45N,45,F,N,0.0097314725115054,N-terminal
F45P,45,F,P,0.0282521494308563,N-terminal
F45Q,45,F,Q,0.0227135807701623,N-terminal
F45R,45,F,R,0.018585765318479,N-terminal
F45S,45,F,S,0.0096489767498183,N-terminal
F45T,45,F,T,0.0,N-terminal
F45V,45,F,V,0.0153101537902654,N-terminal
F45W,45,F,W,0.021765257931704,N-terminal
F45Y,45,F,Y,0.0030243400339065,N-terminal
M46A,46,M,A,0.0121889379995142,N-terminal
M46C,46,M,C,0.0155652094938227,N-terminal
M46D,46,M,D,0.0276073201743764,N-terminal
M46E,46,M,E,0.0165627270525537,N-terminal
M46F,46,M,F,0.0416035965124714,N-terminal
M46G,46,M,G,0.0269571930249441,N-terminal
M46H,46,M,H,0.046171137079196,N-terminal
M46I,46,M,I,0.0309086643255025,N-terminal
M46K,46,M,K,0.0207018951319918,N-terminal
M46L,46,M,L,0.0376059578590444,N-terminal
M46N,46,M,N,0.0083585613950095,N-terminal
M46P,46,M,P,0.0250287599903124,N-terminal
M46Q,46,M,Q,0.0134763259869203,N-terminal
M46R,46,M,R,0.0,N-terminal
M46S,46,M,S,0.0260187091305401,N-terminal
M46T,46,M,T,0.0256955376604491,N-terminal
M46V,46,M,V,0.0434389379995156,N-terminal
M46W,46,M,W,0.0358266226689257,N-terminal
M46Y,46,M,Y,0.032112042867521,N-terminal
N47A,47,N,A,0.0197497880842819,N-terminal
N47C,47,N,C,0.0194848934366675,N-terminal
N47D,47,N,D,0.0179976992007764,N-terminal
N47E,47,N,E,0.0260898522644708,N-terminal
N47F,47,N,F,0.0177252361346573,N-terminal
N47G,47,N,G,0.0200328469363042,N-terminal
N47H,47,N,H,0.0,N-terminal
N47I,47,N,I,0.0220029062727066,N-terminal
N47K,47,N,K,0.0306982622911116,N-terminal
N47L,47,N,L,0.0243415475902169,N-terminal
N47M,47,N,M,0.0151739222572051,N-terminal
N47P,47,N,P,0.0022924739646403,N-terminal
N47Q,47,N,Q,0.0006788871397446,N-terminal
N47R,47,N,R,0.0160927282635034,N-terminal
N47S,47,N,S,0.0167315027851794,N-terminal
N47T,47,N,T,0.0164734197142179,N-terminal
N47V,47,N,V,0.0274831981109241,N-terminal
N47W,47,N,W,0.0029819568902882,N-terminal
N47Y,47,N,Y,0.0054515318479064,N-terminal
L48A,48,L,A,0.0305998728505691,N-terminal
L48C,48,L,C,0.0254972450956662,N-terminal
L48D,48,L,D,0.0185993884717849,N-terminal
L48E,48,L,E,0.0158104262533315,N-terminal
L48F,48,L,F,0.0099850145313649,N-terminal
L48G,48,L,G,0.0,N-terminal
L48H,48,L,H,0.0432149128118189,N-terminal
L48I,48,L,I,0.0129548619520479,N-terminal
L48K,48,L,K,0.0089155969968529,N-terminal
L48M,48,L,M,0.0332503330104141,N-terminal
L48N,48,L,N,0.0072808186001467,N-terminal
L48P,48,L,P,0.001298740615161,N-terminal
L48Q,48,L,Q,0.0251786146766786,N-terminal
L48R,48,L,R,0.0072550859772356,N-terminal
L48S,48,L,S,0.0063748789053053,N-terminal
L48T,48,L,T,0.0096232441269086,N-terminal
L48V,48,L,V,0.0167670743521434,N-terminal
L48W,48,L,W,0.0056013865342712,N-terminal
L48Y,48,L,Y,0.0050950593364024,N-terminal
T49A,49,T,A,0.015025581254541,N-terminal
T49C,49,T,C,0.0075237648341002,N-terminal
T49D,49,T,D,0.0207200593363996,N-terminal
T49E,49,T,E,0.0222413114555582,N-terminal
T49F,49,T,F,0.0078688847178479,N-terminal
T49G,49,T,G,0.0168351901186728,N-terminal
T49H,49,T,H,0.032663023734559,N-terminal
T49I,49,T,I,0.0068532029547105,N-terminal
T49K,49,T,K,0.0081383204165657,N-terminal
T49L,49,T,L,0.0369694538629194,N-terminal
T49M,49,T,M,0.018076410753209,N-terminal
T49N,49,T,N,0.0236278457253558,N-terminal
T49P,49,T,P,0.0096361104383614,N-terminal
T49Q,49,T,Q,0.0171568479050603,N-terminal
T49R,49,T,R,0.0,N-terminal
T49S,49,T,S,0.0161267861467667,N-terminal
T49V,49,T,V,0.0012722511503996,N-terminal
T49W,49,T,W,0.0141741341729218,N-terminal
T49Y,49,T,Y,0.0209743581981109,N-terminal
S50A,50,S,A,0.0246314180188894,N-terminal
S50C,50,S,C,0.0291141922983759,N-terminal
S50D,50,S,D,0.022856623879874,N-terminal
S50E,50,S,E,0.0269072414628225,N-terminal
S50F,50,S,F,0.0241432550254285,N-terminal
S50G,50,S,G,0.0213134233470574,N-terminal
S50H,50,S,H,0.0172401005085977,N-terminal
S50I,50,S,I,0.0240842213611044,N-terminal
S50K,50,S,K,0.0347662872366176,N-terminal
S50L,50,S,L,0.0314815936061986,N-terminal
S50M,50,S,M,0.0127535420198581,N-terminal
S50N,50,S,N,0.0367075865827077,N-terminal
S50P,50,S,P,0.0209440845240978,N-terminal
S50Q,50,S,Q,0.0159194114797757,N-terminal
S50R,50,S,R,0.0085833434245566,N-terminal
S50T,50,S,T,0.0192896282392831,N-terminal
S50V,50,S,V,0.0,N-terminal
S50W,50,S,W,0.0254412387987392,N-terminal
S50Y,50,S,Y,0.0250537357713718,N-terminal
D51A,51,D,A,0.0229330649067557,N-terminal
D51C,51,D,C,0.0577122184548303,N-terminal
D51E,51,D,E,0.0,N-terminal
D51F,51,D,F,0.0310282453378528,N-terminal
D51G,51,D,G,0.0231366553644936,N-terminal
D51H,51,D,H,0.0201781605715655,N-terminal
D51I,51,D,I,0.0364381508839913,N-terminal
D51K,51,D,K,0.0230692964398145,N-terminal
D51L,51,D,L,0.0202341668684897,N-terminal
D51M,51,D,M,0.0244058791474933,N-terminal
D51N,51,D,N,0.019095876725598,N-terminal
D51P,51,D,P,0.018428342213611,N-terminal
D51Q,51,D,Q,0.0200820416565754,N-terminal
D51R,51,D,R,0.0038977355291824,N-terminal
D51S,51,D,S,0.0184533179946718,N-terminal
D51T,51,D,T,0.0411608440300315,N-terminal
D51V,51,D,V,0.0160700230079908,N-terminal
D51W,51,D,W,0.0117666202470331,N-terminal
D51Y,51,D,Y,0.0104164143860484,N-terminal
K52A,52,K,A,0.0214685759263758,N-terminal
K52C,52,K,C,0.040705982077985,N-terminal
K52D,52,K,D,0.0266900278517815,N-terminal
K52E,52,K,E,0.0131380176798256,N-terminal
K52F,52,K,F,0.008340397190603,N-terminal
K52G,52,K,G,0.0384286449503512,N-terminal
K52H,52,K,H,0.0170667837248728,N-terminal
K52I,52,K,I,0.0075502542988631,N-terminal
K52L,52,K,L,0.0277564180188908,N-terminal
K52M,52,K,M,0.0437863284088157,N-terminal
K52N,52,K,N,0.0279933095180445,N-terminal
K52P,52,K,P,0.0223661903608636,N-terminal
K52Q,52,K,Q,0.02710326350206,N-terminal
K52R,52,K,R,0.0,N-terminal
K52S,52,K,S,0.0064422378299844,N-terminal
K52T,52,K,T,0.0433435759263744,N-terminal
K52V,52,K,V,0.0144730867038023,N-terminal
K52W,52,K,W,0.0061516105594589,N-terminal
K52Y,52,K,Y,0.0479391196415597,N-terminal
N53A,53,N,A,0.0073580164688786,N-terminal
N53C,53,N,C,0.0,N-terminal
N53D,53,N,D,0.0114850750787115,N-terminal
N53E,53,N,E,0.0161843061273916,N-terminal
N53F,53,N,F,0.0004616735286994,N-terminal
N53G,53,N,G,0.0155296379268602,N-terminal
N53H,53,N,H,0.0258877754904349,N-terminal
N53I,53,N,I,0.02092592031969,N-terminal
N53K,53,N,K,0.0135633627997093,N-terminal
N53L,53,N,L,0.0196271797045289,N-terminal
N53M,53,N,M,0.0327765500121109,N-terminal
N53P,53,N,P,0.0376672620489223,N-terminal
N53Q,53,N,Q,0.0221270283361603,N-terminal
N53R,53,N,R,0.0419979111164931,N-terminal
N53S,53,N,S,0.0394223782998305,N-terminal
N53T,53,N,T,0.0117900823443947,N-terminal
N53V,53,N,V,0.0436137684669426,N-terminal
N53W,53,N,W,0.0195885807701637,N-terminal
N53Y,53,N,Y,0.0142271131024461,N-terminal
E54A,54,E,A,0.0391695931218213,N-terminal
E54C,54,E,C,0.005269889803828,N-terminal
E54D,54,E,D,0.0238344635504965,N-terminal
E54F,54,E,F,0.0197414628239297,N-terminal
E54G,54,E,G,0.0235491341729246,N-terminal
E54H,54,E,H,0.0392013804795364,N-terminal
E54I,54,E,I,0.0148628602567221,N-terminal
E54K,54,E,K,0.0,N-terminal
E54L,54,E,L,0.0136208827803356,N-terminal
E54M,54,E,M,0.0450759869217743,N-terminal
E54N,54,E,N,0.0308746064422392,N-terminal
E54P,54,E,P,0.0317934124485348,N-terminal
E54Q,54,E,Q,0.008073232017439,N-terminal
E54R,54,E,R,0.0144798982804553,N-terminal
E54S,54,E,S,0.0266779183821748,N-terminal
E54T,54,E,T,0.0380562787599903,N-terminal
E54V,54,E,V,0.028443630418989,N-terminal
E54W,54,E,W,0.0167708585613964,N-terminal
E54Y,54,E,Y,0.011517619278277,N-terminal
K55A,55,K,A,0.0296364131751029,N-terminal
K55C,55,K,C,0.0185963611043822,N-terminal
K55D,55,K,D,0.0009823807217229,N-terminal
K55E,55,K,E,0.0203628299830453,N-terminal
K55F,55,K,F,0.036826410753209,N-terminal
K55G,55,K,G,0.0142899309760232,N-terminal
K55H,55,K,H,0.0085583676434958,N-terminal
K55I,55,K,I,0.0129624303705483,N-terminal
K55L,55,K,L,0.0033982199079666,N-terminal
K55M,55,K,M,0.0057913538387004,N-terminal
K55N,55,K,N,0.0087294139016711,N-terminal
K55P,55,K,P,0.0160193146040189,N-terminal
K55Q,55,K,Q,0.0164650944538629,N-terminal
K55R,55,K,R,0.006713944054249,N-terminal
K55S,55,K,S,0.0,N-terminal
K55T,55,K,T,0.0216093485105352,N-terminal
K55V,55,K,V,0.0163757871155229,N-terminal
K55W,55,K,W,0.0027760959069978,N-terminal
K55Y,55,K,Y,0.0295153184790492,N-terminal
T56A,56,T,A,0.0126786146766785,N-terminal
T56C,56,T,C,0.021988526277549,N-terminal
T56D,56,T,D,0.0032430673286524,N-terminal
T56E,56,T,E,0.0113972814240736,N-terminal
T56F,56,T,F,0.0,N-terminal
T56G,56,T,G,0.033242007750062,N-terminal
T56H,56,T,H,0.0167852385565512,N-terminal
T56I,56,T,I,0.0112739162024703,N-terminal
T56K,56,T,K,0.0309048801162523,N-terminal
T56L,56,T,L,0.0204816541535481,N-terminal
T56M,56,T,M,0.0323655848873819,N-terminal
T56N,56,T,N,0.0148257750060561,N-terminal
T56P,56,T,P,0.0033293472995896,N-terminal
T56Q,56,T,Q,0.0219673347057413,N-terminal
T56R,56,T,R,0.0085174981835795,N-terminal
T56S,56,T,S,0.0265409300072657,N-terminal
T56V,56,T,V,0.0186909663356745,N-terminal
T56W,56,T,W,0.0268444235892482,N-terminal
T56Y,56,T,Y,0.0249871336885458,N-terminal
E57A,57,E,A,0.0351409239525309,N-terminal
E57C,57,E,C,0.0177539961249711,N-terminal
E57D,57,E,D,0.0177108561395011,N-terminal
E57F,57,E,F,0.0009210765318493,N-terminal
E57G,57,E,G,0.0254132356502799,N-terminal
E57H,57,E,H,0.0046053826592409,N-terminal
E57I,57,E,I,0.0025119581012351,N-terminal
E57K,57,E,K,0.0114638835069038,N-terminal
E57L,57,E,L,0.0263479353354337,N-terminal
E57M,57,E,M,0.0150641801889077,N-terminal
E57N,57,E,N,0.0,N-terminal
E57P,57,E,P,0.0063264410268844,N-terminal
E57Q,57,E,Q,0.0123562000484393,N-terminal
E57R,57,E,R,0.0242567813029803,N-terminal
E57S,57,E,S,0.0166444659723904,N-terminal
E57T,57,E,T,0.010284723904093,N-terminal
E57V,57,E,V,0.0025982380721724,N-terminal
E57W,57,E,W,0.0231843364010656,N-terminal
E57Y,57,E,Y,0.0145048740615161,N-terminal
N58A,58,N,A,0.0107448837490918,N-terminal
N58C,58,N,C,0.0,N-terminal
N58D,58,N,D,0.0343636473722451,N-terminal
N58E,58,N,E,0.0302888108500834,N-terminal
N58F,58,N,F,0.0130471966577849,N-terminal
N58G,58,N,G,0.0314967304432066,N-terminal
N58H,58,N,H,0.0185373274400581,N-terminal
N58I,58,N,I,0.0131523976749804,N-terminal
N58K,58,N,K,0.0230776217001695,N-terminal
N58L,58,N,L,0.0154274642770632,N-terminal
N58M,58,N,M,0.0181309033664325,N-terminal
N58P,58,N,P,0.0145412024703304,N-terminal
N58Q,58,N,Q,0.019450078711551,N-terminal
N58R,58,N,R,0.0069099660934837,N-terminal
N58S,58,N,S,0.0357562363768453,N-terminal
N58T,58,N,T,0.0168488132719773,N-terminal
N58V,58,N,V,0.0277851780092018,N-terminal
N58W,58,N,W,0.0198973722450956,N-terminal
N58Y,58,N,Y,0.0181210644223769,N-terminal
N59A,59,N,A,0.0209425708403972,N-terminal
N59C,59,N,C,0.0262033785420213,N-terminal
N59D,59,N,D,0.0325790142891741,N-terminal
N59E,59,N,E,0.0192790324533799,N-terminal
N59F,59,N,F,0.0229898280455316,N-terminal
N59G,59,N,G,0.0355231290869474,N-terminal
N59H,59,N,H,0.0303433034633097,N-terminal
N59I,59,N,I,0.0054257992249953,N-terminal
N59K,59,N,K,0.0361830951804311,N-terminal
N59L,59,N,L,0.0502527851780106,N-terminal
N59M,59,N,M,0.0276557580527987,N-terminal
N59P,59,N,P,0.0339451138290143,N-terminal
N59Q,59,N,Q,0.0402882053766045,N-terminal
N59R,59,N,R,0.0214133264713019,N-terminal
N59S,59,N,S,0.0203310426253344,N-terminal
N59T,59,N,T,0.0419479595543715,N-terminal
N59V,59,N,V,0.0338550496488268,N-terminal
N59W,59,N,W,0.0,N-terminal
N59Y,59,N,Y,0.0213088822959568,N-terminal
S60A,60,S,A,0.0039113586824897,N-terminal
S60C,60,S,C,0.014087097360137,N-terminal
S60D,60,S,D,0.0264357289900702,N-terminal
S60E,60,S,E,0.023095029062727,N-terminal
S60F,60,S,F,0.0042610196173407,N-terminal
S60G,60,S,G,0.0162168503269571,N-terminal
S60H,60,S,H,0.0354201985953029,N-terminal
S60I,60,S,I,0.0185282453378556,N-terminal
S60K,60,S,K,0.0381576955679341,N-terminal
S60L,60,S,L,0.0117181823686136,N-terminal
S60M,60,S,M,0.0150490433519012,N-terminal
S60N,60,S,N,0.0099509566480988,N-terminal
S60P,60,S,P,0.0149037297166384,N-terminal
S60Q,60,S,Q,0.0245928190845255,N-terminal
S60R,60,S,R,0.0139046984742068,N-terminal
S60T,60,S,T,0.0370072959554372,N-terminal
S60V,60,S,V,0.0244172317752482,N-terminal
S60W,60,S,W,0.0251536388956178,N-terminal
S60Y,60,S,Y,0.0,N-terminal
F61A,61,F,A,0.0414401186728036,N-terminal
F61C,61,F,C,0.0083214761443448,N-terminal
F61D,61,F,D,0.0278570779849842,N-terminal
F61E,61,F,E,0.0199957616856381,N-terminal
F61G,61,F,G,0.0114033361588762,N-terminal
F61H,61,F,H,0.0294842879631886,N-terminal
F61I,61,F,I,0.00518209614919,N-terminal
F61K,61,F,K,0.0,N-terminal
F61L,61,F,L,0.013411237587795,N-terminal
F61M,61,F,M,0.0277821506418019,N-terminal
F61N,61,F,N,0.0114162024703318,N-terminal
F61P,61,F,P,0.0240683276822475,N-terminal
F61Q,61,F,Q,0.0377300799225008,N-terminal
F61R,61,F,R,0.0205316057156696,N-terminal
F61S,61,F,S,0.0418079438120625,N-terminal
F61T,61,F,T,0.0249674558004373,N-terminal
F61V,61,F,V,0.015151973843547,N-terminal
F61W,61,F,W,0.0426911782513926,N-terminal
F61Y,61,F,Y,0.0275270949382431,N-terminal
L62A,62,L,A,0.0254586461612981,N-terminal
L62C,62,L,C,0.0147712823928326,N-terminal
L62D,62,L,D,0.0204990615161056,N-terminal
L62E,62,L,E,0.0151504601598464,N-terminal
L62F,62,L,F,0.0012752785178023,N-terminal
L62G,62,L,G,0.0380108682489707,N-terminal
L62H,62,L,H,0.0122298074594347,N-terminal
L62I,62,L,I,0.0332261140712037,N-terminal
L62K,62,L,K,0.0,N-terminal
L62M,62,L,M,0.0390840699927357,N-terminal
L62N,62,L,N,0.0174058488738193,N-terminal
L62P,62,L,P,0.0217357410995398,N-terminal
L62Q,62,L,Q,0.0361248183579573,N-terminal
L62R,62,L,R,0.0002694356987163,N-terminal
L62S,62,L,S,0.0131130418987648,N-terminal
L62T,62,L,T,0.0260414143860499,N-terminal
L62V,62,L,V,0.0185713853233242,N-terminal
L62W,62,L,W,0.0110128057641089,N-terminal
L62Y,62,L,Y,0.0050178614676677,N-terminal
L63A,63,L,A,0.0195166807943812,N-terminal
L63C,63,L,C,0.0025634233470559,N-terminal
L63D,63,L,D,0.025586552434002,N-terminal
L63E,63,L,E,0.0120110801646873,N-terminal
L63F,63,L,F,0.001209433276821,N-terminal
L63G,63,L,G,0.0223200230079908,N-terminal
L63H,63,L,H,0.0218000726568176,N-terminal
L63I,63,L,I,0.0082601719544684,N-terminal
L63K,63,L,K,0.0052350750787115,N-terminal
L63M,63,L,M,0.0187817873577123,N-terminal
L63N,63,L,N,0.0064611588762412,N-terminal
L63P,63,L,P,0.0135436849116008,N-terminal
L63Q,63,L,Q,0.0309518043109712,N-terminal
L63R,63,L,R,0.0184487769435699,N-terminal
L63S,63,L,S,0.0090616674739646,N-terminal
L63T,63,L,T,0.0190050557035588,N-terminal
L63V,63,L,V,0.0,N-terminal
L63W,63,L,W,0.013549739646402,N-terminal
L63Y,63,L,Y,0.0176510656333238,N-terminal
N64A,64,N,A,0.0267823625575186,N-terminal
N64C,64,N,C,0.0133257144587053,N-terminal
N64D,64,N,D,0.0250227052555084,N-terminal
N64E,64,N,E,0.0170198595301526,N-terminal
N64F,64,N,F,0.0080263078227173,N-terminal
N64G,64,N,G,0.0215177706466443,N-terminal
N64H,64,N,H,0.0418609227415839,N-terminal
N64I,64,N,I,0.0161593303463294,N-terminal
N64K,64,N,K,0.0248917716154032,N-terminal
N64L,64,N,L,0.0150164991523357,N-terminal
N64M,64,N,M,0.0187469726325987,N-terminal
N64P,64,N,P,0.0232214216517302,N-terminal
N64Q,64,N,Q,0.0043238374909179,N-terminal
N64R,64,N,R,0.003901519738434,N-terminal
N64S,64,N,S,0.0429621276338097,N-terminal
N64T,64,N,T,0.0205747457011383,N-terminal
N64V,64,N,V,0.0072172438847164,N-terminal
N64W,64,N,W,0.0,N-terminal
N64Y,64,N,Y,0.0045690542504238,N-terminal
N65A,65,N,A,0.0310872790021797,N-terminal
N65C,65,N,C,0.0116379571324776,N-terminal
N65D,65,N,D,0.0246215790748365,N-terminal
N65E,65,N,E,0.0220104746912071,N-terminal
N65F,65,N,F,0.027121427706465,N-terminal
N65G,65,N,G,0.0266900278517801,N-terminal
N65H,65,N,H,0.0208835371760717,N-terminal
N65I,65,N,I,0.0329468394284316,N-terminal
N65K,65,N,K,0.0205565814967304,N-terminal
N65L,65,N,L,0.0196127997093713,N-terminal
N65M,65,N,M,0.0322959554371504,N-terminal
N65P,65,N,P,0.0361308730927585,N-terminal
N65Q,65,N,Q,0.0374349116008719,N-terminal
N65R,65,N,R,0.0310380842819084,N-terminal
N65S,65,N,S,0.0205679341244853,N-terminal
N65T,65,N,T,0.0241319023976736,N-terminal
N65V,65,N,V,0.0124651852748835,N-terminal
N65W,65,N,W,0.0,N-terminal
N65Y,65,N,Y,0.0152935032695554,N-terminal
S66A,66,S,A,0.0,N-terminal
S66C,66,S,C,0.0102953196899961,N-terminal
S66D,66,S,D,0.0216971421651717,N-terminal
S66E,66,S,E,0.0173778457253572,N-terminal
S66F,66,S,F,0.0059487769435698,N-terminal
S66G,66,S,G,0.0081163720029048,N-terminal
S66H,66,S,H,0.0109840457737937,N-terminal
S66I,66,S,I,0.0118529002179704,N-terminal
S66K,66,S,K,0.0219370610317254,N-terminal
S66L,66,S,L,0.0065088399128118,N-terminal
S66M,66,S,M,0.0218636473722437,N-terminal
S66N,66,S,N,0.0170047226931446,N-terminal
S66P,66,S,P,0.0272183034633083,N-terminal
S66Q,66,S,Q,0.0104640954226205,N-terminal
S66R,66,S,R,0.0186031726810351,N-terminal
S66T,66,S,T,0.0079528941632356,N-terminal
S66V,66,S,V,0.0165400217970453,N-terminal
S66W,66,S,W,0.0338633749091776,N-terminal
S66Y,66,S,Y,0.0211575139258886,N-terminal
S67A,67,S,A,0.0224835008476614,N-terminal
S67C,67,S,C,0.0085969665778624,N-terminal
S67D,67,S,D,0.0187091305400809,N-terminal
S67E,67,S,E,0.0235339973359167,N-terminal
S67F,67,S,F,0.0093424558004359,N-terminal
S67G,67,S,G,0.0086461612981337,N-terminal
S67H,67,S,H,0.0148590760474691,N-terminal
S67I,67,S,I,0.0180529486558489,N-terminal
S67K,67,S,K,0.0291051101961734,N-terminal
S67L,67,S,L,0.0012487890530394,N-terminal
S67M,67,S,M,0.0,N-terminal
S67N,67,S,N,0.0273409118430613,N-terminal
S67P,67,S,P,0.0185660874303691,N-terminal
S67Q,67,S,Q,0.0077598994914008,N-terminal
S67R,67,S,R,0.0076032332283846,N-terminal
S67T,67,S,T,0.0144518951319918,N-terminal
S67V,67,S,V,0.0245284875272463,N-terminal
S67W,67,S,W,0.0139251332041656,N-terminal
S67Y,67,S,Y,0.0148810244611272,N-terminal
Y68A,68,Y,A,0.0184835916686849,N-terminal
Y68C,68,Y,C,0.0269730867038024,N-terminal
Y68D,68,Y,D,0.0303296803100024,N-terminal
Y68E,68,Y,E,0.0283096694114812,N-terminal
Y68F,68,Y,F,0.0124833494792942,N-terminal
Y68G,68,Y,G,0.0187658936788568,N-terminal
Y68H,68,Y,H,0.0341517316541536,N-terminal
Y68I,68,Y,I,0.0246616916929052,N-terminal
Y68K,68,Y,K,0.0425034814725115,N-terminal
Y68L,68,Y,L,0.0266105594574958,N-terminal
Y68M,68,Y,M,0.004430552191814,N-terminal
Y68N,68,Y,N,0.0,N-terminal
Y68P,68,Y,P,0.0194962460644238,N-terminal
Y68Q,68,Y,Q,0.0150755328166626,N-terminal
Y68R,68,Y,R,0.0594385747154289,N-terminal
Y68S,68,Y,S,0.0228324049406636,N-terminal
Y68T,68,Y,T,0.0151890590942131,N-terminal
Y68V,68,Y,V,0.0210485286994429,N-terminal
Y68W,68,Y,W,0.0100750787115524,N-terminal
G69A,69,G,A,0.0286843061273902,N-terminal
G69C,69,G,C,0.0339587369823202,N-terminal
G69D,69,G,D,0.0061092274158391,N-terminal
G69E,69,G,E,0.0231290869459918,N-terminal
G69F,69,G,F,0.0137442480019361,N-terminal
G69H,69,G,H,0.0156378663114555,N-terminal
G69I,69,G,I,0.029592516347784,N-terminal
G69K,69,G,K,0.0,N-terminal
G69L,69,G,L,0.0220445325744732,N-terminal
G69M,69,G,M,0.0091411358682489,N-terminal
G69N,69,G,N,0.0128489040930007,N-terminal
G69P,69,G,P,0.0173619520464989,N-terminal
G69Q,69,G,Q,0.0188657968031,N-terminal
G69R,69,G,R,0.0081443751513683,N-terminal
G69S,69,G,S,0.0106116795834342,N-terminal
G69T,69,G,T,0.0310804674255268,N-terminal
G69V,69,G,V,0.0051238193267134,N-terminal
G69W,69,G,W,0.0165248849600373,N-terminal
G69Y,69,G,Y,0.0057398885928796,N-terminal
N70A,70,N,A,0.024916747396464,N-terminal
N70C,70,N,C,0.0039794744490191,N-terminal
N70D,70,N,D,0.0082124909178978,N-terminal
N70E,70,N,E,0.0282975599418731,N-terminal
N70F,70,N,F,0.0193486619036086,N-terminal
N70G,70,N,G,0.0153593485105352,N-terminal
N70H,70,N,H,0.0236074109953984,N-terminal
N70I,70,N,I,0.013042655606683,N-terminal
N70K,70,N,K,0.0198512048922243,N-terminal
N70L,70,N,L,0.0317866008718818,N-terminal
N70M,70,N,M,0.0085999939452652,N-terminal
N70P,70,N,P,0.0266173710341473,N-terminal
N70Q,70,N,Q,0.0262253269556793,N-terminal
N70R,70,N,R,0.0263532332283832,N-terminal
N70S,70,N,S,0.0058238980382659,N-terminal
N70T,70,N,T,0.0129041535480746,N-terminal
N70V,70,N,V,0.0,N-terminal
N70W,70,N,W,0.004973207798497,N-terminal
N70Y,70,N,Y,0.0044366069266152,N-terminal
V71A,71,V,A,0.0148053402760959,N-terminal
V71C,71,V,C,0.0088906212157893,N-terminal
V71D,71,V,D,0.0075979353354309,N-terminal
V71E,71,V,E,0.0224509566480988,N-terminal
V71F,71,V,F,0.0,N-terminal
V71G,71,V,G,0.0169525006054735,N-terminal
V71H,71,V,H,0.0282513925890046,N-terminal
V71I,71,V,I,0.0191004177766999,N-terminal
V71K,71,V,K,0.025992976507629,N-terminal
V71L,71,V,L,0.0140507689513185,N-terminal
V71M,71,V,M,0.0105375090821008,N-terminal
V71N,71,V,N,0.0210129571324762,N-terminal
V71P,71,V,P,0.0335341487042868,N-terminal
V71Q,71,V,Q,0.0138123637684655,N-terminal
V71R,71,V,R,0.0088308307096149,N-terminal
V71S,71,V,S,0.0162206345362073,N-terminal
V71T,71,V,T,0.0156310547348012,N-terminal
V71W,71,V,W,0.0125582768224751,N-terminal
V71Y,71,V,Y,0.0105208585613936,N-terminal
K72A,72,K,A,0.0285760777427934,N-terminal
K72C,72,K,C,0.0313324957616856,N-terminal
K72D,72,K,D,0.0166891196415597,N-terminal
K72E,72,K,E,0.0263539900702335,N-terminal
K72F,72,K,F,0.0207177888108501,N-terminal
K72G,72,K,G,0.0164280092031955,N-terminal
K72H,72,K,H,0.0350644829256465,N-terminal
K72I,72,K,I,0.0288515681763125,N-terminal
K72L,72,K,L,0.0322127028336159,N-terminal
K72M,72,K,M,0.0211877875999017,N-terminal
K72N,72,K,N,0.0246177948655849,N-terminal
K72P,72,K,P,0.0181740433518998,N-terminal
K72Q,72,K,Q,0.0384589186243628,N-terminal
K72R,72,K,R,0.0225236134657288,N-terminal
K72S,72,K,S,0.038092607168806,N-terminal
K72T,72,K,T,0.0398098813271979,N-terminal
K72V,72,K,V,0.0,N-terminal
K72W,72,K,W,0.0336953560184064,N-terminal
K72Y,72,K,Y,0.0234295531605716,N-terminal
D73A,73,D,A,0.0335825865827077,N-terminal
D73C,73,D,C,0.0183685517074366,N-terminal
D73E,73,D,E,0.0150293654637941,N-terminal
D73F,73,D,F,0.013962975296682,N-terminal
D73G,73,D,G,0.0234045773795108,N-terminal
D73H,73,D,H,0.0296348994914023,N-terminal
D73I,73,D,I,0.0164143860498924,N-terminal
D73K,73,D,K,0.0300224025187697,N-terminal
D73L,73,D,L,0.0113980382659239,N-terminal
D73M,73,D,M,0.023973722450958,N-terminal
D73N,73,D,N,0.0060948474206829,N-terminal
D73P,73,D,P,0.0147319266166142,N-terminal
D73Q,73,D,Q,0.0242673770888849,N-terminal
D73R,73,D,R,0.0,N-terminal
D73S,73,D,S,0.024214398159362,N-terminal
D73T,73,D,T,0.0006402882053766,N-terminal
D73V,73,D,V,0.0221815209493838,N-terminal
D73W,73,D,W,0.0089821990796817,N-terminal
D73Y,73,D,Y,0.0049308246548815,N-terminal
S74A,74,S,A,0.0135141680794395,N-terminal
S74C,74,S,C,0.025084766287238,N-terminal
S74D,74,S,D,0.0031832768224765,N-terminal
S74E,74,S,E,0.0203476931460416,N-terminal
S74F,74,S,F,0.0156355957859046,N-terminal
S74G,74,S,G,0.0174066057156696,N-terminal
S74H,74,S,H,0.0006909966093499,N-terminal
S74I,74,S,I,0.0055673286510065,N-terminal
S74K,74,S,K,0.0123758779365478,N-terminal
S74L,74,S,L,0.0084054855897325,N-terminal
S74M,74,S,M,0.0362822414628239,N-terminal
S74N,74,S,N,0.0134483228384611,N-terminal
S74P,74,S,P,0.0080611225478338,N-terminal
S74Q,74,S,Q,0.0230117764591925,N-terminal
S74R,74,S,R,0.0399809275853732,N-terminal
S74T,74,S,T,0.0074253753935591,N-terminal
S74V,74,S,V,0.0,N-terminal
S74W,74,S,W,0.0100554008234439,N-terminal
S74Y,74,S,Y,0.0109598268345846,N-terminal
L75A,75,L,A,0.0268709130540068,N-terminal
L75C,75,L,C,0.0068070356018392,N-terminal
L75D,75,L,D,0.0315474388471785,N-terminal
L75E,75,L,E,0.0129677282635006,N-terminal
L75F,75,L,F,0.0,N-terminal
L75G,75,L,G,0.0438317389198353,N-terminal
L75H,75,L,H,0.0066511261806718,N-terminal
L75I,75,L,I,0.0147008961007508,N-terminal
L75K,75,L,K,0.0291573322838445,N-terminal
L75M,75,L,M,0.0229830164688772,N-terminal
L75N,75,L,N,0.0034125999031242,N-terminal
L75P,75,L,P,0.0323807217243871,N-terminal
L75Q,75,L,Q,0.0237141256962931,N-terminal
L75R,75,L,R,0.0113268951319918,N-terminal
L75S,75,L,S,0.0157619883749077,N-terminal
L75T,75,L,T,0.0055385686606912,N-terminal
L75V,75,L,V,0.0290725659966079,N-terminal
L75W,75,L,W,0.0009596754662145,N-terminal
L75Y,75,L,Y,0.0150089307338338,N-terminal
L76A,76,L,A,0.0082162751271508,N-terminal
L76C,76,L,C,0.0134172923225977,N-terminal
L76D,76,L,D,0.0022341971421651,N-terminal
L76E,76,L,E,0.0021865161055959,N-terminal
L76F,76,L,F,0.0,N-terminal
L76G,76,L,G,0.0045925163477853,N-terminal
L76H,76,L,H,0.0356790385081148,N-terminal
L76I,76,L,I,0.0246155243400339,N-terminal
L76K,76,L,K,0.0070734439331557,N-terminal
L76M,76,L,M,0.0142747941390181,N-terminal
L76N,76,L,N,0.0108160268830239,N-terminal
L76P,76,L,P,0.0027670138047967,N-terminal
L76Q,76,L,Q,0.0144670319689997,N-terminal
L76R,76,L,R,0.0188173589246791,N-terminal
L76S,76,L,S,0.0327886594817161,N-terminal
L76T,76,L,T,0.0298770888835083,N-terminal
L76V,76,L,V,0.0101257871155243,N-terminal
L76W,76,L,W,0.0065814967304432,N-terminal
L76Y,76,L,Y,0.0116697444901913,N-terminal
E77A,77,E,A,0.0270540687817873,N-terminal
E77C,77,E,C,0.0078809941874546,N-terminal
E77D,77,E,D,0.0188113041898765,N-terminal
E77F,77,E,F,0.0373213853233243,N-terminal
E77G,77,E,G,0.0396070477113103,N-terminal
E77H,77,E,H,0.0163182671348995,N-terminal
E77I,77,E,I,0.0044789900702349,N-terminal
E77K,77,E,K,0.0032990736255752,N-terminal
E77L,77,E,L,0.0250938483894419,N-terminal
E77M,77,E,M,0.0,N-terminal
E77N,77,E,N,0.0368650096875771,N-terminal
E77P,77,E,P,0.0143792383143632,N-terminal
E77Q,77,E,Q,0.0230965427464277,N-terminal
E77R,77,E,R,0.0194447808186001,N-terminal
E77S,77,E,S,0.0144632477597481,N-terminal
E77T,77,E,T,0.0260497396464035,N-terminal
E77V,77,E,V,0.0228498123032225,N-terminal
E77W,77,E,W,0.013258355534029,N-terminal
E77Y,77,E,Y,0.0195953923468166,N-terminal
S78A,78,S,A,0.0328174194720271,N-terminal
S78C,78,S,C,0.0,N-terminal
S78D,78,S,D,0.0447369217728264,N-terminal
S78E,78,S,E,0.0479868006781289,N-terminal
S78F,78,S,F,0.0065656030515863,N-terminal
S78G,78,S,G,0.0506978081860015,N-terminal
S78H,78,S,H,0.0043404880116236,N-terminal
S78I,78,S,I,0.0304833192056174,N-terminal
S78K,78,S,K,0.030255509808669,N-terminal
S78L,78,S,L,0.0275437454589489,N-terminal
S78M,78,S,M,0.0085750181642044,N-terminal
S78N,78,S,N,0.0466070779849843,N-terminal
S78P,78,S,P,0.0364313393073383,N-terminal
S78Q,78,S,Q,0.0150687212400083,N-terminal
S78R,78,S,R,0.0361316299346089,N-terminal
S78T,78,S,T,0.0364548014046971,N-terminal
S78V,78,S,V,0.0299512593848389,N-terminal
S78W,78,S,W,0.0181869096633553,N-terminal
S78Y,78,S,Y,0.0236959614918866,N-terminal
I79A,79,I,A,0.0263895616372003,N-terminal
I79C,79,I,C,0.0142225720513441,N-terminal
I79D,79,I,D,0.0232433700653897,N-terminal
I79E,79,I,E,0.0151126180673286,N-terminal
I79F,79,I,F,0.0155985105352385,N-terminal
I79G,79,I,G,0.0169835311213369,N-terminal
I79H,79,I,H,0.0094574957616842,N-terminal
I79K,79,I,K,0.0442926556066844,N-terminal
I79L,79,I,L,0.004548619520465,N-terminal
I79M,79,I,M,0.0151602991038978,N-terminal
I79N,79,I,N,0.0044706648098799,N-terminal
I79P,79,I,P,0.0128254419956406,N-terminal
I79Q,79,I,Q,0.0015598510535224,N-terminal
I79R,79,I,R,0.0,N-terminal
I79S,79,I,S,0.0204892225720513,N-terminal
I79T,79,I,T,0.0206527004117205,N-terminal
I79V,79,I,V,0.0303047045289402,N-terminal
I79W,79,I,W,0.007745519496246,N-terminal
I79Y,79,I,Y,0.0111134657301996,N-terminal
D80A,80,D,A,0.019033815693874,N-terminal
D80C,80,D,C,0.0,N-terminal
D80E,80,D,E,0.0305310002421908,N-terminal
D80F,80,D,F,0.0149726023250195,N-terminal
D80G,80,D,G,0.0399309760232502,N-terminal
D80H,80,D,H,0.0024264349721496,N-terminal
D80I,80,D,I,0.043441208525068,N-terminal
D80K,80,D,K,0.0385588217486074,N-terminal
D80L,80,D,L,0.005624091789781,N-terminal
D80M,80,D,M,0.0210712339549542,N-terminal
D80N,80,D,N,0.0318221724388486,N-terminal
D80P,80,D,P,0.0114162024703318,N-terminal
D80Q,80,D,Q,0.0322528154516846,N-terminal
D80R,80,D,R,0.0096512472753693,N-terminal
D80S,80,D,S,0.0283921651731654,N-terminal
D80T,80,D,T,0.0273499939452666,N-terminal
D80V,80,D,V,0.0355306975054507,N-terminal
D80W,80,D,W,0.0208320719302494,N-terminal
D80Y,80,D,Y,0.0103596512472767,N-terminal
M81A,81,M,A,0.036905122305643,N-terminal
M81C,81,M,C,0.0164514713005584,N-terminal
M81D,81,M,D,0.0322777912327454,N-terminal
M81E,81,M,E,0.021441329619764,N-terminal
M81F,81,M,F,0.0447149733591683,N-terminal
M81G,81,M,G,0.0470831315088413,N-terminal
M81H,81,M,H,0.0243930128360392,N-terminal
M81I,81,M,I,0.0333298014046999,N-terminal
M81K,81,M,K,0.0321445870670865,N-terminal
M81L,81,M,L,0.0120012412206345,N-terminal
M81N,81,M,N,0.0302744308549285,N-terminal
M81P,81,M,P,0.0288432429159603,N-terminal
M81Q,81,M,Q,0.0322641680794395,N-terminal
M81R,81,M,R,0.0407854504722707,N-terminal
M81S,81,M,S,0.0401542443690966,N-terminal
M81T,81,M,T,0.0130842819084524,N-terminal
M81V,81,M,V,0.0214678190845241,N-terminal
M81W,81,M,W,0.0297991341729246,N-terminal
M81Y,81,M,Y,0.0,N-terminal
S82A,82,S,A,0.0198209312182112,N-terminal
S82C,82,S,C,0.0047673468152095,N-terminal
S82D,82,S,D,0.0310373274400581,N-terminal
S82E,82,S,E,0.031641287236619,N-terminal
S82F,82,S,F,0.0,N-terminal
S82G,82,S,G,0.0083456950835553,N-terminal
S82H,82,S,H,0.0341048074594319,N-terminal
S82I,82,S,I,0.0137185153790264,N-terminal
S82K,82,S,K,0.0290316965366917,N-terminal
S82L,82,S,L,0.0262699806248486,N-terminal
S82M,82,S,M,0.0254760535238556,N-terminal
S82N,82,S,N,0.0282536631145542,N-terminal
S82P,82,S,P,0.0230246427706466,N-terminal
S82Q,82,S,Q,0.0168616795834342,N-terminal
S82R,82,S,R,0.0153918927100979,N-terminal
S82T,82,S,T,0.021474630661177,N-terminal
S82V,82,S,V,0.0015689331557277,N-terminal
S82W,82,S,W,0.0222526640833117,N-terminal
S82Y,82,S,Y,0.0240206466456769,N-terminal
V83A,83,V,A,0.0131168261080178,N-terminal
V83C,83,V,C,0.0,N-terminal
V83D,83,V,D,0.0118309518043123,N-terminal
V83E,83,V,E,0.0358780879147493,N-terminal
V83F,83,V,F,0.0002225115039961,N-terminal
V83G,83,V,G,0.0345225841608152,N-terminal
V83H,83,V,H,0.0012094332768238,N-terminal
V83I,83,V,I,0.0161048377331073,N-terminal
V83K,83,V,K,0.0354012775490448,N-terminal
V83L,83,V,L,0.0065951198837491,N-terminal
V83M,83,V,M,0.0198004964882538,N-terminal
V83N,83,V,N,0.011198232017439,N-terminal
V83P,83,V,P,0.015145919108743,N-terminal
V83Q,83,V,Q,0.0130910934851053,N-terminal
V83R,83,V,R,0.0093704589488994,N-terminal
V83S,83,V,S,0.0143610741099554,N-terminal
V83T,83,V,T,0.0192162145798014,N-terminal
V83W,83,V,W,0.0157839367885686,N-terminal
V83Y,83,V,Y,0.017723722450958,N-terminal
L84A,84,L,A,0.031958403971906,N-terminal
L84C,84,L,C,0.0123660389924907,N-terminal
L84D,84,L,D,0.015855079922498,N-terminal
L84E,84,L,E,0.0,N-terminal
L84F,84,L,F,0.013678402760959,N-terminal
L84G,84,L,G,0.025540385081132,N-terminal
L84H,84,L,H,0.0152216032937743,N-terminal
L84I,84,L,I,0.0093008294986679,N-terminal
L84K,84,L,K,0.0160897008961007,N-terminal
L84M,84,L,M,0.023534754177767,N-terminal
L84N,84,L,N,0.0298036752240238,N-terminal
L84P,84,L,P,0.0284542262048922,N-terminal
L84Q,84,L,Q,0.0075752300799211,N-terminal
L84R,84,L,R,0.0244134475659966,N-terminal
L84S,84,L,S,0.02025460159845,N-terminal
L84T,84,L,T,0.0234477173649794,N-terminal
L84V,84,L,V,0.0259089670622427,N-terminal
L84W,84,L,W,0.0059101780092032,N-terminal
L84Y,84,L,Y,0.0032006841850312,N-terminal
D85A,85,D,A,0.0199238617098571,N-terminal
D85C,85,D,C,0.0244558307096149,N-terminal
D85E,85,D,E,0.0524294623395496,N-terminal
D85F,85,D,F,0.0332230867038024,N-terminal
D85G,85,D,G,0.0450320900944539,N-terminal
D85H,85,D,H,0.042950018164203,N-terminal
D85I,85,D,I,0.0227362860256721,N-terminal
D85K,85,D,K,0.035048589246791,N-terminal
D85L,85,D,L,0.0330384172923226,N-terminal
D85M,85,D,M,0.0132273250181628,N-terminal
D85N,85,D,N,0.0341108621942345,N-terminal
D85P,85,D,P,0.028709281908451,N-terminal
D85Q,85,D,Q,0.0364449624606442,N-terminal
D85R,85,D,R,0.0108780879147479,N-terminal
D85S,85,D,S,0.0261927827561153,N-terminal
D85T,85,D,T,0.0454074836522161,N-terminal
D85V,85,D,V,0.0,N-terminal
D85W,85,D,W,0.0343121821264229,N-terminal
D85Y,85,D,Y,0.0265636352627741,N-terminal
S86A,86,S,A,0.0427668624364253,N-terminal
S86C,86,S,C,0.0298135141680794,N-terminal
S86D,86,S,D,0.0494664264955181,N-terminal
S86E,86,S,E,0.0306172802131267,N-terminal
S86F,86,S,F,0.0172113405182839,N-terminal
S86G,86,S,G,0.0441011746185517,N-terminal
S86H,86,S,H,0.0270071445870671,N-terminal
S86I,86,S,I,0.0280962400096876,N-terminal
S86K,86,S,K,0.0427259929765062,N-terminal
S86L,86,S,L,0.0396350508597724,N-terminal
S86M,86,S,M,0.0451297226931446,N-terminal
S86N,86,S,N,0.0370852506660194,N-terminal
S86P,86,S,P,0.0196498849600387,N-terminal
S86Q,86,S,Q,0.0336355655122292,N-terminal
S86R,86,S,R,0.0329914930976023,N-terminal
S86T,86,S,T,0.0321582102203909,N-terminal
S86V,86,S,V,0.0585061455558247,N-terminal
S86W,86,S,W,0.0,N-terminal
S86Y,86,S,Y,0.030843575926373,N-terminal
N87A,87,N,A,0.0221951441026869,N-terminal
N87C,87,N,C,0.025855231290868,N-terminal
N87D,87,N,D,0.0199359711794609,N-terminal
N87E,87,N,E,0.0216025369338823,N-terminal
N87F,87,N,F,0.0424338520222814,N-terminal
N87G,87,N,G,0.0075964216517316,N-terminal
N87H,87,N,H,0.0172181520949368,N-terminal
N87I,87,N,I,0.0193017377088883,N-terminal
N87K,87,N,K,0.018314815936062,N-terminal
N87L,87,N,L,0.0,N-terminal
N87M,87,N,M,0.0207859045773781,N-terminal
N87P,87,N,P,0.0273931339307324,N-terminal
N87Q,87,N,Q,0.0169540142891727,N-terminal
N87R,87,N,R,0.0248660389924921,N-terminal
N87S,87,N,S,0.0202152458222316,N-terminal
N87T,87,N,T,0.0072740070234923,N-terminal
N87V,87,N,V,0.0382394344877694,N-terminal
N87W,87,N,W,0.0173574109953984,N-terminal
N87Y,87,N,Y,0.0208593182368598,N-terminal
F88A,88,F,A,0.0252565693872622,N-terminal
F88C,88,F,C,0.0208411540324548,N-terminal
F88D,88,F,D,0.0072331375635747,N-terminal
F88E,88,F,E,0.0196226386534284,N-terminal
F88G,88,F,G,0.0098041293291353,N-terminal
F88H,88,F,H,0.0173339488980382,N-terminal
F88I,88,F,I,0.0098434851053538,N-terminal
F88K,88,F,K,0.0171114373940421,N-terminal
F88L,88,F,L,0.0178175708403972,N-terminal
F88M,88,F,M,8.703681278900976e-05,N-terminal
F88N,88,F,N,0.0,N-terminal
F88P,88,F,P,0.0178069750544926,N-terminal
F88Q,88,F,Q,0.0160594272220876,N-terminal
F88R,88,F,R,0.0165710523129087,N-terminal
F88S,88,F,S,0.0210553402760973,N-terminal
F88T,88,F,T,0.0139720573988873,N-terminal
F88V,88,F,V,0.0181763138774521,N-terminal
F88W,88,F,W,0.0105397796076546,N-terminal
F88Y,88,F,Y,0.0175110498910147,N-terminal
D89A,89,D,A,0.025588066117704,N-terminal
D89C,89,D,C,0.0307111286025672,N-terminal
D89E,89,D,E,0.0251528820537674,N-terminal
D89F,89,D,F,0.043961915718093,N-terminal
D89G,89,D,G,0.0225478324049406,N-terminal
D89H,89,D,H,0.0184586158876241,N-terminal
D89I,89,D,I,0.0352249333979172,N-terminal
D89K,89,D,K,0.0317585977234211,N-terminal
D89L,89,D,L,0.0021887866311455,N-terminal
D89M,89,D,M,0.0395775308791489,N-terminal
D89N,89,D,N,0.0,N-terminal
D89P,89,D,P,0.0347488798740629,N-terminal
D89Q,89,D,Q,0.0355942722208767,N-terminal
D89R,89,D,R,0.0352446112860257,N-terminal
D89S,89,D,S,0.041827621700171,N-terminal
D89T,89,D,T,0.0387533301041429,N-terminal
D89V,89,D,V,0.026775550980867,N-terminal
D89W,89,D,W,0.0122487285056928,N-terminal
D89Y,89,D,Y,0.029819568902882,N-terminal
S90A,90,S,A,0.0390409300072657,N-terminal
S90C,90,S,C,0.0303100024218925,N-terminal
S90D,90,S,D,0.0613912266892696,N-terminal
S90E,90,S,E,0.0469045168321614,N-terminal
S90F,90,S,F,0.0390893678856866,N-terminal
S90G,90,S,G,0.0458192056187939,N-terminal
S90H,90,S,H,0.0318690966335675,N-terminal
S90I,90,S,I,0.0,N-terminal
S90K,90,S,K,0.0686682610801647,N-terminal
S90L,90,S,L,0.05264213489949,N-terminal
S90M,90,S,M,0.0406583010414144,N-terminal
S90N,90,S,N,0.0366773129086946,N-terminal
S90P,90,S,P,0.0324548922257205,N-terminal
S90Q,90,S,Q,0.0434646706224268,N-terminal
S90R,90,S,R,0.0407180915475888,N-terminal
S90T,90,S,T,0.0420728384596755,N-terminal
S90V,90,S,V,0.0411411661419216,N-terminal
S90W,90,S,W,0.0249023674013064,N-terminal
S90Y,90,S,Y,0.0259225902155485,N-terminal
K91A,91,K,A,0.0288614071203667,N-terminal
K91C,91,K,C,0.0268308004359409,N-terminal
K91D,91,K,D,0.0094438726083783,N-terminal
K91E,91,K,E,0.0237391014773539,N-terminal
K91F,91,K,F,0.0119096633567435,N-terminal
K91G,91,K,G,0.0277829074836522,N-terminal
K91H,91,K,H,0.0,N-terminal
K91I,91,K,I,0.0201781605715655,N-terminal
K91L,91,K,L,0.0026232138532318,N-terminal
K91M,91,K,M,0.0120549769920077,N-terminal
K91N,91,K,N,0.0114646403487527,N-terminal
K91P,91,K,P,0.0020336340518271,N-terminal
K91Q,91,K,Q,0.0255956345362059,N-terminal
K91R,91,K,R,0.0305181339307324,N-terminal
K91S,91,K,S,0.0033830830709614,N-terminal
K91T,91,K,T,0.0333456950835539,N-terminal
K91V,91,K,V,0.0138759384838944,N-terminal
K91W,91,K,W,0.0082934729958813,N-terminal
K91Y,91,K,Y,0.0160049346088641,N-terminal
K92A,92,K,A,0.0095785904577393,N-terminal
K92C,92,K,C,0.032084796560912,N-terminal
K92D,92,K,D,0.0306778275611542,N-terminal
K92E,92,K,E,0.034532423104868,N-terminal
K92F,92,K,F,0.0269632477597495,N-terminal
K92G,92,K,G,0.0406628420925164,N-terminal
K92H,92,K,H,0.0,N-terminal
K92I,92,K,I,0.0112739162024703,N-terminal
K92L,92,K,L,0.0375590336643269,N-terminal
K92M,92,K,M,0.001495519496246,N-terminal
K92N,92,K,N,0.0311077137321399,N-terminal
K92P,92,K,P,0.0206791898764834,N-terminal
K92Q,92,K,Q,0.0261118006781303,N-terminal
K92R,92,K,R,0.0119422075563104,N-terminal
K92S,92,K,S,0.0350765923952545,N-terminal
K92T,92,K,T,0.0115872487285057,N-terminal
K92V,92,K,V,0.0273885928796333,N-terminal
K92W,92,K,W,0.0201963247759762,N-terminal
K92Y,92,K,Y,0.0079498667958357,N-terminal
D93A,93,D,A,0.0260633627997108,N-terminal
D93C,93,D,C,0.0416020828287735,N-terminal
D93E,93,D,E,0.0462786086219424,N-terminal
D93F,93,D,F,0.0040226144344877,N-terminal
D93G,93,D,G,0.0362133688544456,N-terminal
D93H,93,D,H,0.0358523552918396,N-terminal
D93I,93,D,I,0.0215979958827817,N-terminal
D93K,93,D,K,0.007244490191331,N-terminal
D93L,93,D,L,0.0143058246548815,N-terminal
D93M,93,D,M,0.020142589004603,N-terminal
D93N,93,D,N,0.0320265197384369,N-terminal
D93P,93,D,P,0.0057883264713005,N-terminal
D93Q,93,D,Q,0.0244921591184306,N-terminal
D93R,93,D,R,0.0161896040203439,N-terminal
D93S,93,D,S,0.0427971361104384,N-terminal
D93T,93,D,T,0.0175352688302252,N-terminal
D93V,93,D,V,0.0,N-terminal
D93W,93,D,W,0.0259975175587323,N-terminal
D93Y,93,D,Y,0.0260376301767982,N-terminal
F94A,94,F,A,0.0244391801889091,N-terminal
F94C,94,F,C,0.007074200775006,N-terminal
F94D,94,F,D,0.0065709009445386,N-terminal
F94E,94,F,E,0.0210008476628738,N-terminal
F94G,94,F,G,0.018992189392106,N-terminal
F94H,94,F,H,0.0116069266166142,N-terminal
F94I,94,F,I,0.0039416323565042,N-terminal
F94K,94,F,K,0.0128178735771373,N-terminal
F94L,94,F,L,0.0139243763623167,N-terminal
F94M,94,F,M,0.0355223722450957,N-terminal
F94N,94,F,N,0.0121238496003875,N-terminal
F94P,94,F,P,0.0128943146040217,N-terminal
F94Q,94,F,Q,0.0073057943812075,N-terminal
F94R,94,F,R,0.0207056793412462,N-terminal
F94S,94,F,S,0.0003428493581995,N-terminal
F94T,94,F,T,0.0039370913054008,N-terminal
F94V,94,F,V,0.0103437575684199,N-terminal
F94W,94,F,W,0.0,N-terminal
F94Y,94,F,Y,0.0060539779607653,N-terminal
L95A,95,L,A,0.0375295168321628,N-terminal
L95C,95,L,C,0.0465404759021555,N-terminal
L95D,95,L,D,0.0220263683700654,N-terminal
L95E,95,L,E,0.0,N-terminal
L95F,95,L,F,0.0204922499394526,N-terminal
L95G,95,L,G,0.0283081557277777,N-terminal
L95H,95,L,H,0.0276277549043352,N-terminal
L95I,95,L,I,0.035595785904576,N-terminal
L95K,95,L,K,0.0208313150883991,N-terminal
L95M,95,L,M,0.0335303644950337,N-terminal
L95N,95,L,N,0.0333441813998533,N-terminal
L95P,95,L,P,0.0348200230079923,N-terminal
L95Q,95,L,Q,0.0278896221845469,N-terminal
L95R,95,L,R,0.0222064967304418,N-terminal
L95S,95,L,S,0.0369830770162267,N-terminal
L95T,95,L,T,0.0259876786146753,N-terminal
L95V,95,L,V,0.0388169048195689,N-terminal
L95W,95,L,W,0.0236899067570826,N-terminal
L95Y,95,L,Y,0.0246170380237331,N-terminal
P96A,96,P,A,0.0129147493339777,N-terminal
P96C,96,P,C,0.0096989283119399,N-terminal
P96D,96,P,D,0.0250325441995626,N-terminal
P96E,96,P,E,0.00889213489949,N-terminal
P96F,96,P,F,0.0083169350932429,N-terminal
P96G,96,P,G,0.005456072899007,N-terminal
P96H,96,P,H,0.0084599782029533,N-terminal
P96I,96,P,I,0.0177449140227658,N-terminal
P96K,96,P,K,0.0178357350448036,N-terminal
P96L,96,P,L,0.0028071264228612,N-terminal
P96M,96,P,M,0.0042829680310002,N-terminal
P96N,96,P,N,0.0305355412932899,N-terminal
P96Q,96,P,Q,0.0078749394526519,N-terminal
P96R,96,P,R,0.0123584705739888,N-terminal
P96S,96,P,S,0.0048316783724858,N-terminal
P96T,96,P,T,0.0213497517558731,N-terminal
P96V,96,P,V,0.0091971421651731,N-terminal
P96W,96,P,W,0.0024521675950579,N-terminal
P96Y,96,P,Y,0.0,N-terminal
S97A,97,S,A,0.0264758416081361,N-terminal
S97C,97,S,C,0.0234462036812787,N-terminal
S97D,97,S,D,0.0375620610317268,N-terminal
S97E,97,S,E,0.0284141135868235,N-terminal
S97F,97,S,F,0.0033724872850555,N-terminal
S97G,97,S,G,0.022656060789536,N-terminal
S97H,97,S,H,0.0215223116977476,N-terminal
S97I,97,S,I,0.0410866735286995,N-terminal
S97K,97,S,K,0.0,N-terminal
S97L,97,S,L,0.0211605412932899,N-terminal
S97M,97,S,M,0.0304348813271979,N-terminal
S97N,97,S,N,0.0232062848147251,N-terminal
S97P,97,S,P,0.0272977718575926,N-terminal
S97Q,97,S,Q,0.0419419048195689,N-terminal
S97R,97,S,R,0.0365176192782756,N-terminal
S97T,97,S,T,0.0288175102930477,N-terminal
S97V,97,S,V,0.0435910632114314,N-terminal
S97W,97,S,W,0.0197724933397917,N-terminal
S97Y,97,S,Y,0.0183201138290129,N-terminal
N98A,98,N,A,0.0166989585856139,N-terminal
N98C,98,N,C,0.0093719726325987,N-terminal
N98D,98,N,D,0.025942268103657,N-terminal
N98E,98,N,E,0.0276285117461855,N-terminal
N98F,98,N,F,0.0040407786388956,N-terminal
N98G,98,N,G,0.0137283543230806,N-terminal
N98H,98,N,H,0.0175352688302252,N-terminal
N98I,98,N,I,0.0081284814725129,N-terminal
N98K,98,N,K,0.0292784269798983,N-terminal
N98L,98,N,L,0.0075071143133944,N-terminal
N98M,98,N,M,0.0,N-terminal
N98P,98,N,P,0.0069848934366688,N-terminal
N98Q,98,N,Q,0.0031280273674027,N-terminal
N98R,98,N,R,0.0267702530879161,N-terminal
N98S,98,N,S,0.0196362618067343,N-terminal
N98T,98,N,T,0.020304553160573,N-terminal
N98V,98,N,V,0.0147591729232273,N-terminal
N98W,98,N,W,0.0280076895132007,N-terminal
N98Y,98,N,Y,0.0028154516832162,N-terminal
L99A,99,L,A,0.0155031484620959,N-terminal
L99C,99,L,C,0.0094007326229111,N-terminal
L99D,99,L,D,0.0298051889077244,N-terminal
L99E,99,L,E,0.0286373819326699,N-terminal
L99F,99,L,F,0.0267566299346089,N-terminal
L99G,99,L,G,0.0052048014046984,N-terminal
L99H,99,L,H,0.0123879874061516,N-terminal
L99I,99,L,I,0.0246162811818842,N-terminal
L99K,99,L,K,0.0110097783967062,N-terminal
L99M,99,L,M,0.0316443146040189,N-terminal
L99N,99,L,N,0.008662054976992,N-terminal
L99P,99,L,P,0.0,N-terminal
L99Q,99,L,Q,0.0021365645434729,N-terminal
L99R,99,L,R,0.0154766589973359,N-terminal
L99S,99,L,S,0.0002505146524568,N-terminal
L99T,99,L,T,0.0229118733349479,N-terminal
L99V,99,L,V,0.019381962945023,N-terminal
L99W,99,L,W,0.0057966517316541,N-terminal
L99Y,99,L,Y,0.0175791656575442,N-terminal
S100A,100,S,A,0.0349774461128589,N-terminal
S100C,100,S,C,0.0258469060305158,N-terminal
S100D,100,S,D,0.0365993581981109,N-terminal
S100E,100,S,E,0.031881962945023,N-terminal
S100F,100,S,F,0.006665506175828,N-terminal
S100G,100,S,G,0.02474872850569,N-terminal
S100H,100,S,H,0.0034852567207542,N-terminal
S100I,100,S,I,0.0178697929280697,N-terminal
S100K,100,S,K,0.0029531968999757,N-terminal
S100L,100,S,L,0.0077023795107774,N-terminal
S100M,100,S,M,0.0287720997820281,N-terminal
S100N,100,S,N,0.0278207495761686,N-terminal
S100P,100,S,P,0.01981487648341,N-terminal
S100Q,100,S,Q,0.0,N-terminal
S100R,100,S,R,0.0226893618309504,N-terminal
S100T,100,S,T,0.0135898522644708,N-terminal
S100V,100,S,V,0.0196385323322824,N-terminal
S100W,100,S,W,0.0189142346815209,N-terminal
S100Y,100,S,Y,0.0290120186485818,N-terminal
R101A,101,R,A,0.0,N-terminal
R101C,101,R,C,0.0190875514652472,N-terminal
R101D,101,R,D,0.0086537297166384,N-terminal
R101E,101,R,E,0.0181566359893436,N-terminal
R101F,101,R,F,0.0189709978202969,N-terminal
R101G,101,R,G,0.0313150883991281,N-terminal
R101H,101,R,H,0.0146986255752012,N-terminal
R101I,101,R,I,0.0160791051101961,N-terminal
R101K,101,R,K,0.0191322051344165,N-terminal
R101L,101,R,L,0.0271070477113102,N-terminal
R101M,101,R,M,0.0119626422862678,N-terminal
R101N,101,R,N,0.0056006296924208,N-terminal
R101P,101,R,P,0.0118021918139985,N-terminal
R101Q,101,R,Q,0.0246798558973131,N-terminal
R101S,101,R,S,0.0147183034633083,N-terminal
R101T,101,R,T,0.0063211431339321,N-terminal
R101V,101,R,V,0.010782725841608,N-terminal
R101W,101,R,W,0.0216297832404955,N-terminal
R101Y,101,R,Y,0.003905303947687,N-terminal
T102A,102,T,A,0.0096012957132477,N-terminal
T102C,102,T,C,0.0183897432792443,N-terminal
T102D,102,T,D,0.0280364495035131,N-terminal
T102E,102,T,E,0.0253012230564315,N-terminal
T102F,102,T,F,0.026821718333737,N-terminal
T102G,102,T,G,0.0172332889319448,N-terminal
T102H,102,T,H,0.040473631629936,N-terminal
T102I,102,T,I,0.0,N-terminal
T102K,102,T,K,0.0108720331799481,N-terminal
T102L,102,T,L,0.0133506902397689,N-terminal
T102M,102,T,M,0.020619399370309,N-terminal
T102N,102,T,N,0.0116122245095664,N-terminal
T102P,102,T,P,0.0200404153548088,N-terminal
T102Q,102,T,Q,0.0211953560184064,N-terminal
T102R,102,T,R,0.0241016287236633,N-terminal
T102S,102,T,S,0.0335447444901913,N-terminal
T102V,102,T,V,0.0319054250423846,N-terminal
T102W,102,T,W,0.0243854444175359,N-terminal
T102Y,102,T,Y,0.0116417413417292,N-terminal
F103A,103,F,A,0.0230783785420198,N-terminal
F103C,103,F,C,0.0282460946960537,N-terminal
F103D,103,F,D,0.019702863889563,N-terminal
F103E,103,F,E,0.0181248486316299,N-terminal
F103G,103,F,G,0.0077530879147507,N-terminal
F103H,103,F,H,0.0288303766045061,N-terminal
F103I,103,F,I,0.0126142831193993,N-terminal
F103K,103,F,K,0.0,N-terminal
F103L,103,F,L,0.0094347905061758,N-terminal
F103M,103,F,M,0.0118975538871411,N-terminal
F103N,103,F,N,0.0136526701380493,N-terminal
F103P,103,F,P,0.0257734923710355,N-terminal
F103Q,103,F,Q,0.0153025853717607,N-terminal
F103R,103,F,R,0.0056475538871411,N-terminal
F103S,103,F,S,0.0130532513925904,N-terminal
F103T,103,F,T,0.0123607410995412,N-terminal
F103V,103,F,V,0.0093507810607909,N-terminal
F103W,103,F,W,0.0143255025429886,N-terminal
F103Y,103,F,Y,0.0170077500605487,N-terminal
N104A,104,N,A,0.0199026701380465,N-terminal
N104C,104,N,C,0.0168563816904819,N-terminal
N104D,104,N,D,0.0,N-terminal
N104E,104,N,E,0.0208555340276082,N-terminal
N104F,104,N,F,0.01398492371034,N-terminal
N104G,104,N,G,0.0219756599660921,N-terminal
N104H,104,N,H,0.0272584160813742,N-terminal
N104I,104,N,I,0.0172226931460402,N-terminal
N104K,104,N,K,0.0292375575199806,N-terminal
N104L,104,N,L,0.0105723238072158,N-terminal
N104M,104,N,M,0.0274589791717123,N-terminal
N104P,104,N,P,0.0033596209736013,N-terminal
N104Q,104,N,Q,0.0298029183821749,N-terminal
N104R,104,N,R,0.0021592697989828,N-terminal
N104S,104,N,S,0.0222882356502771,N-terminal
N104T,104,N,T,0.0072634112375863,N-terminal
N104V,104,N,V,0.016919956405908,N-terminal
N104W,104,N,W,0.0208502361346559,N-terminal
N104Y,104,N,Y,0.0310592758537162,N-terminal
N105A,105,N,A,0.0166111649309774,N-terminal
N105C,105,N,C,0.0105587006539127,N-terminal
N105D,105,N,D,0.024577682247519,N-terminal
N105E,105,N,E,0.0279289779607667,N-terminal
N105F,105,N,F,0.0,N-terminal
N105G,105,N,G,0.0149650339065149,N-terminal
N105H,105,N,H,0.0141658089125696,N-terminal
N105I,105,N,I,0.0296182489706965,N-terminal
N105K,105,N,K,0.017811516105596,N-terminal
N105L,105,N,L,0.0204998183579559,N-terminal
N105M,105,N,M,0.0358001332041671,N-terminal
N105P,105,N,P,0.0110120489222586,N-terminal
N105Q,105,N,Q,0.0319311576652957,N-terminal
N105R,105,N,R,0.0291747396464035,N-terminal
N105S,105,N,S,0.0080792867522416,N-terminal
N105T,105,N,T,0.0313869883749092,N-terminal
N105V,105,N,V,0.0161956587551465,N-terminal
N105W,105,N,W,0.0035775914264969,N-terminal
N105Y,105,N,Y,0.0052010171954482,N-terminal
M106A,106,M,A,0.0043874122063467,N-terminal
M106C,106,M,C,0.0273893497214822,N-terminal
M106D,106,M,D,0.0244581012351673,N-terminal
M106E,106,M,E,0.0027208464519268,N-terminal
M106F,106,M,F,0.0048839004601598,N-terminal
M106G,106,M,G,0.0230117764591911,N-terminal
M106H,106,M,H,0.0152594453862921,N-terminal
M106I,106,M,I,0.0044525006054734,N-terminal
M106K,106,M,K,0.010682065875516,N-terminal
M106L,106,M,L,0.0171348994914037,N-terminal
M106N,106,M,N,0.0,N-terminal
M106P,106,M,P,0.0178864434487769,N-terminal
M106Q,106,M,Q,0.0090306369581012,N-terminal
M106R,106,M,R,0.0196324775974826,N-terminal
M106S,106,M,S,0.0127353778154531,N-terminal
M106T,106,M,T,0.02092592031969,N-terminal
M106V,106,M,V,0.0091880600629706,N-terminal
M106W,106,M,W,0.0050382961976265,N-terminal
M106Y,106,M,Y,0.0042231775248258,N-terminal
S107A,107,S,A,0.0098222935335432,N-terminal
S107C,107,S,C,0.0107509384838944,N-terminal
S107D,107,S,D,0.0146660813756371,N-terminal
S107E,107,S,E,0.0245405969968529,N-terminal
S107F,107,S,F,0.0053183276822489,N-terminal
S107G,107,S,G,0.029994399370309,N-terminal
S107H,107,S,H,0.0241016287236633,N-terminal
S107I,107,S,I,0.0164772039234695,N-terminal
S107K,107,S,K,0.0409254662145812,N-terminal
S107L,107,S,L,0.0138585311213369,N-terminal
S107M,107,S,M,0.001537145798014,N-terminal
S107N,107,S,N,0.0076221542746427,N-terminal
S107P,107,S,P,0.0267573867764592,N-terminal
S107Q,107,S,Q,0.0203651005085977,N-terminal
S107R,107,S,R,0.0332919593121835,N-terminal
S107T,107,S,T,0.0088103959796575,N-terminal
S107V,107,S,V,0.0158361588762426,N-terminal
S107W,107,S,W,0.0,N-terminal
S107Y,107,S,Y,0.0174058488738207,N-terminal
K108A,108,K,A,0.0,N-terminal
K108C,108,K,C,0.013792685880357,N-terminal
K108D,108,K,D,0.0266453741826108,N-terminal
K108E,108,K,E,0.0405334221361105,N-terminal
K108F,108,K,F,0.015614404214094,N-terminal
K108G,108,K,G,0.0338815391135854,N-terminal
K108H,108,K,H,0.0328022826350206,N-terminal
K108I,108,K,I,0.0383506902397675,N-terminal
K108L,108,K,L,0.0369505328166626,N-terminal
K108M,108,K,M,0.044981381690482,N-terminal
K108N,108,K,N,0.0249462642286254,N-terminal
K108P,108,K,P,0.0220263683700654,N-terminal
K108Q,108,K,Q,0.0496601780092018,N-terminal
K108R,108,K,R,0.044939755388714,N-terminal
K108S,108,K,S,0.0421250605473466,N-terminal
K108T,108,K,T,0.0110014531363512,N-terminal
K108V,108,K,V,0.0358621942358911,N-terminal
K108W,108,K,W,0.0254132356502771,N-terminal
K108Y,108,K,Y,0.0376294199564045,N-terminal
D109A,109,D,A,0.0110869762654381,N-terminal
D109C,109,D,C,0.0116515802857835,N-terminal
D109E,109,D,E,0.0039635807701622,N-terminal
D109F,109,D,F,0.0363412751271494,N-terminal
D109G,109,D,G,0.020287145798014,N-terminal
D109H,109,D,H,0.0070575502542988,N-terminal
D109I,109,D,I,0.0099918261080164,N-terminal
D109K,109,D,K,0.0085909118430598,N-terminal
D109L,109,D,L,0.0,N-terminal
D109M,109,D,M,0.0124727536933868,N-terminal
D109N,109,D,N,0.0111187636231519,N-terminal
D109P,109,D,P,0.0086802191813998,N-terminal
D109Q,109,D,Q,0.0061372305642998,N-terminal
D109R,109,D,R,0.0013706405909407,N-terminal
D109S,109,D,S,0.0278570779849842,N-terminal
D109T,109,D,T,0.021442086461613,N-terminal
D109V,109,D,V,0.0147304129329121,N-terminal
D109W,109,D,W,0.0102415839186243,N-terminal
D109Y,109,D,Y,0.0182035601840625,N-terminal
N110A,110,N,A,0.0093961915718091,N-terminal
N110C,110,N,C,0.0212967728263488,N-terminal
N110D,110,N,D,0.0110801646887852,N-terminal
N110E,110,N,E,0.0068357955921516,N-terminal
N110F,110,N,F,0.0133325260353596,N-terminal
N110G,110,N,G,0.0031567873577123,N-terminal
N110H,110,N,H,0.0088588338580756,N-terminal
N110I,110,N,I,0.0095876725599418,N-terminal
N110K,110,N,K,0.0119157180915461,N-terminal
N110L,110,N,L,0.0185766832162737,N-terminal
N110M,110,N,M,0.0074980322111891,N-terminal
N110P,110,N,P,0.0,N-terminal
N110Q,110,N,Q,0.0051525793170259,N-terminal
N110R,110,N,R,0.0118309518043095,N-terminal
N110S,110,N,S,0.0041883627997093,N-terminal
N110T,110,N,T,0.0269337309275854,N-terminal
N110V,110,N,V,0.0154380600629692,N-terminal
N110W,110,N,W,0.0188400641801889,N-terminal
N110Y,110,N,Y,0.0022826350205861,N-terminal
I111A,111,I,A,0.0387752785178009,N-terminal
I111C,111,I,C,0.010203741826108,N-terminal
I111D,111,I,D,0.0167511806732879,N-terminal
I111E,111,I,E,0.0137132174860755,N-terminal
I111F,111,I,F,0.0109772341971435,N-terminal
I111G,111,I,G,0.0031454347299602,N-terminal
I111H,111,I,H,0.0076531847905075,N-terminal
I111K,111,I,K,0.0394329740857351,N-terminal
I111L,111,I,L,0.015987527246308,N-terminal
I111M,111,I,M,0.0136746185517088,N-terminal
I111N,111,I,N,0.016884384838944,N-terminal
I111P,111,I,P,0.0144965488011625,N-terminal
I111Q,111,I,Q,0.0092410389924935,N-terminal
I111R,111,I,R,0.0159406030515877,N-terminal
I111S,111,I,S,0.0127315936062,N-terminal
I111T,111,I,T,0.0359969120852521,N-terminal
I111V,111,I,V,0.0,N-terminal
I111W,111,I,W,0.0003610135626073,N-terminal
I111Y,111,I,Y,0.0146819750544926,N-terminal
G112A,112,G,A,0.0013645858561395,N-terminal
G112C,112,G,C,0.0293321627512715,N-terminal
G112D,112,G,D,0.020206920561878,N-terminal
G112E,112,G,E,0.0441685335432308,N-terminal
G112F,112,G,F,0.0042178796318721,N-terminal
G112H,112,G,H,0.0104739343666747,N-terminal
G112I,112,G,I,0.0020843424558004,N-terminal
G112K,112,G,K,0.0,N-terminal
G112L,112,G,L,0.0162153366432536,N-terminal
G112M,112,G,M,0.0062568115766515,N-terminal
G112N,112,G,N,0.0364608561395011,N-terminal
G112P,112,G,P,0.0012200290627256,N-terminal
G112Q,112,G,Q,0.0046447384354551,N-terminal
G112R,112,G,R,0.0151504601598436,N-terminal
G112S,112,G,S,0.0162289597965609,N-terminal
G112T,112,G,T,0.0017573867764591,N-terminal
G112V,112,G,V,0.0094332768224751,N-terminal
G112W,112,G,W,0.0077720089610075,N-terminal
G112Y,112,G,Y,0.0202553584402989,N-terminal
N113A,113,N,A,0.0217660147735515,N-terminal
N113C,113,N,C,0.0187636231533045,N-terminal
N113D,113,N,D,0.028308912569628,N-terminal
N113E,113,N,E,0.0249417231775248,N-terminal
N113F,113,N,F,0.0131243945265183,N-terminal
N113G,113,N,G,0.0287751271494308,N-terminal
N113H,113,N,H,0.054973207798497,N-terminal
N113I,113,N,I,0.0186304189876483,N-terminal
N113K,113,N,K,0.0159799588278033,N-terminal
N113L,113,N,L,0.0337195749576169,N-terminal
N113M,113,N,M,0.0383832344393316,N-terminal
N113P,113,N,P,0.0,N-terminal
N113Q,113,N,Q,5.751998062484872e-05,N-terminal
N113R,113,N,R,0.0210568539597965,N-terminal
N113S,113,N,S,0.042046348994914,N-terminal
N113T,113,N,T,0.0272243581981109,N-terminal
N113V,113,N,V,0.0321211249697263,N-terminal
N113W,113,N,W,0.0139395131993218,N-terminal
N113Y,113,N,Y,0.0401489464761444,N-terminal
K114A,114,K,A,0.0035208282877195,N-terminal
K114C,114,K,C,0.0318395798014033,N-terminal
K114D,114,K,D,0.0248985831920562,N-terminal
K114E,114,K,E,0.0263653426979884,N-terminal
K114F,114,K,F,0.0109673952530865,N-terminal
K114G,114,K,G,0.0,N-terminal
K114H,114,K,H,0.0218167231775248,N-terminal
K114I,114,K,I,0.0390341184306113,N-terminal
K114L,114,K,L,0.0428493581981095,N-terminal
K114M,114,K,M,0.018469968515379,N-terminal
K114N,114,K,N,0.0337014107532076,N-terminal
K114P,114,K,P,0.0192162145798,N-terminal
K114Q,114,K,Q,0.0219650641801889,N-terminal
K114R,114,K,R,0.0264803826592381,N-terminal
K114S,114,K,S,0.0132507871155229,N-terminal
K114T,114,K,T,0.0244989706950835,N-terminal
K114V,114,K,V,0.036708343424558,N-terminal
K114W,114,K,W,0.0223230503753921,N-terminal
K114Y,114,K,Y,0.0333464519254043,N-terminal
Y115A,115,Y,A,0.0,N-terminal
Y115C,115,Y,C,0.0224940966335674,N-terminal
Y115D,115,Y,D,0.0115600024218939,N-terminal
Y115E,115,Y,E,0.0120595180431083,N-terminal
Y115F,115,Y,F,0.0247631085008477,N-terminal
Y115G,115,Y,G,0.0047007447323807,N-terminal
Y115H,115,Y,H,0.0076660511019617,N-terminal
Y115I,115,Y,I,0.0033565936061986,N-terminal
Y115K,115,Y,K,0.030771675950592,N-terminal
Y115L,115,Y,L,0.0151822475175587,N-terminal
Y115M,115,Y,M,0.0217493642528457,N-terminal
Y115N,115,Y,N,0.0327561152821492,N-terminal
Y115P,115,Y,P,0.0203878057641061,N-terminal
Y115Q,115,Y,Q,0.0108758173891983,N-terminal
Y115R,115,Y,R,0.0198852627754904,N-terminal
Y115S,115,Y,S,0.0153722148219908,N-terminal
Y115T,115,Y,T,0.0183049769920077,N-terminal
Y115V,115,Y,V,0.0012798195689028,N-terminal
Y115W,115,Y,W,0.0098033724872836,N-terminal
L116A,116,L,A,0.0202863889561637,N-terminal
L116C,116,L,C,0.0063536873334948,N-terminal
L116D,116,L,D,0.0238132719786859,N-terminal
L116E,116,L,E,0.0130585492855413,N-terminal
L116F,116,L,F,0.0160283967062242,N-terminal
L116G,116,L,G,0.0238306793412434,N-terminal
L116H,116,L,H,0.0200169532574459,N-terminal
L116I,116,L,I,0.0236104383627983,N-terminal
L116K,116,L,K,0.0,N-terminal
L116M,116,L,M,0.0273121518527474,N-terminal
L116N,116,L,N,0.0138789658512943,N-terminal
L116P,116,L,P,0.0164726628723662,N-terminal
L116Q,116,L,Q,0.0255048135141667,N-terminal
L116R,116,L,R,0.0102173649794139,N-terminal
L116S,116,L,S,0.0234272826350206,N-terminal
L116T,116,L,T,0.0291520343908923,N-terminal
L116V,116,L,V,0.0069720271252105,N-terminal
L116W,116,L,W,0.0082707677403729,N-terminal
L116Y,116,L,Y,0.0240902760959056,N-terminal
N117A,117,N,A,0.0335303644950337,N-terminal
N117C,117,N,C,0.0071998365221589,N-terminal
N117D,117,N,D,0.0207306551223042,N-terminal
N117E,117,N,E,0.0339678190845227,N-terminal
N117F,117,N,F,0.0161941450714458,N-terminal
N117G,117,N,G,0.0262692237829983,N-terminal
N117H,117,N,H,0.0229285238556537,N-terminal
N117I,117,N,I,0.0249818357955907,N-terminal
N117K,117,N,K,0.0276663538387019,N-terminal
N117L,117,N,L,0.0,N-terminal
N117M,117,N,M,0.0306036570598194,N-terminal
N117P,117,N,P,0.0384725417776701,N-terminal
N117Q,117,N,Q,0.0075033301041414,N-terminal
N117R,117,N,R,0.0228119702107048,N-terminal
N117S,117,N,S,0.0209357592637428,N-terminal
N117T,117,N,T,0.0219491705013306,N-terminal
N117V,117,N,V,0.0242249939452638,N-terminal
N117W,117,N,W,0.0107706163720029,N-terminal
N117Y,117,N,Y,0.0258733954952759,N-terminal
K118A,118,K,A,0.0174928856866069,N-terminal
K118C,118,K,C,0.0235143194478082,N-terminal
K118D,118,K,D,0.0173044320658741,N-terminal
K118E,118,K,E,0.0105291838217486,N-terminal
K118F,118,K,F,0.0027844211673528,N-terminal
K118G,118,K,G,0.0172264773552918,N-terminal
K118H,118,K,H,0.0,N-terminal
K118I,118,K,I,0.0217735831920562,N-terminal
K118L,118,K,L,0.0303342213611044,N-terminal
K118M,118,K,M,0.0203809941874532,N-terminal
K118N,118,K,N,0.0095165294260111,N-terminal
K118P,118,K,P,0.005961643255024,N-terminal
K118Q,118,K,Q,0.0238897130055703,N-terminal
K118R,118,K,R,0.0390273068539598,N-terminal
K118S,118,K,S,0.02270828287721,N-terminal
K118T,118,K,T,0.0297930794381206,N-terminal
K118V,118,K,V,0.02009263744248,N-terminal
K118W,118,K,W,0.0277647432792444,N-terminal
K118Y,118,K,Y,0.014083313150884,N-terminal
L119A,119,L,A,0.0,N-terminal
L119C,119,L,C,0.0051041414386035,N-terminal
L119D,119,L,D,0.03278109106321,N-terminal
L119E,119,L,E,0.00537054976992,N-terminal
L119F,119,L,F,0.0421288447565997,N-terminal
L119G,119,L,G,0.0381440724146268,N-terminal
L119H,119,L,H,0.0397909602809397,N-terminal
L119I,119,L,I,0.0393126362315317,N-terminal
L119K,119,L,K,0.0141536994429644,N-terminal
L119M,119,L,M,0.0394057277791219,N-terminal
L119N,119,L,N,0.0311606926616614,N-terminal
L119P,119,L,P,0.0229996669895858,N-terminal
L119Q,119,L,Q,0.022076319932187,N-terminal
L119R,119,L,R,0.0255517377088883,N-terminal
L119S,119,L,S,0.0242666202470332,N-terminal
L119T,119,L,T,0.0315534935819811,N-terminal
L119V,119,L,V,0.0326630237345604,N-terminal
L119W,119,L,W,0.0383711249697263,N-terminal
L119Y,119,L,Y,0.0366780697505449,N-terminal
L120A,120,L,A,0.0101174618551707,N-terminal
L120C,120,L,C,0.026578772099782,N-terminal
L120D,120,L,D,0.0235816783724873,N-terminal
L120E,120,L,E,0.0204105110196159,N-terminal
L120F,120,L,F,0.0277912327440044,N-terminal
L120G,120,L,G,0.0107963489949126,N-terminal
L120H,120,L,H,0.0212952591426495,N-terminal
L120I,120,L,I,0.0176011140712022,N-terminal
L120K,120,L,K,0.0145911540324534,N-terminal
L120M,120,L,M,0.0254313998546849,N-terminal
L120N,120,L,N,0.0,N-terminal
L120P,120,L,P,0.0187295652700411,N-terminal
L120Q,120,L,Q,0.007151398643738,N-terminal
L120R,120,L,R,0.0165286691692904,N-terminal
L120S,120,L,S,0.0062189694841366,N-terminal
L120T,120,L,T,0.0192956829740857,N-terminal
L120V,120,L,V,0.017514834100265,N-terminal
L120W,120,L,W,0.0109916141922983,N-terminal
L120Y,120,L,Y,0.0237345604262533,N-terminal
N121A,121,N,A,0.0100531302978943,N-terminal
N121C,121,N,C,0.0262139743279258,N-terminal
N121D,121,N,D,0.0212392528457253,N-terminal
N121E,121,N,E,0.0327515742310501,N-terminal
N121F,121,N,F,0.0243233833858091,N-terminal
N121G,121,N,G,0.0289340639379995,N-terminal
N121H,121,N,H,0.0147145192540566,N-terminal
N121I,121,N,I,0.0,N-terminal
N121K,121,N,K,0.0058776338096405,N-terminal
N121L,121,N,L,0.0152374969726326,N-terminal
N121M,121,N,M,0.0362474267377089,N-terminal
N121P,121,N,P,0.0060032695567934,N-terminal
N121Q,121,N,Q,0.0336855170743536,N-terminal
N121R,121,N,R,0.0126869399370321,N-terminal
N121S,121,N,S,0.0318698534754178,N-terminal
N121T,121,N,T,0.0164136292080421,N-terminal
N121V,121,N,V,0.0359757205134429,N-terminal
N121W,121,N,W,0.0202992552676193,N-terminal
N121Y,121,N,Y,0.0204460825865827,N-terminal
K122A,122,K,A,0.0206549709372729,N-terminal
K122C,122,K,C,0.0123932852991039,N-terminal
K122D,122,K,D,0.0248176011140712,N-terminal
K122E,122,K,E,0.0285563998546849,N-terminal
K122F,122,K,F,0.0286169472027111,N-terminal
K122G,122,K,G,0.0402049527730671,N-terminal
K122H,122,K,H,0.0366182792443677,N-terminal
K122I,122,K,I,0.0145828287720998,N-terminal
K122L,122,K,L,0.0266408331315088,N-terminal
K122M,122,K,M,0.0236747699200775,N-terminal
K122N,122,K,N,0.0156726810365706,N-terminal
K122P,122,K,P,0.0188839610075079,N-terminal
K122Q,122,K,Q,0.0358326774037283,N-terminal
K122R,122,K,R,0.0287062545410511,N-terminal
K122S,122,K,S,0.0349842576895118,N-terminal
K122T,122,K,T,0.0116152518769663,N-terminal
K122V,122,K,V,0.0363654940663599,N-terminal
K122W,122,K,W,0.0197263259869218,N-terminal
K122Y,122,K,Y,0.0,N-terminal
K123A,123,K,A,0.0116432550254299,N-terminal
K123C,123,K,C,0.000821930249455,N-terminal
K123D,123,K,D,0.0326221542746428,N-terminal
K123E,123,K,E,0.0271040203439089,N-terminal
K123F,123,K,F,0.0088156938726069,N-terminal
K123G,123,K,G,0.0217160632114313,N-terminal
K123H,123,K,H,0.0132417050133204,N-terminal
K123I,123,K,I,0.0294002785178009,N-terminal
K123L,123,K,L,0.0249629147493326,N-terminal
K123M,123,K,M,0.0056808549285541,N-terminal
K123N,123,K,N,0.0356147069508341,N-terminal
K123P,123,K,P,0.0123070053281666,N-terminal
K123Q,123,K,Q,0.0333615887624122,N-terminal
K123R,123,K,R,0.0184056369580998,N-terminal
K123S,123,K,S,0.0234620973601342,N-terminal
K123T,123,K,T,0.0,N-terminal
K123V,123,K,V,0.0212566602082829,N-terminal
K123W,123,K,W,0.0060721421651717,N-terminal
K123Y,123,K,Y,0.0060691147977718,N-terminal
K124A,124,K,A,0.0186410147735543,N-terminal
K124C,124,K,C,0.0125885504964896,N-terminal
K124D,124,K,D,0.0088845664809895,N-terminal
K124E,124,K,E,0.0082344393315572,N-terminal
K124F,124,K,F,0.0,N-terminal
K124G,124,K,G,0.0256153124243172,N-terminal
K124H,124,K,H,0.0244111770404456,N-terminal
K124I,124,K,I,0.0056097117946234,N-terminal
K124L,124,K,L,0.0135474691208539,N-terminal
K124M,124,K,M,0.0226083797529682,N-terminal
K124N,124,K,N,0.0220089610075093,N-terminal
K124P,124,K,P,0.0204877088883507,N-terminal
K124Q,124,K,Q,0.0129942177282649,N-terminal
K124R,124,K,R,0.0037811818842334,N-terminal
K124S,124,K,S,0.017448232017439,N-terminal
K124T,124,K,T,0.0069864071203681,N-terminal
K124V,124,K,V,0.0309116916929053,N-terminal
K124W,124,K,W,0.0116629329135384,N-terminal
K124Y,124,K,Y,0.0103210523129087,N-terminal
D125A,125,D,A,0.0419002785178009,N-terminal
D125C,125,D,C,0.0311924800193751,N-terminal
D125E,125,D,E,0.0141272099782015,N-terminal
D125F,125,D,F,0.0015046015984485,N-terminal
D125G,125,D,G,0.0062689210462581,N-terminal
D125H,125,D,H,0.0314263441511262,N-terminal
D125I,125,D,I,0.015465306369581,N-terminal
D125K,125,D,K,0.0073943448776943,N-terminal
D125L,125,D,L,0.0333388835069024,N-terminal
D125M,125,D,M,0.0147092213611044,N-terminal
D125N,125,D,N,0.0112928372487285,N-terminal
D125P,125,D,P,0.0141658089125696,N-terminal
D125Q,125,D,Q,0.0371760716880601,N-terminal
D125R,125,D,R,0.0038742734318222,N-terminal
D125S,125,D,S,0.0162077682247517,N-terminal
D125T,125,D,T,0.0,N-terminal
D125V,125,D,V,0.017956072899007,N-terminal
D125W,125,D,W,0.0258007386776445,N-terminal
D125Y,125,D,Y,0.0268118793896827,N-terminal
T126A,126,T,A,0.014717546621458,N-terminal
T126C,126,T,C,0.0249689694841352,N-terminal
T126D,126,T,D,0.0126097420682974,N-terminal
T126E,126,T,E,0.0217788810850085,N-terminal
T126F,126,T,F,0.0234174436909649,N-terminal
T126G,126,T,G,0.0099865282150641,N-terminal
T126H,126,T,H,0.0291701985953001,N-terminal
T126I,126,T,I,0.0316912387987392,N-terminal
T126K,126,T,K,0.0223881387745217,N-terminal
T126L,126,T,L,0.0084009445386292,N-terminal
T126M,126,T,M,0.0322172438847178,N-terminal
T126N,126,T,N,0.0,N-terminal
T126P,126,T,P,0.0125666020828287,N-terminal
T126Q,126,T,Q,0.0018353414870414,N-terminal
T126R,126,T,R,0.0227037418261066,N-terminal
T126S,126,T,S,0.0064301283603764,N-terminal
T126V,126,T,V,0.0216926011140712,N-terminal
T126W,126,T,W,0.009532423104868,N-terminal
T126Y,126,T,Y,0.0259104807459419,N-terminal
I127A,127,I,A,0.0230692964398159,N-terminal
I127C,127,I,C,0.0363594393315559,N-terminal
I127D,127,I,D,0.0277632295955437,N-terminal
I127E,127,I,E,0.0365872487285043,N-terminal
I127F,127,I,F,0.0260255207071916,N-terminal
I127G,127,I,G,0.022192116735287,N-terminal
I127H,127,I,H,0.0246185517074338,N-terminal
I127K,127,I,K,0.0352907786388956,N-terminal
I127L,127,I,L,0.0175859772341957,N-terminal
I127M,127,I,M,0.0,N-terminal
I127N,127,I,N,0.0177925950593364,N-terminal
I127P,127,I,P,0.0368195991765547,N-terminal
I127Q,127,I,Q,0.0113919835311199,N-terminal
I127R,127,I,R,0.0151519738435442,N-terminal
I127S,127,I,S,0.0220664809881327,N-terminal
I127T,127,I,T,0.0133226870913054,N-terminal
I127V,127,I,V,0.0341222148219908,N-terminal
I127W,127,I,W,0.0111452530879147,N-terminal
I127Y,127,I,Y,0.0303713066117704,N-terminal
T128A,128,T,A,0.0286207314119641,N-terminal
T128C,128,T,C,0.0047166384112361,N-terminal
T128D,128,T,D,0.018275460159845,N-terminal
T128E,128,T,E,0.0149559518043095,N-terminal
T128F,128,T,F,0.0038379450230079,N-terminal
T128G,128,T,G,0.0212294139016711,N-terminal
T128H,128,T,H,0.0104058186001439,N-terminal
T128I,128,T,I,0.0161986861225464,N-terminal
T128K,128,T,K,0.0020048740615146,N-terminal
T128L,128,T,L,0.0125696294502286,N-terminal
T128M,128,T,M,0.009359863162992,N-terminal
T128N,128,T,N,0.0,N-terminal
T128P,128,T,P,0.0225213429401792,N-terminal
T128Q,128,T,Q,0.0287229050617569,N-terminal
T128R,128,T,R,0.020001059578589,N-terminal
T128S,128,T,S,0.0170387805764107,N-terminal
T128V,128,T,V,0.0146668382174846,N-terminal
T128W,128,T,W,0.0231419532574473,N-terminal
T128Y,128,T,Y,0.0468023431823686,N-terminal
N129A,129,N,A,0.0262964700896101,N-terminal
N129C,129,N,C,0.0174020646645677,N-terminal
N129D,129,N,D,0.0237958646161284,N-terminal
N129E,129,N,E,0.0166512775490433,N-terminal
N129F,129,N,F,0.0378806914507131,N-terminal
N129G,129,N,G,0.0371889379995156,N-terminal
N129H,129,N,H,0.0329695446839428,N-terminal
N129I,129,N,I,0.0306233349479279,N-terminal
N129K,129,N,K,0.0280031484620959,N-terminal
N129L,129,N,L,0.0129056672317752,N-terminal
N129M,129,N,M,0.0174058488738193,N-terminal
N129P,129,N,P,0.0303622245095665,N-terminal
N129Q,129,N,Q,0.0,N-terminal
N129R,129,N,R,0.0121601780092032,N-terminal
N129S,129,N,S,0.0218515379026384,N-terminal
N129T,129,N,T,0.0258514470816178,N-terminal
N129V,129,N,V,0.0321665354807445,N-terminal
N129W,129,N,W,0.0336703802373456,N-terminal
N129Y,129,N,Y,0.0228142407362557,N-terminal
E130A,130,E,A,0.0453545047226946,N-terminal
E130C,130,E,C,0.0,N-terminal
E130D,130,E,D,0.0360953015257946,N-terminal
E130F,130,E,F,0.0167617764591911,N-terminal
E130G,130,E,G,0.0244914022765817,N-terminal
E130H,130,E,H,0.0200351174618551,N-terminal
E130I,130,E,I,0.0294267679825624,N-terminal
E130K,130,E,K,0.0302948655848888,N-terminal
E130L,130,E,L,0.0439679704528942,N-terminal
E130M,130,E,M,0.0237300193751514,N-terminal
E130N,130,E,N,0.0375802252361361,N-terminal
E130P,130,E,P,0.0165566723177539,N-terminal
E130Q,130,E,Q,0.0089549527730685,N-terminal
E130R,130,E,R,0.0245330285783497,N-terminal
E130S,130,E,S,0.0474751755873107,N-terminal
E130T,130,E,T,0.0346330830709629,N-terminal
E130V,130,E,V,0.0300768951319932,N-terminal
E130W,130,E,W,0.0367045592153078,N-terminal
E130Y,130,E,Y,0.036634172923226,N-terminal
N131A,131,N,A,0.0377134294017908,N-terminal
N131C,131,N,C,0.0170107774279472,N-terminal
N131D,131,N,D,0.037423558973117,N-terminal
N131E,131,N,E,0.019010353596511,N-terminal
N131F,131,N,F,0.006162206345362,N-terminal
N131G,131,N,G,0.0301957193024945,N-terminal
N131H,131,N,H,0.0192669229837719,N-terminal
N131I,131,N,I,0.0209017013804795,N-terminal
N131K,131,N,K,0.008581072899007,N-terminal
N131L,131,N,L,0.0245701138290129,N-terminal
N131M,131,N,M,0.0320219786873335,N-terminal
N131P,131,N,P,0.0188105473480261,N-terminal
N131Q,131,N,Q,0.0249984863162993,N-terminal
N131R,131,N,R,0.0188612557519966,N-terminal
N131S,131,N,S,0.0093288326471286,N-terminal
N131T,131,N,T,0.0210629086945977,N-terminal
N131V,131,N,V,0.0144276761927813,N-terminal
N131W,131,N,W,0.0264387563574701,N-terminal
N131Y,131,N,Y,0.0,N-terminal
N132A,132,N,A,0.0123312242673771,N-terminal
N132C,132,N,C,0.0092539053039491,N-terminal
N132D,132,N,D,0.0123690663598934,N-terminal
N132E,132,N,E,0.003015257931704,N-terminal
N132F,132,N,F,0.0097344998789053,N-terminal
N132G,132,N,G,0.020923649794139,N-terminal
N132H,132,N,H,0.0127073746669896,N-terminal
N132I,132,N,I,0.025666777670138,N-terminal
N132K,132,N,K,0.0219007326229111,N-terminal
N132L,132,N,L,0.0001150399612496,N-terminal
N132M,132,N,M,0.0323368248970709,N-terminal
N132P,132,N,P,0.0077054068781787,N-terminal
N132Q,132,N,Q,0.0042337733107304,N-terminal
N132R,132,N,R,0.0,N-terminal
N132S,132,N,S,0.0038265923952545,N-terminal
N132T,132,N,T,0.013919078469363,N-terminal
N132V,132,N,V,0.0104920985710826,N-terminal
N132W,132,N,W,0.0042216638411251,N-terminal
N132Y,132,N,Y,0.0142657120368142,N-terminal
N133A,133,N,A,0.0184676979898294,N-terminal
N133C,133,N,C,0.0212157907483666,N-terminal
N133D,133,N,D,0.002654244369098,N-terminal
N133E,133,N,E,0.006573171470091,N-terminal
N133F,133,N,F,0.0204657604746926,N-terminal
N133G,133,N,G,0.0190701441026897,N-terminal
N133H,133,N,H,0.0266930552191828,N-terminal
N133I,133,N,I,0.0026943569871639,N-terminal
N133K,133,N,K,0.0035685093242916,N-terminal
N133L,133,N,L,0.0161540324533799,N-terminal
N133M,133,N,M,0.0277783664325502,N-terminal
N133P,133,N,P,0.0154410874303719,N-terminal
N133Q,133,N,Q,0.0083214761443448,N-terminal
N133R,133,N,R,0.0170660268830239,N-terminal
N133S,133,N,S,0.018828711552434,N-terminal
N133T,133,N,T,0.0,N-terminal
N133V,133,N,V,0.012619581012353,N-terminal
N133W,133,N,W,0.0137472753693388,N-terminal
N133Y,133,N,Y,0.045453651005086,N-terminal
I134A,134,I,A,0.0059419653669169,N-terminal
I134C,134,I,C,0.0152246306611756,N-terminal
I134D,134,I,D,0.0291785238556551,N-terminal
I134E,134,I,E,0.0225470755630903,N-terminal
I134F,134,I,F,0.0177744308549285,N-terminal
I134G,134,I,G,0.0,N-terminal
I134H,134,I,H,0.018936183095179,N-terminal
I134K,134,I,K,0.014990766529426,N-terminal
I134L,134,I,L,0.0259256175829499,N-terminal
I134M,134,I,M,0.0255895798014033,N-terminal
I134N,134,I,N,0.0328030394768709,N-terminal
I134P,134,I,P,0.0078984015500121,N-terminal
I134Q,134,I,Q,0.0066594514410268,N-terminal
I134R,134,I,R,0.0205717183337356,N-terminal
I134S,134,I,S,0.0203855352385551,N-terminal
I134T,134,I,T,0.0218681884233456,N-terminal
I134V,134,I,V,0.0128980988132719,N-terminal
I134W,134,I,W,0.0171288447565996,N-terminal
I134Y,134,I,Y,0.0059495337854187,N-terminal
N135A,135,N,A,0.0085122002906272,N-terminal
N135C,135,N,C,0.0148598328893194,N-terminal
N135D,135,N,D,0.0109038205376618,N-terminal
N135E,135,N,E,0.0215177706466471,N-terminal
N135F,135,N,F,0.0223132114313407,N-terminal
N135G,135,N,G,0.0069531060789551,N-terminal
N135H,135,N,H,0.0158694599176556,N-terminal
N135I,135,N,I,0.0194568902882054,N-terminal
N135K,135,N,K,0.0096489767498197,N-terminal
N135L,135,N,L,0.005661177040447,N-terminal
N135M,135,N,M,0.0152518769677902,N-terminal
N135P,135,N,P,0.0192207556309033,N-terminal
N135Q,135,N,Q,0.0325487406151625,N-terminal
N135R,135,N,R,0.0158558367643511,N-terminal
N135S,135,N,S,0.0,N-terminal
N135T,135,N,T,0.0012132174860741,N-terminal
N135V,135,N,V,0.020094907968031,N-terminal
N135W,135,N,W,0.0220679946718348,N-terminal
N135Y,135,N,Y,0.0156583010414158,N-terminal
H136A,136,H,A,0.0406931157665294,N-terminal
H136C,136,H,C,0.0,N-terminal
H136D,136,H,D,0.0107585069023991,N-terminal
H136E,136,H,E,0.0328703984015514,N-terminal
H136F,136,H,F,0.024573141196417,N-terminal
H136G,136,H,G,0.028717607168806,N-terminal
H136I,136,H,I,0.0267596573020102,N-terminal
H136K,136,H,K,0.0225977839670622,N-terminal
H136L,136,H,L,0.0332563877452168,N-terminal
H136M,136,H,M,0.0157725841608151,N-terminal
H136N,136,H,N,0.0338898643739404,N-terminal
H136P,136,H,P,0.0041278154516846,N-terminal
H136Q,136,H,Q,0.0438302252361347,N-terminal
H136R,136,H,R,0.0443456345362073,N-terminal
H136S,136,H,S,0.0189346694114812,N-terminal
H136T,136,H,T,0.033867159118432,N-terminal
H136V,136,H,V,0.03074064543473,N-terminal
H136W,136,H,W,0.0076160995398415,N-terminal
H136Y,136,H,Y,0.0340442601114071,N-terminal
N137A,137,N,A,0.0210629086945992,N-terminal
N137C,137,N,C,0.0188491462823914,N-terminal
N137D,137,N,D,0.0066700472269314,N-terminal
N137E,137,N,E,0.0155508294986679,N-terminal
N137F,137,N,F,0.0046454952773068,N-terminal
N137G,137,N,G,0.0253526883022509,N-terminal
N137H,137,N,H,0.0128367946233955,N-terminal
N137I,137,N,I,0.0152745822232986,N-terminal
N137K,137,N,K,0.0211423770888835,N-terminal
N137L,137,N,L,0.0206708646161284,N-terminal
N137M,137,N,M,0.0062901126180659,N-terminal
N137P,137,N,P,0.0127437030758038,N-terminal
N137Q,137,N,Q,0.014901459191086,N-terminal
N137R,137,N,R,0.0282430673286496,N-terminal
N137S,137,N,S,0.0189308852022267,N-terminal
N137T,137,N,T,0.0157453378542005,N-terminal
N137V,137,N,V,0.0196498849600373,N-terminal
N137W,137,N,W,0.0247880842819084,N-terminal
N137Y,137,N,Y,0.0,N-terminal
N138A,138,N,A,0.0457109772341957,N-terminal
N138C,138,N,C,0.0343787842092516,N-terminal
N138D,138,N,D,0.0120852506660194,N-terminal
N138E,138,N,E,0.0284648219907954,N-terminal
N138F,138,N,F,0.0410526156454347,N-terminal
N138G,138,N,G,0.0261988374909179,N-terminal
N138H,138,N,H,0.0185676011140698,N-terminal
N138I,138,N,I,0.0292148522644694,N-terminal
N138K,138,N,K,0.0204286752240252,N-terminal
N138L,138,N,L,0.0332457919593122,N-terminal
N138M,138,N,M,0.035359651247274,N-terminal
N138P,138,N,P,0.0347927767013791,N-terminal
N138Q,138,N,Q,0.0416936606926603,N-terminal
N138R,138,N,R,0.0353657059820766,N-terminal
N138S,138,N,S,0.0,N-terminal
N138T,138,N,T,0.0225084766287222,N-terminal
N138V,138,N,V,0.0222980745943328,N-terminal
N138W,138,N,W,0.0231548195689015,N-terminal
N138Y,138,N,Y,0.0256811576652942,N-terminal
N139A,139,N,A,0.0163606502785178,N-terminal
N139C,139,N,C,0.0172461552434003,N-terminal
N139D,139,N,D,0.0141461310244611,N-terminal
N139E,139,N,E,0.030097329861952,N-terminal
N139F,139,N,F,0.026290415354806,N-terminal
N139G,139,N,G,0.0,N-terminal
N139H,139,N,H,0.0265795289416309,N-terminal
N139I,139,N,I,0.0377845725357229,N-terminal
N139K,139,N,K,0.0023984318236861,N-terminal
N139L,139,N,L,0.0437711915718078,N-terminal
N139M,139,N,M,0.0288424860741099,N-terminal
N139P,139,N,P,0.0154198958585614,N-terminal
N139Q,139,N,Q,0.0489245277306854,N-terminal
N139R,139,N,R,0.0158709736013548,N-terminal
N139S,139,N,S,0.0101325986921758,N-terminal
N139T,139,N,T,0.0337036812787586,N-terminal
N139V,139,N,V,0.0147705255509794,N-terminal
N139W,139,N,W,0.0264614616129813,N-terminal
N139Y,139,N,Y,0.0193206587551465,N-terminal
N140A,140,N,A,0.0197134596754662,N-terminal
N140C,140,N,C,0.0268444235892454,N-terminal
N140D,140,N,D,0.0177426434972148,N-terminal
N140E,140,N,E,0.0106654153548074,N-terminal
N140F,140,N,F,0.0348404577379497,N-terminal
N140G,140,N,G,0.0036979292806961,N-terminal
N140H,140,N,H,0.0,N-terminal
N140I,140,N,I,0.0210265802857835,N-terminal
N140K,140,N,K,0.0247835432308051,N-terminal
N140L,140,N,L,0.0052827561152821,N-terminal
N140M,140,N,M,0.0257424618551693,N-terminal
N140P,140,N,P,0.0316541535480732,N-terminal
N140Q,140,N,Q,0.0314475357229353,N-terminal
N140R,140,N,R,0.0113458161782514,N-terminal
N140S,140,N,S,0.0183602264470816,N-terminal
N140T,140,N,T,0.012257053766045,N-terminal
N140V,140,N,V,0.0252550557035602,N-terminal
N140W,140,N,W,0.0159360620004844,N-terminal
N140Y,140,N,Y,0.0161290566723163,N-terminal
N141A,141,N,A,0.0200714458706708,N-terminal
N141C,141,N,C,0.0198875333010414,N-terminal
N141D,141,N,D,0.0171197626543957,N-terminal
N141E,141,N,E,0.0011186122547832,N-terminal
N141F,141,N,F,0.008419108743037,N-terminal
N141G,141,N,G,0.017875090821022,N-terminal
N141H,141,N,H,0.0006879692419472,N-terminal
N141I,141,N,I,0.0266968394284316,N-terminal
N141K,141,N,K,0.0,N-terminal
N141L,141,N,L,0.002913084281907,N-terminal
N141M,141,N,M,0.0103157544199564,N-terminal
N141P,141,N,P,0.030298649794139,N-terminal
N141Q,141,N,Q,0.0137503027367387,N-terminal
N141R,141,N,R,0.0103399733591668,N-terminal
N141S,141,N,S,0.010523129086946,N-terminal
N141T,141,N,T,0.0117113707919593,N-terminal
N141V,141,N,V,0.0027125211915718,N-terminal
N141W,141,N,W,0.0179984560426253,N-terminal
N141Y,141,N,Y,0.0123115463792671,N-terminal
N142A,142,N,A,0.0203022826350206,N-terminal
N142C,142,N,C,0.0006675345119883,N-terminal
N142D,142,N,D,0.0165778638895602,N-terminal
N142E,142,N,E,0.0095521009929765,N-terminal
N142F,142,N,F,0.0035768345846451,N-terminal
N142G,142,N,G,0.0,N-terminal
N142H,142,N,H,0.0113253814482911,N-terminal
N142I,142,N,I,0.0260868248970681,N-terminal
N142K,142,N,K,0.0188983410026627,N-terminal
N142L,142,N,L,0.0106623879874047,N-terminal
N142M,142,N,M,0.0215881569387261,N-terminal
N142P,142,N,P,0.0118687938968273,N-terminal
N142Q,142,N,Q,0.0278684306127392,N-terminal
N142R,142,N,R,0.0170660268830225,N-terminal
N142S,142,N,S,0.0139697868733335,N-terminal
N142T,142,N,T,0.0200245216759506,N-terminal
N142V,142,N,V,0.0098495398401536,N-terminal
N142W,142,N,W,0.005839034875271,N-terminal
N142Y,142,N,Y,0.0097337430370549,N-terminal
L143A,143,L,A,0.0417163659481715,N-terminal
L143C,143,L,C,0.0106926616614192,N-terminal
L143D,143,L,D,0.0231926616614178,N-terminal
L143E,143,L,E,0.0069546197626529,N-terminal
L143F,143,L,F,0.0224388471784936,N-terminal
L143G,143,L,G,0.0,N-terminal
L143H,143,L,H,0.0082389803826592,N-terminal
L143I,143,L,I,0.011393497214822,N-terminal
L143K,143,L,K,0.0140522826350191,N-terminal
L143M,143,L,M,0.0136488859287963,N-terminal
L143N,143,L,N,0.0164507144587053,N-terminal
L143P,143,L,P,0.0130759566480974,N-terminal
L143Q,143,L,Q,0.0195757144587053,N-terminal
L143R,143,L,R,0.0149816844272206,N-terminal
L143S,143,L,S,0.0095422620489222,N-terminal
L143T,143,L,T,0.0237822414628239,N-terminal
L143V,143,L,V,0.0176381993218683,N-terminal
L143W,143,L,W,0.0115297287478808,N-terminal
L143Y,143,L,Y,0.0074775974812289,N-terminal
T144A,144,T,A,0.0114290687817873,N-terminal
T144C,144,T,C,0.0293942237829983,N-terminal
T144D,144,T,D,0.0149461128602567,N-terminal
T144E,144,T,E,0.0212710402034377,N-terminal
T144F,144,T,F,0.0257750060547334,N-terminal
T144G,144,T,G,0.0419706648098799,N-terminal
T144H,144,T,H,0.032232380721723,N-terminal
T144I,144,T,I,0.0024831981109227,N-terminal
T144K,144,T,K,0.0228013744248002,N-terminal
T144L,144,T,L,0.0,N-terminal
T144M,144,T,M,0.0357902942601114,N-terminal
T144N,144,T,N,0.0315428977960751,N-terminal
T144P,144,T,P,0.0151595422620475,N-terminal
T144Q,144,T,Q,0.0175004541051088,N-terminal
T144R,144,T,R,0.0220013925890046,N-terminal
T144S,144,T,S,0.0159693630418973,N-terminal
T144V,144,T,V,0.0198565027851766,N-terminal
T144W,144,T,W,0.0170788931944781,N-terminal
T144Y,144,T,Y,0.0108077016226689,N-terminal
A145C,145,A,C,0.0197081617825153,N-terminal
A145D,145,A,D,0.0188060062969256,N-terminal
A145E,145,A,E,0.0126210946960523,N-terminal
A145F,145,A,F,0.0292012291111663,N-terminal
A145G,145,A,G,0.0079279183821748,N-terminal
A145H,145,A,H,0.0263585311213383,N-terminal
A145I,145,A,I,0.0,N-terminal
A145K,145,A,K,0.0144405425042383,N-terminal
A145L,145,A,L,0.0120118370065391,N-terminal
A145M,145,A,M,0.0156734378784223,N-terminal
A145N,145,A,N,0.0327288689755389,N-terminal
A145P,145,A,P,0.0140886110438377,N-terminal
A145Q,145,A,Q,0.02888562605958,N-terminal
A145R,145,A,R,0.0245171348994914,N-terminal
A145S,145,A,S,0.0250824957616856,N-terminal
A145T,145,A,T,0.0297635626059579,N-terminal
A145V,145,A,V,0.0204703015257932,N-terminal
A145W,145,A,W,0.0153101537902654,N-terminal
A145Y,145,A,Y,0.0082715245822233,N-terminal
N146A,146,N,A,0.0202614131751029,N-terminal
N146C,146,N,C,0.0328499636715898,N-terminal
N146D,146,N,D,0.0174679099055461,N-terminal
N146E,146,N,E,0.0242416444659724,N-terminal
N146F,146,N,F,0.0180226749818358,N-terminal
N146G,146,N,G,0.015500121094696,N-terminal
N146H,146,N,H,0.0128504177767013,N-terminal
N146I,146,N,I,0.0096081072899007,N-terminal
N146K,146,N,K,0.0099418745458949,N-terminal
N146L,146,N,L,0.0191533967062242,N-terminal
N146M,146,N,M,0.0109817752482427,N-terminal
N146P,146,N,P,0.0236558488738193,N-terminal
N146Q,146,N,Q,0.0007568418503269,N-terminal
N146R,146,N,R,0.0101643860498896,N-terminal
N146S,146,N,S,0.0033626483410012,N-terminal
N146T,146,N,T,0.0116795834342455,N-terminal
N146V,146,N,V,0.0169161721966578,N-terminal
N146W,146,N,W,0.0295319689997578,N-terminal
N146Y,146,N,Y,0.0,N-terminal
N147A,147,N,A,0.0376437999515621,N-terminal
N147C,147,N,C,0.016694417534512,N-terminal
N147D,147,N,D,0.0152450653911344,N-terminal
N147E,147,N,E,0.0297582647130056,N-terminal
N147F,147,N,F,0.0102726144344877,N-terminal
N147G,147,N,G,0.0255729292806961,N-terminal
N147H,147,N,H,0.0171772826350192,N-terminal
N147I,147,N,I,0.0218136958101221,N-terminal
N147K,147,N,K,0.0239691813998547,N-terminal
N147L,147,N,L,0.02826728626786,N-terminal
N147M,147,N,M,0.0377262957132464,N-terminal
N147P,147,N,P,0.0121268769677874,N-terminal
N147Q,147,N,Q,0.0113208403971892,N-terminal
N147R,147,N,R,0.0106707132477597,N-terminal
N147S,147,N,S,0.006685184063938,N-terminal
N147T,147,N,T,0.0219552252361332,N-terminal
N147V,147,N,V,0.0,N-terminal
N147W,147,N,W,0.0132205134415098,N-terminal
N147Y,147,N,Y,0.0183322232986181,N-terminal
I148A,148,I,A,0.043118037054977,N-terminal
I148C,148,I,C,0.0227938060062969,N-terminal
I148D,148,I,D,0.0264440542504224,N-terminal
I148E,148,I,E,0.0,N-terminal
I148F,148,I,F,0.0323330406878179,N-terminal
I148G,148,I,G,0.0275157423104854,N-terminal
I148H,148,I,H,0.0333267740372958,N-terminal
I148K,148,I,K,0.0211824897069508,N-terminal
I148L,148,I,L,0.031171288447566,N-terminal
I148M,148,I,M,0.0304303402760945,N-terminal
I148N,148,I,N,0.0431452833615874,N-terminal
I148P,148,I,P,0.0324268890772584,N-terminal
I148Q,148,I,Q,0.0394791414386036,N-terminal
I148R,148,I,R,0.0201221542746413,N-terminal
I148S,148,I,S,0.0356389258900446,N-terminal
I148T,148,I,T,0.034359863162992,N-terminal
I148V,148,I,V,0.059342455800436,N-terminal
I148W,148,I,W,0.0357403426979898,N-terminal
I148Y,148,I,Y,0.0272886897553887,N-terminal
T149A,149,T,A,0.0065156514894633,N-terminal
T149C,149,T,C,0.0291255449261308,N-terminal
T149D,149,T,D,0.0095112315330574,N-terminal
T149E,149,T,E,0.0142679825623637,N-terminal
T149F,149,T,F,0.0267785783482683,N-terminal
T149G,149,T,G,0.0094696052312908,N-terminal
T149H,149,T,H,0.0293480564301269,N-terminal
T149I,149,T,I,0.0245201622668913,N-terminal
T149K,149,T,K,0.0,N-terminal
T149L,149,T,L,0.0175102930491644,N-terminal
T149M,149,T,M,0.01696763744248,N-terminal
T149N,149,T,N,0.0256894829256478,N-terminal
T149P,149,T,P,0.0217993158149659,N-terminal
T149Q,149,T,Q,0.0307762170016953,N-terminal
T149R,149,T,R,0.0387321385323323,N-terminal
T149S,149,T,S,0.0378610135626046,N-terminal
T149V,149,T,V,0.0271622971663841,N-terminal
T149W,149,T,W,0.0160556430128346,N-terminal
T149Y,149,T,Y,0.0268376120125924,N-terminal
N150A,150,N,A,0.0293927100992962,N-terminal
N150C,150,N,C,0.0,N-terminal
N150D,150,N,D,0.0232017437636231,N-terminal
N150E,150,N,E,0.0307504843787842,N-terminal
N150F,150,N,F,0.0321188544441739,N-terminal
N150G,150,N,G,0.0292852385565512,N-terminal
N150H,150,N,H,0.0099645798014047,N-terminal
N150I,150,N,I,0.0263668563816891,N-terminal
N150K,150,N,K,0.0266423468152095,N-terminal
N150L,150,N,L,0.0233568963429402,N-terminal
N150M,150,N,M,0.0132053766045033,N-terminal
N150P,150,N,P,0.0069894344877694,N-terminal
N150Q,150,N,Q,0.0249114495035117,N-terminal
N150R,150,N,R,0.0229512291111649,N-terminal
N150S,150,N,S,0.007081012351659,N-terminal
N150T,150,N,T,0.023760293049163,N-terminal
N150V,150,N,V,0.0215851295713248,N-terminal
N150W,150,N,W,0.0266340215548559,N-terminal
N150Y,150,N,Y,0.0524468697021057,N-terminal
N151A,151,N,A,0.0142573867764592,N-terminal
N151C,151,N,C,0.0216131327197869,N-terminal
N151D,151,N,D,0.0359772341971422,N-terminal
N151E,151,N,E,0.0056929643981579,N-terminal
N151F,151,N,F,0.0018799951562107,N-terminal
N151G,151,N,G,0.0146903003148462,N-terminal
N151H,151,N,H,0.0419646100750773,N-terminal
N151I,151,N,I,0.0,N-terminal
N151K,151,N,K,0.0240668139985454,N-terminal
N151L,151,N,L,0.0090253390651489,N-terminal
N151M,151,N,M,0.0201819447808186,N-terminal
N151P,151,N,P,0.0107017437636231,N-terminal
N151Q,151,N,Q,0.0049883446355049,N-terminal
N151R,151,N,R,0.0184676979898266,N-terminal
N151S,151,N,S,0.0071211249697249,N-terminal
N151T,151,N,T,0.0226356260595786,N-terminal
N151V,151,N,V,0.0268739404214095,N-terminal
N151W,151,N,W,0.0044366069266166,N-terminal
N151Y,151,N,Y,0.0120004843787842,N-terminal
L152A,152,L,A,0.0502792746427693,N-terminal
L152C,152,L,C,0.0365456224267377,N-terminal
L152D,152,L,D,0.0268277730685396,N-terminal
L152E,152,L,E,0.0139660026640833,N-terminal
L152F,152,L,F,0.0389485953015244,N-terminal
L152G,152,L,G,0.0374757810607895,N-terminal
L152H,152,L,H,0.0361399551949625,N-terminal
L152I,152,L,I,0.0153275611528215,N-terminal
L152K,152,L,K,0.0413909239525295,N-terminal
L152M,152,L,M,0.0213194780818586,N-terminal
L152N,152,L,N,0.0313877452167595,N-terminal
L152P,152,L,P,0.0192215124727537,N-terminal
L152Q,152,L,Q,0.0205853414870428,N-terminal
L152R,152,L,R,0.030969968515379,N-terminal
L152S,152,L,S,0.0238374909178964,N-terminal
L152T,152,L,T,0.0224562545410511,N-terminal
L152V,152,L,V,0.0326584826834585,N-terminal
L152W,152,L,W,0.027287932913537,N-terminal
L152Y,152,L,Y,0.0,N-terminal
I153A,153,I,A,0.0102938060062955,N-terminal
I153C,153,I,C,0.0007507871155243,N-terminal
I153D,153,I,D,0.0325214943085493,N-terminal
I153E,153,I,E,0.0125401126180659,N-terminal
I153F,153,I,F,0.0085515560668442,N-terminal
I153G,153,I,G,0.0250461673528699,N-terminal
I153H,153,I,H,0.0250105957859046,N-terminal
I153K,153,I,K,0.0,N-terminal
I153L,153,I,L,0.0129170198595301,N-terminal
I153M,153,I,M,0.0238609530152579,N-terminal
I153N,153,I,N,0.0165135323322824,N-terminal
I153P,153,I,P,0.0296409542262049,N-terminal
I153Q,153,I,Q,0.0219582526035359,N-terminal
I153R,153,I,R,0.005414446597239,N-terminal
I153S,153,I,S,0.0044789900702349,N-terminal
I153T,153,I,T,0.0190898219907954,N-terminal
I153V,153,I,V,0.0139523795107774,N-terminal
I153W,153,I,W,0.0330989646403487,N-terminal
I153Y,153,I,Y,0.0103823565027851,N-terminal
N154A,154,N,A,0.0440519798982805,N-terminal
N154C,154,N,C,0.0364956708646147,N-terminal
N154D,154,N,D,0.0387843606200034,N-terminal
N154E,154,N,E,0.0,N-terminal
N154F,154,N,F,0.0017664688786617,N-terminal
N154G,154,N,G,0.0537736134657288,N-terminal
N154H,154,N,H,0.0281355957859032,N-terminal
N154I,154,N,I,0.0230708101235166,N-terminal
N154K,154,N,K,0.0388532332283846,N-terminal
N154L,154,N,L,0.0321127997093727,N-terminal
N154M,154,N,M,0.0266801889077258,N-terminal
N154P,154,N,P,0.0252527851780078,N-terminal
N154Q,154,N,Q,0.0262101901186714,N-terminal
N154R,154,N,R,0.0247025611528215,N-terminal
N154S,154,N,S,0.0314112073141196,N-terminal
N154T,154,N,T,0.0141181278759976,N-terminal
N154V,154,N,V,0.0290718091547576,N-terminal
N154W,154,N,W,0.0196022039234681,N-terminal
N154Y,154,N,Y,0.0261670501332027,N-terminal
N155A,155,N,A,0.0142679825623651,N-terminal
N155C,155,N,C,0.0073723964640362,N-terminal
N155D,155,N,D,0.0013252300799239,N-terminal
N155E,155,N,E,0.0232062848147251,N-terminal
N155F,155,N,F,0.0192835735044805,N-terminal
N155G,155,N,G,0.0138426374424814,N-terminal
N155H,155,N,H,0.0313794199564073,N-terminal
N155I,155,N,I,0.0116886655364509,N-terminal
N155K,155,N,K,0.0132333797529682,N-terminal
N155L,155,N,L,0.0125968757568418,N-terminal
N155M,155,N,M,0.0136057459433277,N-terminal
N155P,155,N,P,0.0,N-terminal
N155Q,155,N,Q,0.0221005388713974,N-terminal
N155R,155,N,R,0.0127156999273446,N-terminal
N155S,155,N,S,0.0164053039476885,N-terminal
N155T,155,N,T,0.0090404759021554,N-terminal
N155V,155,N,V,0.018391256962945,N-terminal
N155W,155,N,W,0.0258136049891015,N-terminal
N155Y,155,N,Y,0.0080369036086233,N-terminal
N156A,156,N,A,0.0151534875272449,N-terminal
N156C,156,N,C,0.0289333070961492,N-terminal
N156D,156,N,D,0.0214897674981822,N-terminal
N156E,156,N,E,0.0187598389440542,N-terminal
N156F,156,N,F,0.0272273855655108,N-terminal
N156G,156,N,G,0.0192737345604248,N-terminal
N156H,156,N,H,0.0241750423831436,N-terminal
N156I,156,N,I,0.0069689997578106,N-terminal
N156K,156,N,K,0.0108879268588036,N-terminal
N156L,156,N,L,0.0329264046984742,N-terminal
N156M,156,N,M,0.0360975720513427,N-terminal
N156P,156,N,P,0.0282687999515621,N-terminal
N156Q,156,N,Q,0.0345763199321856,N-terminal
N156R,156,N,R,0.0396297529668201,N-terminal
N156S,156,N,S,0.0290248849600387,N-terminal
N156T,156,N,T,0.0112118551707421,N-terminal
N156V,156,N,V,0.0100826471300557,N-terminal
N156W,156,N,W,0.03266529426011,N-terminal
N156Y,156,N,Y,0.0,N-terminal
M157A,157,M,A,0.0160412630176798,N-terminal
M157C,157,M,C,0.0,N-terminal
M157D,157,M,D,0.0151519738435456,N-terminal
M157E,157,M,E,0.0074798680067813,N-terminal
M157F,157,M,F,0.0192025914264955,N-terminal
M157G,157,M,G,0.0014221058367643,N-terminal
M157H,157,M,H,0.0214927948655849,N-terminal
M157I,157,M,I,0.0192858440300301,N-terminal
M157K,157,M,K,0.0015257931702591,N-terminal
M157L,157,M,L,0.0261072596270269,N-terminal
M157N,157,M,N,0.0008363102446112,N-terminal
M157P,157,M,P,0.0167814543472996,N-terminal
M157Q,157,M,Q,0.0130812545410497,N-terminal
M157R,157,M,R,0.0171939331557278,N-terminal
M157S,157,M,S,0.0230170743521434,N-terminal
M157T,157,M,T,0.0050905182852977,N-terminal
M157V,157,M,V,0.0196150702349237,N-terminal
M157W,157,M,W,0.0080270646645677,N-terminal
M157Y,157,M,Y,0.0127527851780092,N-terminal
N158A,158,N,A,0.0155281242431567,N-terminal
N158C,158,N,C,0.0083805098086689,N-terminal
N158D,158,N,D,0.0073731533058852,N-terminal
N158E,158,N,E,0.0323103354323081,N-terminal
N158F,158,N,F,0.0126460704771131,N-terminal
N158G,158,N,G,0.0155894284330332,N-terminal
N158H,158,N,H,0.0187000484378784,N-terminal
N158I,158,N,I,0.0104368491160087,N-terminal
N158K,158,N,K,0.0172310184063924,N-terminal
N158L,158,N,L,0.0121980201017195,N-terminal
N158M,158,N,M,0.0151058064906757,N-terminal
N158P,158,N,P,0.0129329135383856,N-terminal
N158Q,158,N,Q,0.0249076652942587,N-terminal
N158R,158,N,R,0.0016453741826093,N-terminal
N158S,158,N,S,0.0138555037539341,N-terminal
N158T,158,N,T,0.0022357108258644,N-terminal
N158V,158,N,V,0.0024597360135626,N-terminal
N158W,158,N,W,0.0,N-terminal
N158Y,158,N,Y,0.0185494369096633,N-terminal
S159A,159,S,A,0.0127338641317496,N-terminal
S159C,159,S,C,0.015933791474932,N-terminal
S159D,159,S,D,0.0172401005085977,N-terminal
S159E,159,S,E,0.0197565996609348,N-terminal
S159F,159,S,F,0.0071695628481472,N-terminal
S159G,159,S,G,0.0120988738193267,N-terminal
S159H,159,S,H,0.0137041353838702,N-terminal
S159I,159,S,I,0.0245110801646888,N-terminal
S159K,159,S,K,0.0223601356260582,N-terminal
S159L,159,S,L,0.0119800496488253,N-terminal
S159M,159,S,M,0.00185199200775,N-terminal
S159N,159,S,N,0.016086673528698,N-terminal
S159P,159,S,P,0.0007076471300557,N-terminal
S159Q,159,S,Q,0.006641287236619,N-terminal
S159R,159,S,R,0.0013131206103158,N-terminal
S159T,159,S,T,0.0197535722935321,N-terminal
S159V,159,S,V,0.0,N-terminal
S159W,159,S,W,0.0094438726083783,N-terminal
S159Y,159,S,Y,0.0122252664083299,N-terminal
P160A,160,P,A,0.0129124788084296,N-terminal
P160C,160,P,C,0.0068388229595543,N-terminal
P160D,160,P,D,0.0081822172438861,N-terminal
P160E,160,P,E,0.0416073807217258,N-terminal
P160F,160,P,F,0.0039794744490191,N-terminal
P160G,160,P,G,0.0187696778881099,N-terminal
P160H,160,P,H,0.0089277064664581,N-terminal
P160I,160,P,I,0.0,N-terminal
P160K,160,P,K,6.962945023148975e-05,N-terminal
P160L,160,P,L,0.0212619581012351,N-terminal
P160M,160,P,M,0.0164037902639864,N-terminal
P160N,160,P,N,0.0230284269798983,N-terminal
P160Q,160,P,Q,0.0092100084766301,N-terminal
P160R,160,P,R,0.0069886776459205,N-terminal
P160S,160,P,S,0.026858803584403,N-terminal
P160T,160,P,T,0.0093144526519752,N-terminal
P160V,160,P,V,0.0058087612012608,N-terminal
P160W,160,P,W,0.0132409481714701,N-terminal
P160Y,160,P,Y,0.0171273310729004,N-terminal
S161A,161,S,A,0.0156545168321627,N-terminal
S161C,161,S,C,0.0123826895131993,N-terminal
S161D,161,S,D,0.0190247335916687,N-terminal
S161E,161,S,E,0.0344083010414144,N-terminal
S161F,161,S,F,0.0001347178493581,N-terminal
S161G,161,S,G,0.0066246367159118,N-terminal
S161H,161,S,H,0.0160200714458692,N-terminal
S161I,161,S,I,0.0021978687333494,N-terminal
S161K,161,S,K,0.0199654880116251,N-terminal
S161L,161,S,L,0.0113776035359637,N-terminal
S161M,161,S,M,0.0122305643012822,N-terminal
S161N,161,S,N,0.0058700653911358,N-terminal
S161P,161,S,P,0.0247381327197869,N-terminal
S161Q,161,S,Q,0.0127959251634778,N-terminal
S161R,161,S,R,0.0190656030515849,N-terminal
S161T,161,S,T,0.0022236013562591,N-terminal
S161V,161,S,V,0.0,N-terminal
S161W,161,S,W,0.0172628057641061,N-terminal
S161Y,161,S,Y,0.0287766408331301,N-terminal
I162A,162,I,A,0.0246563937999501,N-terminal
I162C,162,I,C,0.0116909360620005,N-terminal
I162D,162,I,D,0.0215404759021555,N-terminal
I162E,162,I,E,0.0251210946960523,N-terminal
I162F,162,I,F,0.0114464761443448,N-terminal
I162G,162,I,G,0.0142929583434245,N-terminal
I162H,162,I,H,0.0168291353838702,N-terminal
I162K,162,I,K,0.0434359106321143,N-terminal
I162L,162,I,L,0.0080959372729474,N-terminal
I162M,162,I,M,0.023412902639863,N-terminal
I162N,162,I,N,0.0242257507871141,N-terminal
I162P,162,I,P,0.0169577984984257,N-terminal
I162Q,162,I,Q,0.0204824109953984,N-terminal
I162R,162,I,R,0.0139289174134159,N-terminal
I162S,162,I,S,0.0309820779849843,N-terminal
I162T,162,I,T,0.0269957919593122,N-terminal
I162V,162,I,V,0.0082715245822233,N-terminal
I162W,162,I,W,0.0,N-terminal
I162Y,162,I,Y,0.0217047105836764,N-terminal
M163A,163,M,A,0.0064513199321869,N-terminal
M163C,163,M,C,0.0006418018890758,N-terminal
M163D,163,M,D,0.0202826047469121,N-terminal
M163E,163,M,E,0.0345876725599405,N-terminal
M163F,163,M,F,0.0104587975296668,N-terminal
M163G,163,M,G,0.0231427100992976,N-terminal
M163H,163,M,H,0.0305453802373456,N-terminal
M163I,163,M,I,0.0133030092031969,N-terminal
M163K,163,M,K,0.0189354262533287,N-terminal
M163L,163,M,L,0.0074541353838701,N-terminal
M163N,163,M,N,0.020333313150884,N-terminal
M163P,163,M,P,0.0146411055945735,N-terminal
M163Q,163,M,Q,0.0,N-terminal
M163R,163,M,R,0.0154198958585614,N-terminal
M163S,163,M,S,0.0135815270041158,N-terminal
M163T,163,M,T,0.0124999999999986,N-terminal
M163V,163,M,V,0.0156810062969228,N-terminal
M163W,163,M,W,0.0254412387987392,N-terminal
M163Y,163,M,Y,0.0083517498183579,N-terminal
N164A,164,N,A,0.0076743763623153,N-terminal
N164C,164,N,C,0.0028684306127377,N-terminal
N164D,164,N,D,0.0318849903124243,N-terminal
N164E,164,N,E,0.0257538144829256,N-terminal
N164F,164,N,F,0.0088164507144573,N-terminal
N164G,164,N,G,0.0177555098086704,N-terminal
N164H,164,N,H,0.0196317207556309,N-terminal
N164I,164,N,I,0.0222897493339792,N-terminal
N164K,164,N,K,0.0060252179704529,N-terminal
N164L,164,N,L,0.0090435032695553,N-terminal
N164M,164,N,M,0.0209736013562606,N-terminal
N164P,164,N,P,0.0193774218939196,N-terminal
N164Q,164,N,Q,0.0265553100024205,N-terminal
N164R,164,N,R,0.0194266166141909,N-terminal
N164S,164,N,S,0.0,N-terminal
N164T,164,N,T,0.0164976386534255,N-terminal
N164V,164,N,V,0.0210053887139743,N-terminal
N164W,164,N,W,0.0126006599660935,N-terminal
N164Y,164,N,Y,0.0258612860256721,N-terminal
T165A,165,T,A,0.0240047529668214,N-terminal
T165C,165,T,C,0.0264130237345604,N-terminal
T165D,165,T,D,0.0004321566965366,N-terminal
T165E,165,T,E,0.0114600992976507,N-terminal
T165F,165,T,F,0.0233780879147507,N-terminal
T165G,165,T,G,0.031567116735287,N-terminal
T165H,165,T,H,0.0173029183821748,N-terminal
T165I,165,T,I,0.0093167231775262,N-terminal
T165K,165,T,K,0.0064210462581739,N-terminal
T165L,165,T,L,0.0280334221361118,N-terminal
T165M,165,T,M,0.0,N-terminal
T165N,165,T,N,0.0328143921046258,N-terminal
T165P,165,T,P,0.0126907241462824,N-terminal
T165Q,165,T,Q,0.0172393436667488,N-terminal
T165R,165,T,R,0.0260830406878193,N-terminal
T165S,165,T,S,0.0148235044805037,N-terminal
T165V,165,T,V,0.028684306127393,N-terminal
T165W,165,T,W,0.0142513320416565,N-terminal
T165Y,165,T,Y,0.0165226144344877,N-terminal
N166A,166,N,A,0.0198602869944296,N-terminal
N166C,166,N,C,0.0058329801404684,N-terminal
N166D,166,N,D,0.0273129086945978,N-terminal
N166E,166,N,E,0.0,N-terminal
N166F,166,N,F,0.0074056975054492,N-terminal
N166G,166,N,G,0.0297590215548559,N-terminal
N166H,166,N,H,0.0182043170259128,N-terminal
N166I,166,N,I,0.0102506660208268,N-terminal
N166K,166,N,K,0.0347382840881569,N-terminal
N166L,166,N,L,0.0258189028820523,N-terminal
N166M,166,N,M,0.0395616372002906,N-terminal
N166P,166,N,P,0.0212127633809639,N-terminal
N166Q,166,N,Q,0.0113117582949866,N-terminal
N166R,166,N,R,0.0327508173891969,N-terminal
N166S,166,N,S,0.0362080709614919,N-terminal
N166T,166,N,T,0.0238443024945493,N-terminal
N166V,166,N,V,0.019067116735287,N-terminal
N166W,166,N,W,0.0062000484378784,N-terminal
N166Y,166,N,Y,0.009409814725115,N-terminal
K167A,167,K,A,0.0209160813756343,N-terminal
K167C,167,K,C,0.0290468333736968,N-terminal
K167D,167,K,D,0.0119429643981593,N-terminal
K167E,167,K,E,0.0311289053039477,N-terminal
K167F,167,K,F,0.0071453439089367,N-terminal
K167G,167,K,G,0.0093825684185018,N-terminal
K167H,167,K,H,0.0217970452894163,N-terminal
K167I,167,K,I,0.0,N-terminal
K167L,167,K,L,0.0186818842334691,N-terminal
K167M,167,K,M,0.0385671470089596,N-terminal
K167N,167,K,N,0.0076183700653911,N-terminal
K167P,167,K,P,0.0008650702349237,N-terminal
K167Q,167,K,Q,0.0104111164930976,N-terminal
K167R,167,K,R,0.0222503935577607,N-terminal
K167S,167,K,S,0.0244853475417777,N-terminal
K167T,167,K,T,0.0266211552434003,N-terminal
K167V,167,K,V,0.0283157241462824,N-terminal
K167W,167,K,W,0.0008567449745687,N-terminal
K167Y,167,K,Y,0.0318251998062471,N-terminal
K168A,168,K,A,0.0058700653911344,N-terminal
K168C,168,K,C,0.0334259203196886,N-terminal
K168D,168,K,D,0.0342251453136353,N-terminal
K168E,168,K,E,0.0381554250423832,N-terminal
K168F,168,K,F,0.0,N-terminal
K168G,168,K,G,0.015098238072171,N-terminal
K168H,168,K,H,0.0105004238314361,N-terminal
K168I,168,K,I,0.0604247396464035,N-terminal
K168L,168,K,L,0.0319281302978929,N-terminal
K168M,168,K,M,0.0266370489222558,N-terminal
K168N,168,K,N,0.0423748183579559,N-terminal
K168P,168,K,P,0.0201403184790492,N-terminal
K168Q,168,K,Q,0.0217599600387489,N-terminal
K168R,168,K,R,0.0282158210220392,N-terminal
K168S,168,K,S,0.0266960825865827,N-terminal
K168T,168,K,T,0.0353914386049891,N-terminal
K168V,168,K,V,0.0179916444659724,N-terminal
K168W,168,K,W,0.0248107895374168,N-terminal
K168Y,168,K,Y,0.0382863586824883,N-terminal
E169A,169,E,A,0.0023166929038522,N-terminal
E169C,169,E,C,0.0334259203196914,N-terminal
E169D,169,E,D,0.0343318600145328,N-terminal
E169F,169,E,F,0.0061924800193765,N-terminal
E169G,169,E,G,0.0119641559699685,N-terminal
E169H,169,E,H,0.0034012472753693,N-terminal
E169I,169,E,I,0.0204006720755645,N-terminal
E169K,169,E,K,0.0349403608621956,N-terminal
E169L,169,E,L,0.0339118127876013,N-terminal
E169M,169,E,M,0.0279115705982092,N-terminal
E169N,169,E,N,0.0049421772826364,N-terminal
E169P,169,E,P,0.0250560062969256,N-terminal
E169Q,169,E,Q,0.0189498062484877,N-terminal
E169R,169,E,R,0.0213747275369339,N-terminal
E169S,169,E,S,0.0480814059094212,N-terminal
E169T,169,E,T,0.0061190663598948,N-terminal
E169V,169,E,V,0.0367984076047483,N-terminal
E169W,169,E,W,0.0,N-terminal
E169Y,169,E,Y,0.004386655364495,N-terminal
N170A,170,N,A,0.0190262472753679,N-terminal
N170C,170,N,C,0.0300890046015984,N-terminal
N170D,170,N,D,0.0279335190118659,N-terminal
N170E,170,N,E,0.0310850084766287,N-terminal
N170F,170,N,F,0.0091820053281666,N-terminal
N170G,170,N,G,0.0280568842334692,N-terminal
N170H,170,N,H,0.0284663356744975,N-terminal
N170I,170,N,I,0.0429015802857835,N-terminal
N170K,170,N,K,0.0124765379026384,N-terminal
N170L,170,N,L,0.0257046197626544,N-terminal
N170M,170,N,M,0.0348707314119627,N-terminal
N170P,170,N,P,0.0,N-terminal
N170Q,170,N,Q,0.0097534209251634,N-terminal
N170R,170,N,R,0.0096542746427692,N-terminal
N170S,170,N,S,0.0345695083555326,N-terminal
N170T,170,N,T,0.0410132598692177,N-terminal
N170V,170,N,V,0.0098079135383856,N-terminal
N170W,170,N,W,0.0358372184548303,N-terminal
N170Y,170,N,Y,0.0288099418745459,N-terminal
F171A,171,F,A,0.0018345846451925,N-terminal
F171C,171,F,C,0.0135474691208511,N-terminal
F171D,171,F,D,0.0107471542746427,N-terminal
F171E,171,F,E,0.0044146585129557,N-terminal
F171G,171,F,G,0.0085954528941632,N-terminal
F171H,171,F,H,0.0271062908694585,N-terminal
F171I,171,F,I,0.0156605715669653,N-terminal
F171K,171,F,K,0.0108538689755374,N-terminal
F171L,171,F,L,0.0142036510050859,N-terminal
F171M,171,F,M,0.011312515136837,N-terminal
F171N,171,F,N,0.0179712097360121,N-terminal
F171P,171,F,P,0.0002853293775732,N-terminal
F171Q,171,F,Q,0.0125567631387745,N-terminal
F171R,171,F,R,0.0067169714216517,N-terminal
F171S,171,F,S,0.0193153608621942,N-terminal
F171T,171,F,T,0.0081784330346316,N-terminal
F171V,171,F,V,0.0,N-terminal
F171W,171,F,W,0.0048067025914265,N-terminal
F171Y,171,F,Y,0.0015030879147493,N-terminal
L172A,172,L,A,0.0256327197868747,N-terminal
L172C,172,L,C,0.0043344332768238,N-terminal
L172D,172,L,D,0.0291800375393558,N-terminal
L172E,172,L,E,0.0148923770888835,N-terminal
L172F,172,L,F,0.040869459917657,N-terminal
L172G,172,L,G,0.0255260050859772,N-terminal
L172H,172,L,H,0.0349683640106563,N-terminal
L172I,172,L,I,0.0367545107774294,N-terminal
L172K,172,L,K,0.0318017377088898,N-terminal
L172M,172,L,M,0.0,N-terminal
L172N,172,L,N,0.0298611952046514,N-terminal
L172P,172,L,P,0.0301972329861966,N-terminal
L172Q,172,L,Q,0.0094521978687347,N-terminal
L172R,172,L,R,0.0195999333979186,N-terminal
L172S,172,L,S,0.0147682550254299,N-terminal
L172T,172,L,T,0.0351515197384355,N-terminal
L172V,172,L,V,0.0404774158391877,N-terminal
L172W,172,L,W,0.0348699745701138,N-terminal
L172Y,172,L,Y,0.0134680007265696,N-terminal
D173A,173,D,A,0.0195522523613451,N-terminal
D173C,173,D,C,0.0302509687575684,N-terminal
D173E,173,D,E,0.0289022765802844,N-terminal
D173F,173,D,F,0.0221482199079666,N-terminal
D173G,173,D,G,0.0243052191813984,N-terminal
D173H,173,D,H,0.0212248728505677,N-terminal
D173I,173,D,I,0.0286525187696779,N-terminal
D173K,173,D,K,0.0154198958585614,N-terminal
D173L,173,D,L,0.0167095543715171,N-terminal
D173M,173,D,M,0.0375211915718092,N-terminal
D173N,173,D,N,0.0311629631872124,N-terminal
D173P,173,D,P,0.0272288992492115,N-terminal
D173Q,173,D,Q,0.0253814482925648,N-terminal
D173R,173,D,R,0.0159307641075321,N-terminal
D173S,173,D,S,0.0388237163962204,N-terminal
D173T,173,D,T,0.0325237648340989,N-terminal
D173V,173,D,V,0.0233334342455786,N-terminal
D173W,173,D,W,0.0,N-terminal
D173Y,173,D,Y,0.0375824957616856,N-terminal
A174C,174,A,C,0.0150619096633567,N-terminal
A174D,174,A,D,0.0318320113829,N-terminal
A174E,174,A,E,0.0391325078711538,N-terminal
A174F,174,A,F,0.0349070598207784,N-terminal
A174G,174,A,G,0.0419116311455558,N-terminal
A174H,174,A,H,0.0315814967304432,N-terminal
A174I,174,A,I,0.0196370186485832,N-terminal
A174K,174,A,K,0.0470051767982548,N-terminal
A174L,174,A,L,0.0281726810365692,N-terminal
A174M,174,A,M,0.0243862012593848,N-terminal
A174N,174,A,N,0.044937484863163,N-terminal
A174P,174,A,P,0.0223896524582209,N-terminal
A174Q,174,A,Q,0.0404622790021783,N-terminal
A174R,174,A,R,0.0477287176071688,N-terminal
A174S,174,A,S,0.0405364495035103,N-terminal
A174T,174,A,T,0.0496609348510535,N-terminal
A174V,174,A,V,0.0327644405425042,N-terminal
A174W,174,A,W,0.0,N-terminal
A174Y,174,A,Y,0.0429220150157409,N-terminal
A175C,175,A,C,0.0353316480988133,N-terminal
A175D,175,A,D,0.0283361588762426,N-terminal
A175E,175,A,E,0.0169941269072428,N-terminal
A175F,175,A,F,0.0230072354080905,N-terminal
A175G,175,A,G,0.0238783603778154,N-terminal
A175H,175,A,H,0.0292277185759278,N-terminal
A175I,175,A,I,0.0004276156454361,N-terminal
A175K,175,A,K,0.0355904880116251,N-terminal
A175L,175,A,L,0.0318547166384112,N-terminal
A175M,175,A,M,0.0161752240251891,N-terminal
A175N,175,A,N,0.0139675163477853,N-terminal
A175P,175,A,P,0.0331943267134914,N-terminal
A175Q,175,A,Q,0.0339572232986209,N-terminal
A175R,175,A,R,0.0296878784209266,N-terminal
A175S,175,A,S,0.0,N-terminal
A175T,175,A,T,0.0179197444901927,N-terminal
A175V,175,A,V,0.0256137987406151,N-terminal
A175W,175,A,W,0.0248297105836778,N-terminal
A175Y,175,A,Y,0.0157354989101477,N-terminal
N176A,176,N,A,0.0370383264713006,N-terminal
N176C,176,N,C,0.0230155606684427,N-terminal
N176D,176,N,D,0.0239215003632827,N-terminal
N176E,176,N,E,0.0296750121094696,N-terminal
N176F,176,N,F,0.017921258173892,N-terminal
N176G,176,N,G,0.0108561395010898,N-terminal
N176H,176,N,H,0.0327720089610075,N-terminal
N176I,176,N,I,0.0213550496488254,N-terminal
N176K,176,N,K,0.0182709191087416,N-terminal
N176L,176,N,L,0.0010512533301041,N-terminal
N176M,176,N,M,0.0177812424315815,N-terminal
N176P,176,N,P,0.0071105291838217,N-terminal
N176Q,176,N,Q,0.0092622305643012,N-terminal
N176R,176,N,R,0.0124462642286253,N-terminal
N176S,176,N,S,0.0034163841123744,N-terminal
N176T,176,N,T,0.0285927282635021,N-terminal
N176V,176,N,V,0.0170372668927101,N-terminal
N176W,176,N,W,0.0,N-terminal
N176Y,176,N,Y,0.0133711249697263,N-terminal
L177A,177,L,A,0.017908391862435,N-terminal
L177C,177,L,C,0.0204460825865827,N-terminal
L177D,177,L,D,0.0114896161298135,N-terminal
L177E,177,L,E,0.0113117582949866,N-terminal
L177F,177,L,F,0.0449162932913524,N-terminal
L177G,177,L,G,0.0209910087188181,N-terminal
L177H,177,L,H,0.0303955255509809,N-terminal
L177I,177,L,I,0.0129798377331058,N-terminal
L177K,177,L,K,0.0097730988132719,N-terminal
L177M,177,L,M,0.0356078953741826,N-terminal
L177N,177,L,N,0.0059010959069978,N-terminal
L177P,177,L,P,0.0240872487285057,N-terminal
L177Q,177,L,Q,0.0,N-terminal
L177R,177,L,R,0.0184782937757326,N-terminal
L177S,177,L,S,0.0145366614192284,N-terminal
L177T,177,L,T,0.0192404335190118,N-terminal
L177V,177,L,V,0.0092697989828045,N-terminal
L177W,177,L,W,0.0005759566480974,N-terminal
L177Y,177,L,Y,0.0292814543472982,N-terminal
I178A,178,I,A,0.0242166686849116,N-terminal
I178C,178,I,C,0.020105503753937,N-terminal
I178D,178,I,D,0.0214277064664582,N-terminal
I178E,178,I,E,0.0302093424558004,N-terminal
I178F,178,I,F,0.0376793715185289,N-terminal
I178G,178,I,G,0.0083010414143874,N-terminal
I178H,178,I,H,0.0067033482683472,N-terminal
I178K,178,I,K,0.0237890530394783,N-terminal
I178L,178,I,L,0.0005358440300314,N-terminal
I178M,178,I,M,0.0069084524097844,N-terminal
I178N,178,I,N,0.0300224025187697,N-terminal
I178P,178,I,P,0.0145631508839927,N-terminal
I178Q,178,I,Q,0.0051026277549057,N-terminal
I178R,178,I,R,0.0416467364979428,N-terminal
I178S,178,I,S,0.0192094030031484,N-terminal
I178T,178,I,T,0.0317275672075563,N-terminal
I178V,178,I,V,0.0318297408573519,N-terminal
I178W,178,I,W,0.0,N-terminal
I178Y,178,I,Y,0.004508506902399,N-terminal
N179A,179,N,A,0.0045281847905061,N-terminal
N179C,179,N,C,0.0008491765560668,N-terminal
N179D,179,N,D,0.013239434487768,N-terminal
N179E,179,N,E,0.0099025187696779,N-terminal
N179F,179,N,F,0.0038016166141923,N-terminal
N179G,179,N,G,0.0090230685395979,N-terminal
N179H,179,N,H,0.0035064482925647,N-terminal
N179I,179,N,I,0.0141907846936304,N-terminal
N179K,179,N,K,0.0014274037297166,N-terminal
N179L,179,N,L,0.0042140954226204,N-terminal
N179M,179,N,M,0.0044101174618551,N-terminal
N179P,179,N,P,0.0119762654395737,N-terminal
N179Q,179,N,Q,0.0106722269314604,N-terminal
N179R,179,N,R,0.0,N-terminal
N179S,179,N,S,0.0140454710583662,N-terminal
N179T,179,N,T,0.0214473843545653,N-terminal
N179V,179,N,V,0.0161933882295941,N-terminal
N179W,179,N,W,0.001806581496729,N-terminal
N179Y,179,N,Y,0.0137760353596498,N-terminal
D180A,180,D,A,0.034816238798742,N-terminal
D180C,180,D,C,0.038100932429161,N-terminal
D180E,180,D,E,0.0305294865584901,N-terminal
D180F,180,D,F,0.0001914809881327,N-terminal
D180G,180,D,G,0.0302767013804809,N-terminal
D180H,180,D,H,0.0118862012593862,N-terminal
D180I,180,D,I,0.0142134899491402,N-terminal
D180K,180,D,K,0.0319894344877694,N-terminal
D180L,180,D,L,0.0,N-terminal
D180M,180,D,M,0.0142573867764592,N-terminal
D180N,180,D,N,0.0428319508355548,N-terminal
D180P,180,D,P,0.0083714277064664,N-terminal
D180Q,180,D,Q,0.0513721542746428,N-terminal
D180R,180,D,R,0.0269185940905802,N-terminal
D180S,180,D,S,0.0392218152094952,N-terminal
D180T,180,D,T,0.030145767740373,N-terminal
D180V,180,D,V,0.0293109711794637,N-terminal
D180W,180,D,W,0.0191390167110694,N-terminal
D180Y,180,D,Y,0.0117741886655378,N-terminal
D181A,181,D,A,0.0334970634536207,N-terminal
D181C,181,D,C,0.0,N-terminal
D181E,181,D,E,0.0291414386049891,N-terminal
D181F,181,D,F,0.0186606926616614,N-terminal
D181G,181,D,G,0.0198292564785662,N-terminal
D181H,181,D,H,0.0131206103172681,N-terminal
D181I,181,D,I,0.018880933640108,N-terminal
D181K,181,D,K,0.0073807217243884,N-terminal
D181L,181,D,L,0.0170675405667232,N-terminal
D181M,181,D,M,0.0218954347299602,N-terminal
D181N,181,D,N,0.0242302918382189,N-terminal
D181P,181,D,P,0.0246707737951078,N-terminal
D181Q,181,D,Q,0.0435343000726568,N-terminal
D181R,181,D,R,0.0299368793896827,N-terminal
D181S,181,D,S,0.0222685577621714,N-terminal
D181T,181,D,T,0.0166323565027852,N-terminal
D181V,181,D,V,0.0431573928311954,N-terminal
D181W,181,D,W,0.0099161419229837,N-terminal
D181Y,181,D,Y,0.0237269920077515,N-terminal
S182A,182,S,A,0.0165619702107033,N-terminal
S182C,182,S,C,0.0210765318479036,N-terminal
S182D,182,S,D,0.0133173891983531,N-terminal
S182E,182,S,E,0.0142944720271252,N-terminal
S182F,182,S,F,0.0205974509566467,N-terminal
S182G,182,S,G,0.0333623456042625,N-terminal
S182H,182,S,H,0.0169191995640577,N-terminal
S182I,182,S,I,0.0269973056430128,N-terminal
S182K,182,S,K,0.0230579438120596,N-terminal
S182L,182,S,L,0.0061304189876469,N-terminal
S182M,182,S,M,0.0283679462339549,N-terminal
S182N,182,S,N,0.0241175224025188,N-terminal
S182P,182,S,P,0.0,N-terminal
S182Q,182,S,Q,0.0258832344393315,N-terminal
S182R,182,S,R,0.0205505267619278,N-terminal
S182T,182,S,T,0.0293079438120596,N-terminal
S182V,182,S,V,0.0351583313150884,N-terminal
S182W,182,S,W,0.0193683397917157,N-terminal
S182Y,182,S,Y,0.0188847178493582,N-terminal
G183A,183,G,A,0.0119452349237117,N-terminal
G183C,183,G,C,0.0188256841850327,N-terminal
G183D,183,G,D,0.0318244429643982,N-terminal
G183E,183,G,E,0.0177524824412705,N-terminal
G183F,183,G,F,0.014472329861952,N-terminal
G183H,183,G,H,0.0263857774279486,N-terminal
G183I,183,G,I,0.0267210583676449,N-terminal
G183K,183,G,K,0.0360075078711567,N-terminal
G183L,183,G,L,0.0234348510535238,N-terminal
G183M,183,G,M,0.0293071869702107,N-terminal
G183N,183,G,N,0.0135565512230564,N-terminal
G183P,183,G,P,0.0299671530636972,N-terminal
G183Q,183,G,Q,0.0290627270525551,N-terminal
G183R,183,G,R,0.0366493097602339,N-terminal
G183S,183,G,S,0.0,N-terminal
G183T,183,G,T,0.0325010595785905,N-terminal
G183V,183,G,V,0.0316564240736256,N-terminal
G183W,183,G,W,0.0189104504722707,N-terminal
G183Y,183,G,Y,0.0215018769677888,N-terminal
L184A,184,L,A,0.0237459130540096,N-terminal
L184C,184,L,C,0.0254071809154759,N-terminal
L184D,184,L,D,0.0107365584887396,N-terminal
L184E,184,L,E,0.0568282271736512,N-terminal
L184F,184,L,F,0.0445636049891029,N-terminal
L184G,184,L,G,0.0211991402276594,N-terminal
L184H,184,L,H,0.0099940966335674,N-terminal
L184I,184,L,I,0.0143618309518043,N-terminal
L184K,184,L,K,0.0326774037297166,N-terminal
L184M,184,L,M,0.0350243703075819,N-terminal
L184N,184,L,N,0.0084546803100038,N-terminal
L184P,184,L,P,0.0195113829014303,N-terminal
L184Q,184,L,Q,0.0123879874061516,N-terminal
L184R,184,L,R,0.0445567934124486,N-terminal
L184S,184,L,S,0.0300693267134899,N-terminal
L184T,184,L,T,0.0377187272947459,N-terminal
L184V,184,L,V,0.0,N-terminal
L184W,184,L,W,0.0172771857592637,N-terminal
L184Y,184,L,Y,0.0226583313150884,N-terminal
N185A,185,N,A,0.0295826774037311,N-terminal
N185C,185,N,C,0.0066617219665778,N-terminal
N185D,185,N,D,0.0064967304432065,N-terminal
N185E,185,N,E,0.0,N-terminal
N185F,185,N,F,0.0110567025914279,N-terminal
N185G,185,N,G,0.0195514955194976,N-terminal
N185H,185,N,H,0.0142028941632356,N-terminal
N185I,185,N,I,0.002048770888835,N-terminal
N185K,185,N,K,0.0006539113586839,N-terminal
N185L,185,N,L,0.0122858137563588,N-terminal
N185M,185,N,M,0.0013388532332297,N-terminal
N185P,185,N,P,0.0125491947202712,N-terminal
N185Q,185,N,Q,0.0303493581981109,N-terminal
N185R,185,N,R,0.0008400944538643,N-terminal
N185S,185,N,S,0.0210296076531848,N-terminal
N185T,185,N,T,0.0289015197384369,N-terminal
N185V,185,N,V,0.0028971906030515,N-terminal
N185W,185,N,W,0.0071377754904349,N-terminal
N185Y,185,N,Y,0.0038394587067086,N-terminal
N186A,186,N,A,0.0139834100266394,N-terminal
N186C,186,N,C,0.0180809518043109,N-terminal
N186D,186,N,D,0.0370231896342926,N-terminal
N186E,186,N,E,0.0297037720997806,N-terminal
N186F,186,N,F,0.0202636837006525,N-terminal
N186G,186,N,G,0.0149355170743507,N-terminal
N186H,186,N,H,0.0310759263744234,N-terminal
N186I,186,N,I,0.0092228747880828,N-terminal
N186K,186,N,K,0.0200040869459903,N-terminal
N186L,186,N,L,0.0,N-terminal
N186M,186,N,M,0.0065724146282392,N-terminal
N186P,186,N,P,0.0091593000726554,N-terminal
N186Q,186,N,Q,0.0168692480019375,N-terminal
N186R,186,N,R,0.0343863526277549,N-terminal
N186S,186,N,S,0.031085765318479,N-terminal
N186T,186,N,T,0.030406121336884,N-terminal
N186V,186,N,V,0.0216540021797045,N-terminal
N186W,186,N,W,0.0040899733591668,N-terminal
N186Y,186,N,Y,0.0432186970210691,N-terminal
L187A,187,L,A,0.01185517074352,N-terminal
L187C,187,L,C,0.0127187272947445,N-terminal
L187D,187,L,D,0.026263925890046,N-terminal
L187E,187,L,E,0.0311478263502059,N-terminal
L187F,187,L,F,0.0103664628239269,N-terminal
L187G,187,L,G,0.0295569447808172,N-terminal
L187H,187,L,H,0.0211726507628952,N-terminal
L187I,187,L,I,0.0143239888592879,N-terminal
L187K,187,L,K,0.011428311939937,N-terminal
L187M,187,L,M,0.0294252542988617,N-terminal
L187N,187,L,N,0.0176540930007251,N-terminal
L187P,187,L,P,0.0123191147977718,N-terminal
L187Q,187,L,Q,0.009208494792928,N-terminal
L187R,187,L,R,0.0,N-terminal
L187S,187,L,S,0.0080520404456284,N-terminal
L187T,187,L,T,0.0163924376362315,N-terminal
L187V,187,L,V,0.0324533785420185,N-terminal
L187W,187,L,W,0.0171318721239995,N-terminal
L187Y,187,L,Y,0.0350939997578092,N-terminal
K188A,188,K,A,0.0240970876725613,N-terminal
K188C,188,K,C,0.0108470573988873,N-terminal
K188D,188,K,D,0.0172522099782043,N-terminal
K188E,188,K,E,0.0158225357229367,N-terminal
K188F,188,K,F,0.0320810123516604,N-terminal
K188G,188,K,G,0.0327553584403017,N-terminal
K188H,188,K,H,0.0164862860256735,N-terminal
K188I,188,K,I,0.0139947626543957,N-terminal
K188L,188,K,L,0.0207609287963187,N-terminal
K188M,188,K,M,0.0062280515863419,N-terminal
K188N,188,K,N,0.0236808246548801,N-terminal
K188P,188,K,P,0.009063937999517,N-terminal
K188Q,188,K,Q,0.0179212581738934,N-terminal
K188R,188,K,R,0.0311145253087929,N-terminal
K188S,188,K,S,0.0452863889561651,N-terminal
K188T,188,K,T,0.0245012412206359,N-terminal
K188V,188,K,V,0.0443410934851054,N-terminal
K188W,188,K,W,0.0059684548316797,N-terminal
K188Y,188,K,Y,0.0,N-terminal
K189A,189,K,A,0.0157445810123516,N-terminal
K189C,189,K,C,0.0272780939694841,N-terminal
K189D,189,K,D,0.0254351840639394,N-terminal
K189E,189,K,E,0.0024703317994685,N-terminal
K189F,189,K,F,0.0095566420440784,N-terminal
K189G,189,K,G,0.0298929825623638,N-terminal
K189H,189,K,H,0.01155092031969,N-terminal
K189I,189,K,I,0.0015424436909663,N-terminal
K189L,189,K,L,0.0202432489706965,N-terminal
K189M,189,K,M,0.0165551586340532,N-terminal
K189N,189,K,N,0.0398325865827077,N-terminal
K189P,189,K,P,0.0284739040930021,N-terminal
K189Q,189,K,Q,0.0254321566965367,N-terminal
K189R,189,K,R,0.0555612739162039,N-terminal
K189S,189,K,S,0.0229254964882552,N-terminal
K189T,189,K,T,0.0237686183095194,N-terminal
K189V,189,K,V,0.040517528457255,N-terminal
K189W,189,K,W,0.0,N-terminal
K189Y,189,K,Y,0.0191919956405923,N-terminal
F190A,190,F,A,0.0318032513925904,N-terminal
F190C,190,F,C,0.0186236074109968,N-terminal
F190D,190,F,D,0.0250333010414144,N-terminal
F190E,190,F,E,0.0338399128118203,N-terminal
F190G,190,F,G,0.0343999757810622,N-terminal
F190H,190,F,H,0.0250953620731412,N-terminal
F190I,190,F,I,0.0414719060305173,N-terminal
F190K,190,F,K,0.0310630600629692,N-terminal
F190L,190,F,L,0.0102892649551963,N-terminal
F190M,190,F,M,0.0293760595785904,N-terminal
F190N,190,F,N,0.0,N-terminal
F190P,190,F,P,0.0173445446839428,N-terminal
F190Q,190,F,Q,0.0279327621700184,N-terminal
F190R,190,F,R,0.0193607713732152,N-terminal
F190S,190,F,S,0.0230761080164703,N-terminal
F190T,190,F,T,0.0356048680067827,N-terminal
F190V,190,F,V,0.0221421651731654,N-terminal
F190W,190,F,W,0.0201721058367657,N-terminal
F190Y,190,F,Y,0.0422348026156469,N-terminal
S191A,191,S,A,0.009921439815936,N-terminal
S191C,191,S,C,0.0059215306369595,N-terminal
S191D,191,S,D,0.0412335008476643,N-terminal
S191E,191,S,E,0.0465926979898281,N-terminal
S191F,191,S,F,0.0,N-terminal
S191G,191,S,G,0.0394632477597481,N-terminal
S191H,191,S,H,0.0370511927827561,N-terminal
S191I,191,S,I,0.0039287660450486,N-terminal
S191K,191,S,K,0.0257598692177283,N-terminal
S191L,191,S,L,0.005348601356262,N-terminal
S191M,191,S,M,0.0247835432308079,N-terminal
S191N,191,S,N,0.0255630903366432,N-terminal
S191P,191,S,P,0.0501695325744747,N-terminal
S191Q,191,S,Q,0.020816178251394,N-terminal
S191R,191,S,R,0.0486808246548816,N-terminal
S191T,191,S,T,0.0332056793412463,N-terminal
S191V,191,S,V,0.032522251150401,N-terminal
S191W,191,S,W,0.0250121094696066,N-terminal
S191Y,191,S,Y,0.0236823383385822,N-terminal
T192A,192,T,A,0.0266082889319434,N-terminal
T192C,192,T,C,0.0231608743037055,N-terminal
T192D,192,T,D,0.0242257507871141,N-terminal
T192E,192,T,E,0.0197868733349465,N-terminal
T192F,192,T,F,0.0112428856866055,N-terminal
T192G,192,T,G,0.0136556975054492,N-terminal
T192H,192,T,H,0.0192691935093229,N-terminal
T192I,192,T,I,0.0135671470089596,N-terminal
T192K,192,T,K,0.0293828711552434,N-terminal
T192L,192,T,L,0.0349267377088884,N-terminal
T192M,192,T,M,0.0231941753451185,N-terminal
T192N,192,T,N,0.0,N-terminal
T192P,192,T,P,0.0331738919835311,N-terminal
T192Q,192,T,Q,0.0181354444175345,N-terminal
T192R,192,T,R,0.0182936243642528,N-terminal
T192S,192,T,S,0.0232388290142892,N-terminal
T192V,192,T,V,0.0212135202228128,N-terminal
T192W,192,T,W,0.0169426616614192,N-terminal
T192Y,192,T,Y,0.0311743158149673,N-terminal
V193A,193,V,A,0.0,N-terminal
V193C,193,V,C,0.005845846451924,N-terminal
V193D,193,V,D,0.0363465730201003,N-terminal
V193E,193,V,E,0.0429136897553887,N-terminal
V193F,193,V,F,0.0070204650036314,N-terminal
V193G,193,V,G,0.0284708767255994,N-terminal
V193H,193,V,H,0.0448050375393544,N-terminal
V193I,193,V,I,0.0210757750060533,N-terminal
V193K,193,V,K,0.028665385081132,N-terminal
V193L,193,V,L,0.016687605957859,N-terminal
V193M,193,V,M,0.0135383870186486,N-terminal
V193N,193,V,N,0.0436054432065862,N-terminal
V193P,193,V,P,0.0296364131751015,N-terminal
V193Q,193,V,Q,0.0276724085735045,N-terminal
V193R,193,V,R,0.0323935880358426,N-terminal
V193S,193,V,S,0.020711734076046,N-terminal
V193T,193,V,T,0.0412183640106549,N-terminal
V193W,193,V,W,0.0196218818115766,N-terminal
V193Y,193,V,Y,0.025666777670138,N-terminal
N194A,194,N,A,0.0134664870428689,N-terminal
N194C,194,N,C,0.0332261140712037,N-terminal
N194D,194,N,D,0.0017952288689755,N-terminal
N194E,194,N,E,0.0266998667958357,N-terminal
N194F,194,N,F,0.0211703802373456,N-terminal
N194G,194,N,G,0.0161661419229837,N-terminal
N194H,194,N,H,0.0191223661903608,N-terminal
N194I,194,N,I,0.0181081981109227,N-terminal
N194K,194,N,K,0.0264099963671605,N-terminal
N194L,194,N,L,0.0314929462339549,N-terminal
N194M,194,N,M,0.0050451077742794,N-terminal
N194P,194,N,P,0.0137601416807944,N-terminal
N194Q,194,N,Q,0.0335031181884233,N-terminal
N194R,194,N,R,0.0083895919108743,N-terminal
N194S,194,N,S,0.0267853899249227,N-terminal
N194T,194,N,T,0.0133968575926374,N-terminal
N194V,194,N,V,0.0195953923468166,N-terminal
N194W,194,N,W,0.0032710704771145,N-terminal
N194Y,194,N,Y,0.0,N-terminal
N195A,195,N,A,0.0087127633809625,N-terminal
N195C,195,N,C,0.0262646827318963,N-terminal
N195D,195,N,D,0.0424172015015728,N-terminal
N195E,195,N,E,0.0024461128602567,N-terminal
N195F,195,N,F,0.0057989222572051,N-terminal
N195G,195,N,G,0.0228142407362557,N-terminal
N195H,195,N,H,0.0145412024703318,N-terminal
N195I,195,N,I,0.0049096330830695,N-terminal
N195K,195,N,K,0.0213262896585115,N-terminal
N195L,195,N,L,0.0028661600871881,N-terminal
N195M,195,N,M,0.0,N-terminal
N195P,195,N,P,0.0147508476628709,N-terminal
N195Q,195,N,Q,0.019371367159117,N-terminal
N195R,195,N,R,0.0210606381690482,N-terminal
N195S,195,N,S,0.0305029970937259,N-terminal
N195T,195,N,T,0.005642255994186,N-terminal
N195V,195,N,V,0.0284511988374895,N-terminal
N195W,195,N,W,0.0033967062242659,N-terminal
N195Y,195,N,Y,0.021675950593364,N-terminal
V196A,196,V,A,0.0208615887624108,N-terminal
V196C,196,V,C,0.0319697565996595,N-terminal
V196D,196,V,D,0.0,N-terminal
V196E,196,V,E,0.022664386049891,N-terminal
V196F,196,V,F,0.0037516650520707,N-terminal
V196G,196,V,G,0.0120610317268103,N-terminal
V196H,196,V,H,0.0307572959554357,N-terminal
V196I,196,V,I,0.0313786631145542,N-terminal
V196K,196,V,K,0.036430582465488,N-terminal
V196L,196,V,L,0.0212559033664325,N-terminal
V196M,196,V,M,0.0333456950835539,N-terminal
V196N,196,V,N,0.0085538265923938,N-terminal
V196P,196,V,P,0.0060494369096619,N-terminal
V196Q,196,V,Q,0.0109696657786375,N-terminal
V196R,196,V,R,0.025737163962217,N-terminal
V196S,196,V,S,0.0203143921046244,N-terminal
V196T,196,V,T,0.0218961915718091,N-terminal
V196W,196,V,W,0.003678251392589,N-terminal
V196Y,196,V,Y,0.0303864434487769,N-terminal
N197A,197,N,A,0.0,N-terminal
N197C,197,N,C,0.0020404456284828,N-terminal
N197D,197,N,D,0.0342433095180431,N-terminal
N197E,197,N,E,0.0017755509808684,N-terminal
N197F,197,N,F,0.0061470695083569,N-terminal
N197G,197,N,G,0.0125242189392104,N-terminal
N197H,197,N,H,0.026659754177767,N-terminal
N197I,197,N,I,0.020573232017439,N-terminal
N197K,197,N,K,0.0161918745458963,N-terminal
N197L,197,N,L,0.0227060123516604,N-terminal
N197M,197,N,M,0.0158467546621472,N-terminal
N197P,197,N,P,0.0295743521433761,N-terminal
N197Q,197,N,Q,0.0222609893436667,N-terminal
N197R,197,N,R,0.0077530879147507,N-terminal
N197S,197,N,S,0.0401512170016967,N-terminal
N197T,197,N,T,0.0017952288689769,N-terminal
N197V,197,N,V,0.0085008476628723,N-terminal
N197W,197,N,W,0.0264909784451455,N-terminal
N197Y,197,N,Y,0.0016680794381206,N-terminal
D198A,198,D,A,0.0369263138774508,N-terminal
D198C,198,D,C,0.0219938241705013,N-terminal
D198E,198,D,E,0.0221005388713974,N-terminal
D198F,198,D,F,0.0029161116493097,N-terminal
D198G,198,D,G,0.001372911116493,N-terminal
D198H,198,D,H,0.0228006175829499,N-terminal
D198I,198,D,I,0.0094885262775476,N-terminal
D198K,198,D,K,0.0252845725357229,N-terminal
D198L,198,D,L,0.0073224449019118,N-terminal
D198M,198,D,M,0.0207200593363996,N-terminal
D198N,198,D,N,0.0046152216032923,N-terminal
D198P,198,D,P,0.0,N-terminal
D198Q,198,D,Q,0.0112012593848389,N-terminal
D198R,198,D,R,0.0164900702349237,N-terminal
D198S,198,D,S,0.0074185638169048,N-terminal
D198T,198,D,T,0.0119861043836266,N-terminal
D198V,198,D,V,0.0255638471784936,N-terminal
D198W,198,D,W,0.0066927524824412,N-terminal
D198Y,198,D,Y,0.0046780394768695,N-terminal
T199A,199,T,A,0.0037100387503027,N-terminal
T199C,199,T,C,0.0005063271978687,N-terminal
T199D,199,T,D,0.0174754783240494,N-terminal
T199E,199,T,E,0.0030122305642998,N-terminal
T199F,199,T,F,0.0119967001695325,N-terminal
T199G,199,T,G,0.0252633809639138,N-terminal
T199H,199,T,H,0.0407256599660935,N-terminal
T199I,199,T,I,0.0203037963187212,N-terminal
T199K,199,T,K,0.0232123395495263,N-terminal
T199L,199,T,L,0.0279335190118673,N-terminal
T199M,199,T,M,0.0467864495035104,N-terminal
T199N,199,T,N,0.0269609772341971,N-terminal
T199P,199,T,P,0.0162062545410497,N-terminal
T199Q,199,T,Q,0.0,N-terminal
T199R,199,T,R,0.0196877270525537,N-terminal
T199S,199,T,S,0.0174383930733834,N-terminal
T199V,199,T,V,0.0227658028578348,N-terminal
T199W,199,T,W,0.0062848147251136,N-terminal
T199Y,199,T,Y,0.0233924679099055,N-terminal
Y200A,200,Y,A,0.0301836098328893,N-terminal
Y200C,200,Y,C,0.0270283361588762,N-terminal
Y200D,200,Y,D,0.0182239949140227,N-terminal
Y200E,200,Y,E,0.0,N-terminal
Y200F,200,Y,F,0.0175133204165643,N-terminal
Y200G,200,Y,G,0.0331708646161298,N-terminal
Y200H,200,Y,H,0.009692116735287,N-terminal
Y200I,200,Y,I,0.0197255691450714,N-terminal
Y200K,200,Y,K,0.0088134233470574,N-terminal
Y200L,200,Y,L,0.0168594090578832,N-terminal
Y200M,200,Y,M,0.0011488859287963,N-terminal
Y200N,200,Y,N,0.0135709312182112,N-terminal
Y200P,200,Y,P,0.0085795592153063,N-terminal
Y200Q,200,Y,Q,0.0187144284330332,N-terminal
Y200R,200,Y,R,0.0281984136594803,N-terminal
Y200S,200,Y,S,0.0007863586824897,N-terminal
Y200T,200,Y,T,0.0248191147977718,N-terminal
Y200V,200,Y,V,0.0025581254541051,N-terminal
Y200W,200,Y,W,0.0081542140954226,N-terminal
E201A,201,E,A,0.0134089670622426,N-terminal
E201C,201,E,C,0.0181081981109227,N-terminal
E201D,201,E,D,0.0221285420198581,N-terminal
E201F,201,E,F,0.009289476870913,N-terminal
E201G,201,E,G,0.0251180673286496,N-terminal
E201H,201,E,H,0.0303652518769664,N-terminal
E201I,201,E,I,0.0152102506660208,N-terminal
E201K,201,E,K,0.0326153426979884,N-terminal
E201L,201,E,L,0.0188514168079438,N-terminal
E201M,201,E,M,0.0100902155485575,N-terminal
E201N,201,E,N,0.0153616190360848,N-terminal
E201P,201,E,P,0.0061152821506418,N-terminal
E201Q,201,E,Q,0.0303175708403972,N-terminal
E201R,201,E,R,0.0187923831436183,N-terminal
E201S,201,E,S,0.0155924558004359,N-terminal
E201T,201,E,T,0.0112042867522388,N-terminal
E201V,201,E,V,0.0066950230079908,N-terminal
E201W,201,E,W,0.0,N-terminal
E201Y,201,E,Y,0.0098593787842092,N-terminal
K202A,202,K,A,0.0,N-terminal
K202C,202,K,C,0.015666626301768,N-terminal
K202D,202,K,D,0.0161896040203439,N-terminal
K202E,202,K,E,0.0319069387260852,N-terminal
K202F,202,K,F,0.0219120852506674,N-terminal
K202G,202,K,G,0.0205550678130298,N-terminal
K202H,202,K,H,0.0319409966093485,N-terminal
K202I,202,K,I,0.0251248789053039,N-terminal
K202L,202,K,L,0.0162123092758537,N-terminal
K202M,202,K,M,0.0156734378784209,N-terminal
K202N,202,K,N,0.0321059881327198,N-terminal
K202P,202,K,P,0.0335349055461371,N-terminal
K202Q,202,K,Q,0.0169676374424814,N-terminal
K202R,202,K,R,0.0342100084766287,N-terminal
K202S,202,K,S,0.0248244126907241,N-terminal
K202T,202,K,T,0.0164393618309532,N-terminal
K202V,202,K,V,0.0338853233228385,N-terminal
K202W,202,K,W,0.0249243158149673,N-terminal
K202Y,202,K,Y,0.0339791717122804,N-terminal
K203A,203,K,A,0.0005895798014032,N-terminal
K203C,203,K,C,0.0125650883991267,N-terminal
K203D,203,K,D,0.0252550557035602,N-terminal
K203E,203,K,E,0.0245337854201972,N-terminal
K203F,203,K,F,0.0143845362073127,N-terminal
K203G,203,K,G,0.0224827440058125,N-terminal
K203H,203,K,H,0.0221777367401294,N-terminal
K203I,203,K,I,0.0130865524340019,N-terminal
K203L,203,K,L,0.0191473419714216,N-terminal
K203M,203,K,M,0.0381160692661661,N-terminal
K203N,203,K,N,0.0174580709614919,N-terminal
K203P,203,K,P,0.0245799527730685,N-terminal
K203Q,203,K,Q,0.0119891317510293,N-terminal
K203R,203,K,R,0.0249674558004359,N-terminal
K203S,203,K,S,0.0207079498667944,N-terminal
K203T,203,K,T,0.0115554613707905,N-terminal
K203V,203,K,V,0.0060168927100993,N-terminal
K203W,203,K,W,0.0352067691935093,N-terminal
K203Y,203,K,Y,0.0,N-terminal
I204A,204,I,A,0.0193781787357714,N-terminal
I204C,204,I,C,0.0205777730685396,N-terminal
I204D,204,I,D,0.0242734318236847,N-terminal
I204E,204,I,E,0.0281310547348026,N-terminal
I204F,204,I,F,0.0296999878905304,N-terminal
I204G,204,I,G,0.0097973177524824,N-terminal
I204H,204,I,H,0.025273219907968,N-terminal
I204K,204,I,K,0.0210137139743265,N-terminal
I204L,204,I,L,0.0277147917171228,N-terminal
I204M,204,I,M,0.0278184790506176,N-terminal
I204N,204,I,N,0.0214496548801148,N-terminal
I204P,204,I,P,0.0216978990070235,N-terminal
I204Q,204,I,Q,0.0,N-terminal
I204R,204,I,R,0.0143762109469591,N-terminal
I204S,204,I,S,0.0286744671833374,N-terminal
I204T,204,I,T,0.0321476144344878,N-terminal
I204V,204,I,V,0.0321794017922015,N-terminal
I204W,204,I,W,0.0234318236861225,N-terminal
I204Y,204,I,Y,0.0283861104383628,N-terminal
I205A,205,I,A,0.0148492371034148,N-terminal
I205C,205,I,C,0.0025172559941874,N-terminal
I205D,205,I,D,0.0258612860256735,N-terminal
I205E,205,I,E,0.0066700472269328,N-terminal
I205F,205,I,F,0.0168412448534754,N-terminal
I205G,205,I,G,0.004906605715671,N-terminal
I205H,205,I,H,0.0035344514410282,N-terminal
I205K,205,I,K,0.0037009566481002,N-terminal
I205L,205,I,L,0.0278252906272719,N-terminal
I205M,205,I,M,0.0087112496972632,N-terminal
I205N,205,I,N,0.0107115827076788,N-terminal
I205P,205,I,P,0.0112436425284572,N-terminal
I205Q,205,I,Q,0.0117862981351416,N-terminal
I205R,205,I,R,0.0,N-terminal
I205S,205,I,S,0.0127588399128118,N-terminal
I205T,205,I,T,0.0178728202954724,N-terminal
I205V,205,I,V,0.0166429522886911,N-terminal
I205W,205,I,W,0.0094325199806262,N-terminal
I205Y,205,I,Y,0.0114358803584403,N-terminal
E206A,206,E,A,0.0200661479777186,N-terminal
E206C,206,E,C,0.019344120852508,N-terminal
E206D,206,E,D,0.0402465790748365,N-terminal
E206F,206,E,F,0.0458593182368627,N-terminal
E206G,206,E,G,0.0283641620247047,N-terminal
E206H,206,E,H,0.0170682974085749,N-terminal
E206I,206,E,I,0.0287395555824669,N-terminal
E206K,206,E,K,0.0185380842819098,N-terminal
E206L,206,E,L,0.0,N-terminal
E206M,206,E,M,0.0628209009445387,N-terminal
E206N,206,E,N,0.0493544139016711,N-terminal
E206P,206,E,P,0.0212233591668699,N-terminal
E206Q,206,E,Q,0.0264236195204664,N-terminal
E206R,206,E,R,0.0457851477355306,N-terminal
E206S,206,E,S,0.0242832707677418,N-terminal
E206T,206,E,T,0.0217069811092274,N-terminal
E206V,206,E,V,0.0361104383628011,N-terminal
E206W,206,E,W,0.0162887503027367,N-terminal
E206Y,206,E,Y,0.0297658331315088,N-terminal
T207A,207,T,A,0.0292413417292323,N-terminal
T207C,207,T,C,0.0259717849358184,N-terminal
T207D,207,T,D,0.0483235953015244,N-terminal
T207E,207,T,E,0.0033618914991523,N-terminal
T207F,207,T,F,0.0346224872850569,N-terminal
T207G,207,T,G,0.0301003572293533,N-terminal
T207H,207,T,H,0.0350939997578106,N-terminal
T207I,207,T,I,0.0261708343424558,N-terminal
T207K,207,T,K,0.0579680310002408,N-terminal
T207L,207,T,L,0.0201039900702335,N-terminal
T207M,207,T,M,0.0164772039234681,N-terminal
T207N,207,T,N,0.0118294381206089,N-terminal
T207P,207,T,P,0.0,N-terminal
T207Q,207,T,Q,0.0363306793412449,N-terminal
T207R,207,T,R,0.029275399612497,N-terminal
T207S,207,T,S,0.0465677222087673,N-terminal
T207V,207,T,V,0.0194334281908438,N-terminal
T207W,207,T,W,0.0186447989828031,N-terminal
T207Y,207,T,Y,0.0304318539597966,N-terminal
E208A,208,E,A,0.0097950472269314,N-terminal
E208C,208,E,C,0.0,N-terminal
E208D,208,E,D,0.0234439331557278,N-terminal
E208F,208,E,F,0.0048839004601584,N-terminal
E208G,208,E,G,0.0293904395737453,N-terminal
E208H,208,E,H,0.0238268951319932,N-terminal
E208I,208,E,I,0.0151640833131494,N-terminal
E208K,208,E,K,0.0290914870428675,N-terminal
E208L,208,E,L,0.0015886110438348,N-terminal
E208M,208,E,M,0.0303766045047227,N-terminal
E208N,208,E,N,0.0332624424800194,N-terminal
E208P,208,E,P,0.0131153124243144,N-terminal
E208Q,208,E,Q,0.0078651005085977,N-terminal
E208R,208,E,R,0.0189959736013548,N-terminal
E208S,208,E,S,0.0079536510050845,N-terminal
E208T,208,E,T,0.0277427948655835,N-terminal
E208V,208,E,V,0.0229133870186472,N-terminal
E208W,208,E,W,0.000946809154759,N-terminal
E208Y,208,E,Y,0.0101553039476856,N-terminal
L209A,209,L,A,0.0009294017922015,N-terminal
L209C,209,L,C,0.0229769617340746,N-terminal
L209D,209,L,D,0.0299172015015742,N-terminal
L209E,209,L,E,0.0069856502785164,N-terminal
L209F,209,L,F,0.0134021554855897,N-terminal
L209G,209,L,G,0.0143625877936546,N-terminal
L209H,209,L,H,0.0087793654637926,N-terminal
L209I,209,L,I,0.0409875272463052,N-terminal
L209K,209,L,K,0.0167844817146995,N-terminal
L209M,209,L,M,0.0297340457737951,N-terminal
L209N,209,L,N,0.0302910813756343,N-terminal
L209P,209,L,P,0.0013441511261792,N-terminal
L209Q,209,L,Q,0.0197906575441981,N-terminal
L209R,209,L,R,0.0,N-terminal
L209S,209,L,S,0.0183988253814483,N-terminal
L209T,209,L,T,0.0305181339307324,N-terminal
L209V,209,L,V,0.0297514531363526,N-terminal
L209W,209,L,W,0.0019132961976265,N-terminal
L209Y,209,L,Y,0.0141166141922983,N-terminal
S210A,210,S,A,0.0126082283845967,N-terminal
S210C,210,S,C,0.0182065875514652,N-terminal
S210D,210,S,D,0.0034269798982804,N-terminal
S210E,210,S,E,0.0115055098086718,N-terminal
S210F,210,S,F,0.0023734560426253,N-terminal
S210G,210,S,G,0.0072361649309774,N-terminal
S210H,210,S,H,0.0032635020586112,N-terminal
S210I,210,S,I,0.0092016832162751,N-terminal
S210K,210,S,K,0.0128178735771373,N-terminal
S210L,210,S,L,0.0267959857108273,N-terminal
S210M,210,S,M,0.0206163720029063,N-terminal
S210N,210,S,N,0.000753814482927,N-terminal
S210P,210,S,P,0.0144927645919123,N-terminal
S210Q,210,S,Q,0.0,N-terminal
S210R,210,S,R,0.0109499878905318,N-terminal
S210T,210,S,T,0.0040861891499166,N-terminal
S210V,210,S,V,0.0062272947444916,N-terminal
S210W,210,S,W,0.0127187272947445,N-terminal
S210Y,210,S,Y,0.0122880842819084,N-terminal
D211A,211,D,A,0.0,N-terminal
D211C,211,D,C,0.0331443751513684,N-terminal
D211E,211,D,E,0.0272690118672788,N-terminal
D211F,211,D,F,0.0078401247275369,N-terminal
D211G,211,D,G,0.0259271312666491,N-terminal
D211H,211,D,H,0.021424679099054,N-terminal
D211I,211,D,I,0.0320598207798484,N-terminal
D211K,211,D,K,0.0306498244126907,N-terminal
D211L,211,D,L,0.0300201319932187,N-terminal
D211M,211,D,M,0.0222564482925634,N-terminal
D211N,211,D,N,0.0040892165173165,N-terminal
D211P,211,D,P,0.0319742976507615,N-terminal
D211Q,211,D,Q,0.0124492915960281,N-terminal
D211R,211,D,R,0.0318630418987634,N-terminal
D211S,211,D,S,0.0071733470573974,N-terminal
D211T,211,D,T,0.0204097541777656,N-terminal
D211V,211,D,V,0.0197149733591654,N-terminal
D211W,211,D,W,0.0181846391378043,N-terminal
D211Y,211,D,Y,0.0086196718333723,N-terminal
A212C,212,A,C,0.0139198353112133,N-terminal
A212D,212,A,D,0.0461582707677404,N-terminal
A212E,212,A,E,0.0267884172923226,N-terminal
A212F,212,A,F,0.0087014107532076,N-terminal
A212G,212,A,G,0.0111596330830709,N-terminal
A212H,212,A,H,0.0400906696536678,N-terminal
A212I,212,A,I,0.027807883264713,N-terminal
A212K,212,A,K,0.0023590760474677,N-terminal
A212L,212,A,L,0.0220861588762398,N-terminal
A212M,212,A,M,0.0281113768466941,N-terminal
A212N,212,A,N,0.0074980322111891,N-terminal
A212P,212,A,P,0.0203317994671819,N-terminal
A212Q,212,A,Q,0.0077091910874303,N-terminal
A212R,212,A,R,0.024291596028094,N-terminal
A212S,212,A,S,0.0243279244369096,N-terminal
A212T,212,A,T,0.0288863829014289,N-terminal
A212V,212,A,V,0.0220263683700654,N-terminal
A212W,212,A,W,0.0,N-terminal
A212Y,212,A,Y,0.0148288023734546,N-terminal
S213A,213,S,A,0.0463868370065377,N-terminal
S213C,213,S,C,0.02752633809639,N-terminal
S213D,213,S,D,0.0156454347299588,N-terminal
S213E,213,S,E,0.0504276156454333,N-terminal
S213F,213,S,F,0.0239858319205619,N-terminal
S213G,213,S,G,0.0175193751513669,N-terminal
S213H,213,S,H,0.0454052131266651,N-terminal
S213I,213,S,I,0.0204430552191814,N-terminal
S213K,213,S,K,0.0422219363041885,N-terminal
S213L,213,S,L,0.0422416141922984,N-terminal
S213M,213,S,M,0.0218946778881085,N-terminal
S213N,213,S,N,0.022504692419472,N-terminal
S213P,213,S,P,0.0161464640348752,N-terminal
S213Q,213,S,Q,0.0,N-terminal
S213R,213,S,R,0.0156295410511019,N-terminal
S213T,213,S,T,0.0270964519254042,N-terminal
S213V,213,S,V,0.0192010777427948,N-terminal
S213W,213,S,W,0.0359060910632114,N-terminal
S213Y,213,S,Y,0.022115675708404,N-terminal
D214A,214,D,A,0.0382969544683943,N-terminal
D214C,214,D,C,0.0319008839912826,N-terminal
D214E,214,D,E,0.0059624000968757,N-terminal
D214F,214,D,F,0.0068955860983289,N-terminal
D214G,214,D,G,0.0385399007023507,N-terminal
D214H,214,D,H,0.006120580043594,N-terminal
D214I,214,D,I,0.0314785662388001,N-terminal
D214K,214,D,K,0.017330164688788,N-terminal
D214L,214,D,L,0.0321801586340532,N-terminal
D214M,214,D,M,0.0171008416081375,N-terminal
D214N,214,D,N,0.0,N-terminal
D214P,214,D,P,0.0117348328893208,N-terminal
D214Q,214,D,Q,0.0163508113344635,N-terminal
D214R,214,D,R,0.0289552555098101,N-terminal
D214S,214,D,S,0.0103437575684199,N-terminal
D214T,214,D,T,0.0287872366190361,N-terminal
D214V,214,D,V,0.0238246246064422,N-terminal
D214W,214,D,W,0.0208979171712293,N-terminal
D214Y,214,D,Y,0.020562636231533,N-terminal
F215A,215,F,A,0.0407566904819569,N-terminal
F215C,215,F,C,0.0395593666747382,N-terminal
F215D,215,F,D,0.0310161358682476,N-terminal
F215E,215,F,E,0.0318842334705726,N-terminal
F215G,215,F,G,0.0215412327440058,N-terminal
F215H,215,F,H,0.0162229050617583,N-terminal
F215I,215,F,I,0.0216320537660436,N-terminal
F215K,215,F,K,0.021000090821022,N-terminal
F215L,215,F,L,0.0197967122790008,N-terminal
F215M,215,F,M,0.0206451319932187,N-terminal
F215N,215,F,N,0.0173021615403245,N-terminal
F215P,215,F,P,0.0215283664325502,N-terminal
F215Q,215,F,Q,0.0221815209493824,N-terminal
F215R,215,F,R,0.0,N-terminal
F215S,215,F,S,0.0420546742552676,N-terminal
F215T,215,F,T,0.0262949564059094,N-terminal
F215V,215,F,V,0.0245511927827561,N-terminal
F215W,215,F,W,0.0366319023976736,N-terminal
F215Y,215,F,Y,0.0258892891741342,N-terminal
E216A,216,E,A,0.0043972511503996,N-terminal
E216C,216,E,C,0.0164900702349237,N-terminal
E216D,216,E,D,0.0145866129813528,N-terminal
E216F,216,E,F,0.0096285420198609,N-terminal
E216G,216,E,G,0.0231041111649324,N-terminal
E216H,216,E,H,0.020256115282152,N-terminal
E216I,216,E,I,0.0221247578106079,N-terminal
E216K,216,E,K,0.0384142649551964,N-terminal
E216L,216,E,L,0.0037925345119897,N-terminal
E216M,216,E,M,0.0114426919350946,N-terminal
E216N,216,E,N,0.0461749212884476,N-terminal
E216P,216,E,P,0.0175466214579815,N-terminal
E216Q,216,E,Q,0.0202810910632128,N-terminal
E216R,216,E,R,0.0148144223783012,N-terminal
E216S,216,E,S,0.0094665778638895,N-terminal
E216T,216,E,T,0.0157438241705027,N-terminal
E216V,216,E,V,0.0197626543957374,N-terminal
E216W,216,E,W,0.0,N-terminal
E216Y,216,E,Y,0.0151375938483894,N-terminal
N217A,217,N,A,0.0313650399612483,N-terminal
N217C,217,N,C,0.0255971482199065,N-terminal
N217D,217,N,D,0.0,N-terminal
N217E,217,N,E,0.0218848389440542,N-terminal
N217F,217,N,F,0.026734681520948,N-terminal
N217G,217,N,G,0.0276466759505934,N-terminal
N217H,217,N,H,0.0186485831920562,N-terminal
N217I,217,N,I,0.0371579074836522,N-terminal
N217K,217,N,K,0.0305317570840397,N-terminal
N217L,217,N,L,0.023182822717365,N-terminal
N217M,217,N,M,0.0355163175102916,N-terminal
N217P,217,N,P,0.0116977476386534,N-terminal
N217Q,217,N,Q,0.0356230322111877,N-terminal
N217R,217,N,R,0.0473934366674726,N-terminal
N217S,217,N,S,0.0217349842576895,N-terminal
N217T,217,N,T,0.0262745216759506,N-terminal
N217V,217,N,V,0.0358932247517545,N-terminal
N217W,217,N,W,0.0188408210220392,N-terminal
N217Y,217,N,Y,0.038018436667474,N-terminal
M218A,218,M,A,0.0260724449019133,N-terminal
M218C,218,M,C,0.0364434487769436,N-terminal
M218D,218,M,D,0.023285753209008,N-terminal
M218E,218,M,E,0.0207170319689997,N-terminal
M218F,218,M,F,0.0435789537418261,N-terminal
M218G,218,M,G,0.0302895676919337,N-terminal
M218H,218,M,H,0.0,N-terminal
M218I,218,M,I,0.0350213429401778,N-terminal
M218K,218,M,K,0.0362065572777898,N-terminal
M218L,218,M,L,0.0249477779123274,N-terminal
M218N,218,M,N,0.0332548740615147,N-terminal
M218P,218,M,P,0.0340752906272705,N-terminal
M218Q,218,M,Q,0.0285821324775975,N-terminal
M218R,218,M,R,0.0336703802373456,N-terminal
M218S,218,M,S,0.0378330104141439,N-terminal
M218T,218,M,T,0.0117552676192782,N-terminal
M218V,218,M,V,0.0373244126907242,N-terminal
M218W,218,M,W,0.0118877149430841,N-terminal
M218Y,218,M,Y,0.028761503996125,N-terminal
V219A,219,V,A,0.0233515984499893,N-terminal
V219C,219,V,C,0.023458313150884,N-terminal
V219D,219,V,D,0.0435570053281681,N-terminal
V219E,219,V,E,0.0180953317994672,N-terminal
V219F,219,V,F,0.0,N-terminal
V219G,219,V,G,0.0102415839186243,N-terminal
V219H,219,V,H,0.0216411358682504,N-terminal
V219I,219,V,I,0.0379086945991766,N-terminal
V219K,219,V,K,0.0414590397190617,N-terminal
V219L,219,V,L,0.0274877391620247,N-terminal
V219M,219,V,M,0.0273144223783012,N-terminal
V219N,219,V,N,0.0341373516589973,N-terminal
V219P,219,V,P,0.0366553644950365,N-terminal
V219Q,219,V,Q,0.0495769254056673,N-terminal
V219R,219,V,R,0.0394155667231775,N-terminal
V219S,219,V,S,0.0525936970210719,N-terminal
V219T,219,V,T,0.0284383325260368,N-terminal
V219W,219,V,W,0.0117605655122305,N-terminal
V219Y,219,V,Y,0.0353399733591683,N-terminal
G220A,220,G,A,0.0,N-terminal
G220C,220,G,C,0.0116674739646417,N-terminal
G220D,220,G,D,0.0187568115766543,N-terminal
G220E,220,G,E,0.0126672620489236,N-terminal
G220F,220,G,F,0.0072089186243642,N-terminal
G220H,220,G,H,0.0355798922257219,N-terminal
G220I,220,G,I,0.0209448413659482,N-terminal
G220K,220,G,K,0.0278987042867536,N-terminal
G220L,220,G,L,0.016464337612014,N-terminal
G220M,220,G,M,0.0306142528457254,N-terminal
G220N,220,G,N,0.0200184669411494,N-terminal
G220P,220,G,P,0.0278283179946718,N-terminal
G220Q,220,G,Q,0.0190375999031242,N-terminal
G220R,220,G,R,0.0189134778396706,N-terminal
G220S,220,G,S,0.0244739949140228,N-terminal
G220T,220,G,T,0.0121919653669169,N-terminal
G220V,220,G,V,0.0321158270767754,N-terminal
G220W,220,G,W,0.0176230624848631,N-terminal
G220Y,220,G,Y,0.0168813574715441,N-terminal
D221A,221,D,A,0.0350652397674982,N-terminal
D221C,221,D,C,0.0065534935819797,N-terminal
D221E,221,D,E,0.0409807156696537,N-terminal
D221F,221,D,F,0.0242847844514396,N-terminal
D221G,221,D,G,0.0190822535722921,N-terminal
D221H,221,D,H,0.0367257507871155,N-terminal
D221I,221,D,I,0.0,N-terminal
D221K,221,D,K,0.0097064967304432,N-terminal
D221L,221,D,L,0.0040589428433034,N-terminal
D221M,221,D,M,0.0188506599660935,N-terminal
D221N,221,D,N,0.0017944720271252,N-terminal
D221P,221,D,P,0.0252527851780092,N-terminal
D221Q,221,D,Q,0.0285912145798,N-terminal
D221R,221,D,R,0.0307557822717351,N-terminal
D221S,221,D,S,0.0478747880842805,N-terminal
D221T,221,D,T,0.0211847602325004,N-terminal
D221V,221,D,V,0.0400437454589475,N-terminal
D221W,221,D,W,0.0064422378299816,N-terminal
D221Y,221,D,Y,0.0238987951077729,N-terminal
L222A,222,L,A,0.0279812000484379,N-terminal
L222C,222,L,C,0.0237466698958585,N-terminal
L222D,222,L,D,0.0,N-terminal
L222E,222,L,E,0.0317563271978687,N-terminal
L222F,222,L,F,0.0249069084524084,N-terminal
L222G,222,L,G,0.0289423891983517,N-terminal
L222H,222,L,H,0.0395192540566723,N-terminal
L222I,222,L,I,0.0256940239767484,N-terminal
L222K,222,L,K,0.0219839852264471,N-terminal
L222M,222,L,M,0.0252747335916687,N-terminal
L222N,222,L,N,0.0146797045289402,N-terminal
L222P,222,L,P,0.0370617885686593,N-terminal
L222Q,222,L,Q,0.0438953136352614,N-terminal
L222R,222,L,R,0.0254374545894876,N-terminal
L222S,222,L,S,0.0297378299830467,N-terminal
L222T,222,L,T,0.0130706587551465,N-terminal
L222V,222,L,V,0.0359182005328153,N-terminal
L222W,222,L,W,0.0218886231533059,N-terminal
L222Y,222,L,Y,0.0283391862436411,N-terminal
R223A,223,R,A,0.0173430310002436,N-terminal
R223C,223,R,C,0.0163137260837989,N-terminal
R223D,223,R,D,0.0212854201985967,N-terminal
R223E,223,R,E,0.0083578045531605,N-terminal
R223F,223,R,F,0.0240645434729973,N-terminal
R223G,223,R,G,0.0205172257205148,N-terminal
R223H,223,R,H,0.0,N-terminal
R223I,223,R,I,0.0247313211431353,N-terminal
R223K,223,R,K,0.0310570053281666,N-terminal
R223L,223,R,L,0.0376937515136837,N-terminal
R223M,223,R,M,0.022827863889563,N-terminal
R223N,223,R,N,0.0176268466941162,N-terminal
R223P,223,R,P,0.0242204528941646,N-terminal
R223Q,223,R,Q,0.013061576652944,N-terminal
R223S,223,R,S,0.0324072111891513,N-terminal
R223T,223,R,T,0.0175413235650278,N-terminal
R223V,223,R,V,0.0071271797045303,N-terminal
R223W,223,R,W,0.0147152760959084,N-terminal
R223Y,223,R,Y,0.0203113647372245,N-terminal
I224A,224,I,A,0.0172998910147749,N-terminal
I224C,224,I,C,0.0182429159602809,N-terminal
I224D,224,I,D,0.0308844453862935,N-terminal
I224E,224,I,E,0.0272243581981123,N-terminal
I224F,224,I,F,0.0126483410026655,N-terminal
I224G,224,I,G,0.0086734076047483,N-terminal
I224H,224,I,H,0.0252459736013577,N-terminal
I224K,224,I,K,0.0059056369581026,N-terminal
I224L,224,I,L,0.0240827076774051,N-terminal
I224M,224,I,M,0.01270510414144,N-terminal
I224N,224,I,N,0.0099350629692433,N-terminal
I224P,224,I,P,0.0013085795592153,N-terminal
I224Q,224,I,Q,0.004195931218214,N-terminal
I224R,224,I,R,0.0347556914507159,N-terminal
I224S,224,I,S,0.0104277670138062,N-terminal
I224T,224,I,T,0.0048059457495775,N-terminal
I224V,224,I,V,0.0080898825381462,N-terminal
I224W,224,I,W,0.0,N-terminal
I224Y,224,I,Y,0.0229307943812075,N-terminal
T225A,225,T,A,0.0214413296197626,N-terminal
T225C,225,T,C,0.0245943327682233,N-terminal
T225D,225,T,D,0.028675980867038,N-terminal
T225E,225,T,E,0.0155175284572535,N-terminal
T225F,225,T,F,0.0225985408089126,N-terminal
T225G,225,T,G,0.0292443690966321,N-terminal
T225H,225,T,H,0.0267551162509082,N-terminal
T225I,225,T,I,0.0145412024703318,N-terminal
T225K,225,T,K,0.0111679583434231,N-terminal
T225L,225,T,L,0.0260164386049877,N-terminal
T225M,225,T,M,0.0142725236134643,N-terminal
T225N,225,T,N,0.0076910268830211,N-terminal
T225P,225,T,P,0.0,N-terminal
T225Q,225,T,Q,0.029076350205861,N-terminal
T225R,225,T,R,0.0302426434972148,N-terminal
T225S,225,T,S,0.0212392528457253,N-terminal
T225V,225,T,V,0.0242401307822717,N-terminal
T225W,225,T,W,0.0283255630903366,N-terminal
T225Y,225,T,Y,0.0174739646403487,N-terminal
F226A,226,F,A,0.0178168139985482,N-terminal
F226C,226,F,C,0.027545259142651,N-terminal
F226D,226,F,D,0.0225273976749832,N-terminal
F226E,226,F,E,0.0311728021312666,N-terminal
F226G,226,F,G,0.0090669653669169,N-terminal
F226H,226,F,H,0.0057232380721738,N-terminal
F226I,226,F,I,0.0355980564301298,N-terminal
F226K,226,F,K,0.0255381145555825,N-terminal
F226L,226,F,L,0.0155531000242203,N-terminal
F226M,226,F,M,0.0224554976992022,N-terminal
F226N,226,F,N,0.0260520101719559,N-terminal
F226P,226,F,P,0.0223782998304674,N-terminal
F226Q,226,F,Q,0.0,N-terminal
F226R,226,F,R,0.0221996851537902,N-terminal
F226S,226,F,S,0.0081133446355049,N-terminal
F226T,226,F,T,0.0279463853233242,N-terminal
F226V,226,F,V,0.0084350024218953,N-terminal
F226W,226,F,W,0.0020253087914763,N-terminal
F226Y,226,F,Y,0.006332495761687,N-terminal
I227A,227,I,A,0.0227430976023264,N-terminal
I227C,227,I,C,0.0205414446597253,N-terminal
I227D,227,I,D,0.0151058064906771,N-terminal
I227E,227,I,E,0.0232259627028336,N-terminal
I227F,227,I,F,0.0259960038750317,N-terminal
I227G,227,I,G,0.0173634657302024,N-terminal
I227H,227,I,H,0.0353604080891271,N-terminal
I227K,227,I,K,0.012503784209253,N-terminal
I227L,227,I,L,0.019549981835797,N-terminal
I227M,227,I,M,0.0125946052312922,N-terminal
I227N,227,I,N,0.0399521675950593,N-terminal
I227P,227,I,P,0.0124409663356759,N-terminal
I227Q,227,I,Q,0.0061538810850098,N-terminal
I227R,227,I,R,0.0193093061273916,N-terminal
I227S,227,I,S,0.0296417110680552,N-terminal
I227T,227,I,T,0.0285859166868505,N-terminal
I227V,227,I,V,0.0,N-terminal
I227W,227,I,W,0.0204052131266664,N-terminal
I227Y,227,I,Y,0.0198761806732879,N-terminal
N228A,228,N,A,0.0236959614918866,N-terminal
N228C,228,N,C,0.0347617461855157,N-terminal
N228D,228,N,D,0.0214678190845241,N-terminal
N228E,228,N,E,0.0161192177282621,N-terminal
N228F,228,N,F,0.029257992249938,N-terminal
N228G,228,N,G,0.0263373395495263,N-terminal
N228H,228,N,H,0.0473412145798,N-terminal
N228I,228,N,I,0.0,N-terminal
N228K,228,N,K,0.0455732320174377,N-terminal
N228L,228,N,L,0.0143678856866055,N-terminal
N228M,228,N,M,0.0325033301041414,N-terminal
N228P,228,N,P,0.030219938241705,N-terminal
N228Q,228,N,Q,0.0296871215790748,N-terminal
N228R,228,N,R,0.0313529304916445,N-terminal
N228S,228,N,S,0.0509195628481473,N-terminal
N228T,228,N,T,0.0363851719544684,N-terminal
N228V,228,N,V,0.016252421893921,N-terminal
N228W,228,N,W,0.0328931036570584,N-terminal
N228Y,228,N,Y,0.0036865766529426,N-terminal
W229A,229,W,A,0.0129684851053509,Coiled-coil
W229C,229,W,C,0.0120761685638155,Coiled-coil
W229D,229,W,D,0.0,Coiled-coil
W229E,229,W,E,0.0283058852022281,Coiled-coil
W229F,229,W,F,0.0185872790021797,Coiled-coil
W229G,229,W,G,0.0313953136352628,Coiled-coil
W229H,229,W,H,0.027012442480018,Coiled-coil
W229I,229,W,I,0.0304757507871141,Coiled-coil
W229K,229,W,K,0.0169146585129571,Coiled-coil
W229L,229,W,L,0.025542655606683,Coiled-coil
W229M,229,W,M,0.0150672075563076,Coiled-coil
W229N,229,W,N,0.0496170380237332,Coiled-coil
W229P,229,W,P,0.0208169350932415,Coiled-coil
W229Q,229,W,Q,0.0336045349963657,Coiled-coil
W229R,229,W,R,0.0278487527246292,Coiled-coil
W229S,229,W,S,0.0129669714216517,Coiled-coil
W229T,229,W,T,0.0208971603293761,Coiled-coil
W229V,229,W,V,0.0255366008718804,Coiled-coil
W229Y,229,W,Y,0.031601931460402,Coiled-coil
L230A,230,L,A,0.0224819871639622,Coiled-coil
L230C,230,L,C,2.5732622911116528e-05,Coiled-coil
L230D,230,L,D,0.002119157180914,Coiled-coil
L230E,230,L,E,0.0225765923952517,Coiled-coil
L230F,230,L,F,0.0116674739646403,Coiled-coil
L230G,230,L,G,0.0,Coiled-coil
L230H,230,L,H,0.0242053160571567,Coiled-coil
L230I,230,L,I,0.0221966577863875,Coiled-coil
L230K,230,L,K,0.0177502119157181,Coiled-coil
L230M,230,L,M,0.0234454468394284,Coiled-coil
L230N,230,L,N,0.0203802373456028,Coiled-coil
L230P,230,L,P,0.0280478021312666,Coiled-coil
L230Q,230,L,Q,0.015417625333009,Coiled-coil
L230R,230,L,R,0.0185668442722194,Coiled-coil
L230S,230,L,S,0.0083865645434715,Coiled-coil
L230T,230,L,T,0.0341638411237574,Coiled-coil
L230V,230,L,V,0.0144140530394754,Coiled-coil
L230W,230,L,W,0.0264001574231049,Coiled-coil
L230Y,230,L,Y,0.0084266771615403,Coiled-coil
K231A,231,K,A,0.01474554976992,Coiled-coil
K231C,231,K,C,0.0063037357713718,Coiled-coil
K231D,231,K,D,0.0276527306853946,Coiled-coil
K231E,231,K,E,0.0202341668684897,Coiled-coil
K231F,231,K,F,0.0206193993703076,Coiled-coil
K231G,231,K,G,0.0246957495761686,Coiled-coil
K231H,231,K,H,0.0243513865342698,Coiled-coil
K231I,231,K,I,0.0172401005085963,Coiled-coil
K231L,231,K,L,0.006943267134898,Coiled-coil
K231M,231,K,M,0.0108962521191557,Coiled-coil
K231N,231,K,N,0.0207412509082102,Coiled-coil
K231P,231,K,P,0.004968666747395,Coiled-coil
K231Q,231,K,Q,0.0067691935093228,Coiled-coil
K231R,231,K,R,0.0186614495035117,Coiled-coil
K231S,231,K,S,0.0065784693630404,Coiled-coil
K231T,231,K,T,0.0,Coiled-coil
K231V,231,K,V,0.0350584281908438,Coiled-coil
K231W,231,K,W,0.0004011261806732,Coiled-coil
K231Y,231,K,Y,0.0083631024461114,Coiled-coil
K232A,232,K,A,0.0158187515136837,Coiled-coil
K232C,232,K,C,0.0082707677403743,Coiled-coil
K232D,232,K,D,0.0350410208282877,Coiled-coil
K232E,232,K,E,0.0240993581981109,Coiled-coil
K232F,232,K,F,0.022229201985953,Coiled-coil
K232G,232,K,G,0.032762926858805,Coiled-coil
K232H,232,K,H,0.0196748607411009,Coiled-coil
K232I,232,K,I,0.0,Coiled-coil
K232L,232,K,L,0.0071574533785434,Coiled-coil
K232M,232,K,M,0.0360930310002422,Coiled-coil
K232N,232,K,N,0.0243960402034405,Coiled-coil
K232P,232,K,P,0.0303909844998789,Coiled-coil
K232Q,232,K,Q,0.0203900762896585,Coiled-coil
K232R,232,K,R,0.029863465730201,Coiled-coil
K232S,232,K,S,0.006722269314604,Coiled-coil
K232T,232,K,T,0.0244626422862678,Coiled-coil
K232V,232,K,V,0.0139682731896343,Coiled-coil
K232W,232,K,W,0.0197361649309774,Coiled-coil
K232Y,232,K,Y,0.0217062242673771,Coiled-coil
T233A,233,T,A,0.0163720029062713,Coiled-coil
T233C,233,T,C,0.0026739222572037,Coiled-coil
T233D,233,T,D,0.0250007568418489,Coiled-coil
T233E,233,T,E,0.0233235953015258,Coiled-coil
T233F,233,T,F,0.025936213368853,Coiled-coil
T233G,233,T,G,0.0206579983046728,Coiled-coil
T233H,233,T,H,0.0213717001695311,Coiled-coil
T233I,233,T,I,0.0255918503269543,Coiled-coil
T233K,233,T,K,0.0161010535238542,Coiled-coil
T233L,233,T,L,0.0157998304674241,Coiled-coil
T233M,233,T,M,0.0227567207556295,Coiled-coil
T233N,233,T,N,0.0275452591426495,Coiled-coil
T233P,233,T,P,0.0197800617582936,Coiled-coil
T233Q,233,T,Q,0.0179030939694827,Coiled-coil
T233R,233,T,R,0.0148446960523129,Coiled-coil
T233S,233,T,S,0.0305870065391122,Coiled-coil
T233V,233,T,V,0.016884384838944,Coiled-coil
T233W,233,T,W,0.0135020586098329,Coiled-coil
T233Y,233,T,Y,0.0,Coiled-coil
Q234A,234,Q,A,0.0080951804310985,Coiled-coil
Q234C,234,Q,C,0.019346391378059,Coiled-coil
Q234D,234,Q,D,0.0104905848873833,Coiled-coil
Q234E,234,Q,E,0.0275528275611542,Coiled-coil
Q234F,234,Q,F,0.0209175950593364,Coiled-coil
Q234G,234,Q,G,0.0150270949382431,Coiled-coil
Q234H,234,Q,H,0.0289484439331571,Coiled-coil
Q234I,234,Q,I,0.0155235831920562,Coiled-coil
Q234K,234,Q,K,0.0123100326955693,Coiled-coil
Q234L,234,Q,L,0.0038818418503283,Coiled-coil
Q234M,234,Q,M,0.018434396948415,Coiled-coil
Q234N,234,Q,N,0.0274620065391136,Coiled-coil
Q234P,234,Q,P,0.005149551949626,Coiled-coil
Q234R,234,Q,R,0.0011398038265938,Coiled-coil
Q234S,234,Q,S,0.0,Coiled-coil
Q234T,234,Q,T,0.0086718939210462,Coiled-coil
Q234V,234,Q,V,0.0081141014773567,Coiled-coil
Q234W,234,Q,W,0.0382326229111165,Coiled-coil
Q234Y,234,Q,Y,0.0044033058852022,Coiled-coil
M235A,235,M,A,0.0136912690724146,Coiled-coil
M235C,235,M,C,0.0179220150157423,Coiled-coil
M235D,235,M,D,0.0,Coiled-coil
M235E,235,M,E,0.0067941692903836,Coiled-coil
M235F,235,M,F,0.0126445567934124,Coiled-coil
M235G,235,M,G,0.019182913538387,Coiled-coil
M235H,235,M,H,0.0168775732622911,Coiled-coil
M235I,235,M,I,0.0230382659239511,Coiled-coil
M235K,235,M,K,0.0354103596512473,Coiled-coil
M235L,235,M,L,0.0325631206103173,Coiled-coil
M235N,235,M,N,0.0153192358924665,Coiled-coil
M235P,235,M,P,0.0250923347057385,Coiled-coil
M235Q,235,M,Q,0.0098434851053509,Coiled-coil
M235R,235,M,R,0.0188680673286496,Coiled-coil
M235S,235,M,S,0.0200752300799225,Coiled-coil
M235T,235,M,T,0.0204771131024461,Coiled-coil
M235V,235,M,V,0.0015424436909663,Coiled-coil
M235W,235,M,W,0.0166051101961734,Coiled-coil
M235Y,235,M,Y,0.0193350387503013,Coiled-coil
N236A,236,N,A,0.0274377875999031,Coiled-coil
N236C,236,N,C,0.0137124606442252,Coiled-coil
N236D,236,N,D,0.0012487890530394,Coiled-coil
N236E,236,N,E,0.0193607713732152,Coiled-coil
N236F,236,N,F,0.0081693509324291,Coiled-coil
N236G,236,N,G,0.0069689997578106,Coiled-coil
N236H,236,N,H,0.018354171712279,Coiled-coil
N236I,236,N,I,0.0229784754177767,Coiled-coil
N236K,236,N,K,0.00740418382175,Coiled-coil
N236L,236,N,L,0.0100924860741099,Coiled-coil
N236M,236,N,M,0.0150997517558731,Coiled-coil
N236P,236,N,P,0.0162456103172681,Coiled-coil
N236Q,236,N,Q,0.0283263199321884,Coiled-coil
N236R,236,N,R,0.007119611286027,Coiled-coil
N236S,236,N,S,0.0,Coiled-coil
N236T,236,N,T,0.0253080346330845,Coiled-coil
N236V,236,N,V,0.0141400762896585,Coiled-coil
N236W,236,N,W,0.0052744308549299,Coiled-coil
N236Y,236,N,Y,0.0104587975296696,Coiled-coil
F237A,237,F,A,0.007026519738434,Coiled-coil
F237C,237,F,C,0.0104724206829741,Coiled-coil
F237D,237,F,D,0.0255366008718818,Coiled-coil
F237E,237,F,E,0.0259127512714943,Coiled-coil
F237G,237,F,G,0.0,Coiled-coil
F237H,237,F,H,0.0115456224267363,Coiled-coil
F237I,237,F,I,0.0264743279244355,Coiled-coil
F237K,237,F,K,0.0091547590215534,Coiled-coil
F237L,237,F,L,0.0152284148704286,Coiled-coil
F237M,237,F,M,0.0391355352385566,Coiled-coil
F237N,237,F,N,0.0360748667958343,Coiled-coil
F237P,237,F,P,0.0052441571809154,Coiled-coil
F237Q,237,F,Q,0.0281181884233456,Coiled-coil
F237R,237,F,R,0.0138812363768467,Coiled-coil
F237S,237,F,S,0.0113753330104127,Coiled-coil
F237T,237,F,T,0.0305378118188423,Coiled-coil
F237V,237,F,V,0.0325873395495277,Coiled-coil
F237W,237,F,W,0.0066602082828772,Coiled-coil
F237Y,237,F,Y,0.0136867280213112,Coiled-coil
I238A,238,I,A,0.0166618733349479,Coiled-coil
I238C,238,I,C,0.007000030273674,Coiled-coil
I238D,238,I,D,0.0180355412932913,Coiled-coil
I238E,238,I,E,0.013847178493582,Coiled-coil
I238F,238,I,F,0.0210735044805037,Coiled-coil
I238G,238,I,G,0.0219347905061758,Coiled-coil
I238H,238,I,H,0.0202417352869944,Coiled-coil
I238K,238,I,K,0.0255676313877452,Coiled-coil
I238L,238,I,L,0.0228543533543217,Coiled-coil
I238M,238,I,M,0.0116046560910618,Coiled-coil
I238N,238,I,N,0.007791686849116,Coiled-coil
I238P,238,I,P,0.0,Coiled-coil
I238Q,238,I,Q,0.015180733833858,Coiled-coil
I238R,238,I,R,0.0146100750787115,Coiled-coil
I238S,238,I,S,0.0103301344151112,Coiled-coil
I238T,238,I,T,0.0349570113829014,Coiled-coil
I238V,238,I,V,0.0157120368127862,Coiled-coil
I238W,238,I,W,0.0127913841123744,Coiled-coil
I238Y,238,I,Y,0.0146464034875272,Coiled-coil
R239A,239,R,A,0.0162054976991993,Coiled-coil
R239C,239,R,C,0.0029675768951305,Coiled-coil
R239D,239,R,D,0.011977022281424,Coiled-coil
R239E,239,R,E,0.0195810123516576,Coiled-coil
R239F,239,R,F,0.0147326834584645,Coiled-coil
R239G,239,R,G,0.0063892589004587,Coiled-coil
R239H,239,R,H,0.0130403850811334,Coiled-coil
R239I,239,R,I,0.0091661116493097,Coiled-coil
R239K,239,R,K,0.0,Coiled-coil
R239L,239,R,L,0.006004783240494,Coiled-coil
R239M,239,R,M,0.0117446718333723,Coiled-coil
R239N,239,R,N,0.0233546258173892,Coiled-coil
R239P,239,R,P,0.0097776398643725,Coiled-coil
R239Q,239,R,Q,0.0127520283361588,Coiled-coil
R239S,239,R,S,0.0025498001937501,Coiled-coil
R239T,239,R,T,0.0044479595543715,Coiled-coil
R239V,239,R,V,0.0038349176556052,Coiled-coil
R239W,239,R,W,0.0053856866069252,Coiled-coil
R239Y,239,R,Y,0.0007704650036328,Coiled-coil
E240A,240,E,A,0.0262654395737467,Coiled-coil
E240C,240,E,C,0.0225561576652942,Coiled-coil
E240D,240,E,D,0.0354262533301027,Coiled-coil
E240F,240,E,F,0.0234567994671819,Coiled-coil
E240G,240,E,G,0.0215874000968743,Coiled-coil
E240H,240,E,H,0.0283005873092758,Coiled-coil
E240I,240,E,I,0.0044895858561395,Coiled-coil
E240K,240,E,K,0.0210871276338096,Coiled-coil
E240L,240,E,L,0.0209781424073611,Coiled-coil
E240M,240,E,M,0.0255668745458935,Coiled-coil
E240N,240,E,N,0.0374788084281908,Coiled-coil
E240P,240,E,P,0.0317472450956634,Coiled-coil
E240Q,240,E,Q,0.0100236134657288,Coiled-coil
E240R,240,E,R,0.02388895616372,Coiled-coil
E240S,240,E,S,0.0192585977234197,Coiled-coil
E240T,240,E,T,0.0240630297892952,Coiled-coil
E240V,240,E,V,0.0,Coiled-coil
E240W,240,E,W,0.0243392770646646,Coiled-coil
E240Y,240,E,Y,0.0189437515136837,Coiled-coil
K241A,241,K,A,0.0215631811576653,Coiled-coil
K241C,241,K,C,0.0026315391135868,Coiled-coil
K241D,241,K,D,0.0216789779607639,Coiled-coil
K241E,241,K,E,0.0266075320900944,Coiled-coil
K241F,241,K,F,0.0264122668927101,Coiled-coil
K241G,241,K,G,0.0258991281181884,Coiled-coil
K241H,241,K,H,0.0,Coiled-coil
K241I,241,K,I,0.0138971300557021,Coiled-coil
K241L,241,K,L,0.0103036449503511,Coiled-coil
K241M,241,K,M,0.0158361588762398,Coiled-coil
K241N,241,K,N,0.0103255933640106,Coiled-coil
K241P,241,K,P,0.0180105655122305,Coiled-coil
K241Q,241,K,Q,0.03701713489949,Coiled-coil
K241R,241,K,R,0.0133302555098072,Coiled-coil
K241S,241,K,S,0.0133491765560654,Coiled-coil
K241T,241,K,T,0.014590397190603,Coiled-coil
K241V,241,K,V,0.014275550980867,Coiled-coil
K241W,241,K,W,0.02898477234197,Coiled-coil
K241Y,241,K,Y,0.0266143436667474,Coiled-coil
D242A,242,D,A,0.018706103172681,Coiled-coil
D242C,242,D,C,0.0131879692419472,Coiled-coil
D242E,242,D,E,0.0160117461855171,Coiled-coil
D242F,242,D,F,0.0192805461370806,Coiled-coil
D242G,242,D,G,0.0019087551465245,Coiled-coil
D242H,242,D,H,0.0,Coiled-coil
D242I,242,D,I,0.0183261685638183,Coiled-coil
D242K,242,D,K,0.0267596573020116,Coiled-coil
D242L,242,D,L,0.0099116008718832,Coiled-coil
D242M,242,D,M,0.0276534875272477,Coiled-coil
D242N,242,D,N,0.0173611952046514,Coiled-coil
D242P,242,D,P,0.0501127694356987,Coiled-coil
D242Q,242,D,Q,0.0036290566723177,Coiled-coil
D242R,242,D,R,0.0229466880600644,Coiled-coil
D242S,242,D,S,0.0111581193993703,Coiled-coil
D242T,242,D,T,0.0173309215306383,Coiled-coil
D242V,242,D,V,0.0144677888108501,Coiled-coil
D242W,242,D,W,0.0076978384596768,Coiled-coil
D242Y,242,D,Y,0.0019064846209736,Coiled-coil
K243A,243,K,A,0.0120027549043366,Coiled-coil
K243C,243,K,C,0.023969938241705,Coiled-coil
K243D,243,K,D,0.0350258839912826,Coiled-coil
K243E,243,K,E,0.0245398401550026,Coiled-coil
K243F,243,K,F,0.0185721421651746,Coiled-coil
K243G,243,K,G,0.0310358137563575,Coiled-coil
K243H,243,K,H,0.0162660450472283,Coiled-coil
K243I,243,K,I,0.0354451743763637,Coiled-coil
K243L,243,K,L,0.0090586401065633,Coiled-coil
K243M,243,K,M,0.0181460402034405,Coiled-coil
K243N,243,K,N,0.0178137866311469,Coiled-coil
K243P,243,K,P,0.0371208222329862,Coiled-coil
K243Q,243,K,Q,0.0,Coiled-coil
K243R,243,K,R,0.0214776580285783,Coiled-coil
K243S,243,K,S,0.0178281666263032,Coiled-coil
K243T,243,K,T,0.0264190784693644,Coiled-coil
K243V,243,K,V,0.0038303766045047,Coiled-coil
K243W,243,K,W,0.0255986619036086,Coiled-coil
K243Y,243,K,Y,0.0209592213611058,Coiled-coil
L244A,244,L,A,0.0192684366674725,Coiled-coil
L244C,244,L,C,0.0172453984015486,Coiled-coil
L244D,244,L,D,0.010641196415597,Coiled-coil
L244E,244,L,E,0.0159406030515849,Coiled-coil
L244F,244,L,F,0.0163916807943812,Coiled-coil
L244G,244,L,G,0.0070439271009929,Coiled-coil
L244H,244,L,H,0.0162804250423817,Coiled-coil
L244I,244,L,I,0.0065020283361588,Coiled-coil
L244K,244,L,K,0.0169661237587793,Coiled-coil
L244M,244,L,M,0.0124803221118915,Coiled-coil
L244N,244,L,N,0.0050178614676663,Coiled-coil
L244P,244,L,P,0.0248720937272933,Coiled-coil
L244Q,244,L,Q,0.0,Coiled-coil
L244R,244,L,R,0.0113548982804553,Coiled-coil
L244S,244,L,S,0.0133400944538615,Coiled-coil
L244T,244,L,T,0.0299580709614905,Coiled-coil
L244V,244,L,V,0.0009634596754648,Coiled-coil
L244W,244,L,W,0.0221179462339549,Coiled-coil
L244Y,244,L,Y,0.0028510232501802,Coiled-coil
F245A,245,F,A,0.0142808488738193,Coiled-coil
F245C,245,F,C,0.0036275429886171,Coiled-coil
F245D,245,F,D,0.0051374424800193,Coiled-coil
F245E,245,F,E,0.0170168321627498,Coiled-coil
F245G,245,F,G,0.0088951622668927,Coiled-coil
F245H,245,F,H,0.0122623516589959,Coiled-coil
F245I,245,F,I,0.011376089852263,Coiled-coil
F245K,245,F,K,0.0047052857834826,Coiled-coil
F245L,245,F,L,0.0189301283603764,Coiled-coil
F245M,245,F,M,0.0,Coiled-coil
F245N,245,F,N,0.0064263441511261,Coiled-coil
F245P,245,F,P,0.0239918866553631,Coiled-coil
F245Q,245,F,Q,0.0007409481714686,Coiled-coil
F245R,245,F,R,0.0018610741099525,Coiled-coil
F245S,245,F,S,0.015340427464277,Coiled-coil
F245T,245,F,T,0.0034406030515849,Coiled-coil
F245V,245,F,V,0.0252898704286738,Coiled-coil
F245W,245,F,W,0.0039022765802843,Coiled-coil
F245Y,245,F,Y,0.000100659966092,Coiled-coil
K246A,246,K,A,0.0184003390651503,Coiled-coil
K246C,246,K,C,0.0284988798740615,Coiled-coil
K246D,246,K,D,0.0254049103899249,Coiled-coil
K246E,246,K,E,0.0144095119883763,Coiled-coil
K246F,246,K,F,0.0095218273189634,Coiled-coil
K246G,246,K,G,0.0216600569145085,Coiled-coil
K246H,246,K,H,0.0220422620489237,Coiled-coil
K246I,246,K,I,0.0069788387018662,Coiled-coil
K246L,246,K,L,0.0118430612739176,Coiled-coil
K246M,246,K,M,0.0229731775248258,Coiled-coil
K246N,246,K,N,0.0053410329377573,Coiled-coil
K246P,246,K,P,0.0117469423589261,Coiled-coil
K246Q,246,K,Q,0.0,Coiled-coil
K246R,246,K,R,0.0211295107774279,Coiled-coil
K246S,246,K,S,0.0274279486558489,Coiled-coil
K246T,246,K,T,0.0079264046984756,Coiled-coil
K246V,246,K,V,0.0029743884717863,Coiled-coil
K246W,246,K,W,0.0077432489706965,Coiled-coil
K246Y,246,K,Y,0.0089118127876013,Coiled-coil
D247A,247,D,A,0.011480534027611,Coiled-coil
D247C,247,D,C,0.0234424194720285,Coiled-coil
D247E,247,D,E,0.001696839428433,Coiled-coil
D247F,247,D,F,0.0085250666020828,Coiled-coil
D247G,247,D,G,0.0001619641559713,Coiled-coil
D247H,247,D,H,0.0,Coiled-coil
D247I,247,D,I,0.0398106381690496,Coiled-coil
D247K,247,D,K,0.0177456708646161,Coiled-coil
D247L,247,D,L,0.0160026640833145,Coiled-coil
D247M,247,D,M,0.0168601658997336,Coiled-coil
D247N,247,D,N,0.0025793170259156,Coiled-coil
D247P,247,D,P,0.0103513259869217,Coiled-coil
D247Q,247,D,Q,0.0156726810365706,Coiled-coil
D247R,247,D,R,0.0298460583676449,Coiled-coil
D247S,247,D,S,0.0346421651731654,Coiled-coil
D247T,247,D,T,0.0213225054492627,Coiled-coil
D247V,247,D,V,0.0008945870670878,Coiled-coil
D247W,247,D,W,0.0340435032695568,Coiled-coil
D247Y,247,D,Y,0.030187394042141,Coiled-coil
K248A,248,K,A,0.0230019375151354,Coiled-coil
K248C,248,K,C,0.0015204952773068,Coiled-coil
K248D,248,K,D,0.0186728021312666,Coiled-coil
K248E,248,K,E,0.0307830285783469,Coiled-coil
K248F,248,K,F,0.0240955739888579,Coiled-coil
K248G,248,K,G,0.0135716880600615,Coiled-coil
K248H,248,K,H,0.0205800435940906,Coiled-coil
K248I,248,K,I,0.0157816662630177,Coiled-coil
K248L,248,K,L,0.0006751029304916,Coiled-coil
K248M,248,K,M,0.0235037236619036,Coiled-coil
K248N,248,K,N,0.0,Coiled-coil
K248P,248,K,P,0.0123811758294986,Coiled-coil
K248Q,248,K,Q,0.0120913054008234,Coiled-coil
K248R,248,K,R,0.0121760716880586,Coiled-coil
K248S,248,K,S,0.0284186546379254,Coiled-coil
K248T,248,K,T,0.0183042201501574,Coiled-coil
K248V,248,K,V,0.0204112678614662,Coiled-coil
K248W,248,K,W,0.0040188302252347,Coiled-coil
K248Y,248,K,Y,0.0318161177040432,Coiled-coil
K249A,249,K,A,0.0530916989585871,Coiled-coil
K249C,249,K,C,0.0151784633083085,Coiled-coil
K249D,249,K,D,0.0337619581012352,Coiled-coil
K249E,249,K,E,0.0188869883749106,Coiled-coil
K249F,249,K,F,0.0403548074594333,Coiled-coil
K249G,249,K,G,0.0271062908694599,Coiled-coil
K249H,249,K,H,0.0296220331799467,Coiled-coil
K249I,249,K,I,0.0377187272947459,Coiled-coil
K249L,249,K,L,0.0222284451441027,Coiled-coil
K249M,249,K,M,0.0452614131751044,Coiled-coil
K249N,249,K,N,0.0,Coiled-coil
K249P,249,K,P,0.0122532695567934,Coiled-coil
K249Q,249,K,Q,0.0220006357471543,Coiled-coil
K249R,249,K,R,0.0512677100992977,Coiled-coil
K249S,249,K,S,0.0220528578348282,Coiled-coil
K249T,249,K,T,0.0487375877936547,Coiled-coil
K249V,249,K,V,0.0231623879874061,Coiled-coil
K249W,249,K,W,0.033664325502543,Coiled-coil
K249Y,249,K,Y,0.0364207435214352,Coiled-coil
E250A,250,E,A,0.0289492007750046,Coiled-coil
E250C,250,E,C,0.021741795834341,Coiled-coil
E250D,250,E,D,0.0125802252361346,Coiled-coil
E250F,250,E,F,0.011030213126665,Coiled-coil
E250G,250,E,G,0.0388623153305885,Coiled-coil
E250H,250,E,H,0.0153283179946718,Coiled-coil
E250I,250,E,I,0.027325018164203,Coiled-coil
E250K,250,E,K,0.0412229050617583,Coiled-coil
E250L,250,E,L,0.0007311092274144,Coiled-coil
E250M,250,E,M,0.0189157483652216,Coiled-coil
E250N,250,E,N,0.0086370791959312,Coiled-coil
E250P,250,E,P,0.0334017013804795,Coiled-coil
E250Q,250,E,Q,0.0138918321627498,Coiled-coil
E250R,250,E,R,0.0108856563332512,Coiled-coil
E250S,250,E,S,0.0335977234197142,Coiled-coil
E250T,250,E,T,0.0218863526277549,Coiled-coil
E250V,250,E,V,0.008019496246063,Coiled-coil
E250W,250,E,W,0.0,Coiled-coil
E250Y,250,E,Y,0.0149029728747866,Coiled-coil
L251A,251,L,A,0.0226363829014303,Coiled-coil
L251C,251,L,C,0.0224766892710113,Coiled-coil
L251D,251,L,D,0.030143497214822,Coiled-coil
L251E,251,L,E,0.0436379874061516,Coiled-coil
L251F,251,L,F,0.0273613465730215,Coiled-coil
L251G,251,L,G,0.0284708767255994,Coiled-coil
L251H,251,L,H,0.00597223904093,Coiled-coil
L251I,251,L,I,0.0158081557277805,Coiled-coil
L251K,251,L,K,0.0373690663598949,Coiled-coil
L251M,251,L,M,0.0125711431339307,Coiled-coil
L251N,251,L,N,0.0221694114797786,Coiled-coil
L251P,251,L,P,0.0434737527246307,Coiled-coil
L251Q,251,L,Q,0.0225970271252119,Coiled-coil
L251R,251,L,R,0.0343697021070477,Coiled-coil
L251S,251,L,S,0.0400989949140242,Coiled-coil
L251T,251,L,T,0.0342266589973373,Coiled-coil
L251V,251,L,V,0.0179462339549528,Coiled-coil
L251W,251,L,W,0.0,Coiled-coil
L251Y,251,L,Y,0.0426525793170273,Coiled-coil
E252A,252,E,A,0.0083646161298135,Coiled-coil
E252C,252,E,C,0.0230382659239511,Coiled-coil
E252D,252,E,D,0.0,Coiled-coil
E252F,252,E,F,0.0003723661903594,Coiled-coil
E252G,252,E,G,0.0097973177524824,Coiled-coil
E252H,252,E,H,0.0069228324049392,Coiled-coil
E252I,252,E,I,0.0052002603535951,Coiled-coil
E252K,252,E,K,0.0403517800920306,Coiled-coil
E252L,252,E,L,0.0091487042867508,Coiled-coil
E252M,252,E,M,0.034851810365706,Coiled-coil
E252N,252,E,N,0.0229201985953001,Coiled-coil
E252P,252,E,P,0.0323829922499395,Coiled-coil
E252Q,252,E,Q,0.0088066117704044,Coiled-coil
E252R,252,E,R,0.0425761382901429,Coiled-coil
E252S,252,E,S,0.0281847905061744,Coiled-coil
E252T,252,E,T,0.0333146645676905,Coiled-coil
E252V,252,E,V,0.0262533301041414,Coiled-coil
E252W,252,E,W,0.0196998365221603,Coiled-coil
E252Y,252,E,Y,0.0197482744005798,Coiled-coil
M253A,253,M,A,0.0065550072656803,Coiled-coil
M253C,253,M,C,0.0032983167837248,Coiled-coil
M253D,253,M,D,0.0188234136594817,Coiled-coil
M253E,253,M,E,0.0243135444417534,Coiled-coil
M253F,253,M,F,0.0241182792443691,Coiled-coil
M253G,253,M,G,0.0230011806732851,Coiled-coil
M253H,253,M,H,0.0187166989585856,Coiled-coil
M253I,253,M,I,0.0158747578106079,Coiled-coil
M253K,253,M,K,0.026701380479535,Coiled-coil
M253L,253,M,L,0.0070484681520949,Coiled-coil
M253N,253,M,N,0.013648129086946,Coiled-coil
M253P,253,M,P,0.0074344574957602,Coiled-coil
M253Q,253,M,Q,0.0438915294260112,Coiled-coil
M253R,253,M,R,0.0119285844030031,Coiled-coil
M253S,253,M,S,0.012414476870913,Coiled-coil
M253T,253,M,T,0.0,Coiled-coil
M253V,253,M,V,0.0289211976265439,Coiled-coil
M253W,253,M,W,0.0192714640348753,Coiled-coil
M253Y,253,M,Y,0.0360430794381206,Coiled-coil
E254A,254,E,A,0.0197762775490419,Coiled-coil
E254C,254,E,C,0.0242688907725841,Coiled-coil
E254D,254,E,D,0.0161903608621928,Coiled-coil
E254F,254,E,F,0.017512563574714,Coiled-coil
E254G,254,E,G,0.0146986255751998,Coiled-coil
E254H,254,E,H,0.0188604989101463,Coiled-coil
E254I,254,E,I,0.0339390590942117,Coiled-coil
E254K,254,E,K,0.0137381932671349,Coiled-coil
E254L,254,E,L,0.0125711431339307,Coiled-coil
E254M,254,E,M,0.0103104565270027,Coiled-coil
E254N,254,E,N,0.0057058307096149,Coiled-coil
E254P,254,E,P,0.0340344211673515,Coiled-coil
E254Q,254,E,Q,0.0182519980624834,Coiled-coil
E254R,254,E,R,0.0214155969968515,Coiled-coil
E254S,254,E,S,0.0,Coiled-coil
E254T,254,E,T,0.0159368188423347,Coiled-coil
E254V,254,E,V,0.007588096391378,Coiled-coil
E254W,254,E,W,0.0370269738435457,Coiled-coil
E254Y,254,E,Y,0.0278812969241947,Coiled-coil
R255A,255,R,A,0.056925859772342,Coiled-coil
R255C,255,R,C,0.0386367764591897,Coiled-coil
R255D,255,R,D,0.048020858561395,Coiled-coil
R255E,255,R,E,0.0220770767740373,Coiled-coil
R255F,255,R,F,0.0414885565512231,Coiled-coil
R255G,255,R,G,0.0503171167352856,Coiled-coil
R255H,255,R,H,0.030137442480018,Coiled-coil
R255I,255,R,I,0.0360794078469363,Coiled-coil
R255K,255,R,K,0.0,Coiled-coil
R255L,255,R,L,0.0456799467183323,Coiled-coil
R255M,255,R,M,0.0414522281424074,Coiled-coil
R255N,255,R,N,0.0285806187938954,Coiled-coil
R255P,255,R,P,0.0400240675708404,Coiled-coil
R255Q,255,R,Q,0.056101658997336,Coiled-coil
R255S,255,R,S,0.034844998789053,Coiled-coil
R255T,255,R,T,0.0353028881084994,Coiled-coil
R255V,255,R,V,0.0450131690481957,Coiled-coil
R255W,255,R,W,0.0676344151126181,Coiled-coil
R255Y,255,R,Y,0.0554182308064907,Coiled-coil
V256A,256,V,A,0.0168919532574487,Coiled-coil
V256C,256,V,C,0.0369808064906771,Coiled-coil
V256D,256,V,D,0.0422734015500121,Coiled-coil
V256E,256,V,E,0.0348298619520479,Coiled-coil
V256F,256,V,F,0.029040778638897,Coiled-coil
V256G,256,V,G,0.0337619581012352,Coiled-coil
V256H,256,V,H,0.0,Coiled-coil
V256I,256,V,I,0.0290158028578362,Coiled-coil
V256K,256,V,K,0.0445492249939453,Coiled-coil
V256L,256,V,L,0.0217554189876483,Coiled-coil
V256M,256,V,M,0.0390432005328181,Coiled-coil
V256N,256,V,N,0.0682557822717365,Coiled-coil
V256P,256,V,P,0.0427305340276096,Coiled-coil
V256Q,256,V,Q,0.0517218152094939,Coiled-coil
V256R,256,V,R,0.0253284693630419,Coiled-coil
V256S,256,V,S,0.0382311092274173,Coiled-coil
V256T,256,V,T,0.0290884596754662,Coiled-coil
V256W,256,V,W,0.0290271554855911,Coiled-coil
V256Y,256,V,Y,0.0343265621215791,Coiled-coil
R257A,257,R,A,0.02650460159845,Coiled-coil
R257C,257,R,C,0.0244808064906757,Coiled-coil
R257D,257,R,D,0.033659784451441,Coiled-coil
R257E,257,R,E,0.0478641922983788,Coiled-coil
R257F,257,R,F,0.0458358561395025,Coiled-coil
R257G,257,R,G,0.0159716335674511,Coiled-coil
R257H,257,R,H,0.0338883506902412,Coiled-coil
R257I,257,R,I,0.0336650823443933,Coiled-coil
R257K,257,R,K,0.0,Coiled-coil
R257L,257,R,L,0.0482918079438121,Coiled-coil
R257M,257,R,M,0.0226000544926132,Coiled-coil
R257N,257,R,N,0.0326433458464519,Coiled-coil
R257P,257,R,P,0.042687394042141,Coiled-coil
R257Q,257,R,Q,0.0240191329619763,Coiled-coil
R257S,257,R,S,0.0123614979413915,Coiled-coil
R257T,257,R,T,0.0271176434972162,Coiled-coil
R257V,257,R,V,0.0364600992976522,Coiled-coil
R257W,257,R,W,0.0346800072656818,Coiled-coil
R257Y,257,R,Y,0.0167882659239539,Coiled-coil
L258A,258,L,A,0.0412728566238799,Coiled-coil
L258C,258,L,C,0.0,Coiled-coil
L258D,258,L,D,0.0273015560668429,Coiled-coil
L258E,258,L,E,0.032518466941148,Coiled-coil
L258F,258,L,F,0.0127906272705241,Coiled-coil
L258G,258,L,G,0.0163500544926132,Coiled-coil
L258H,258,L,H,0.0306051707435214,Coiled-coil
L258I,258,L,I,0.0431649612496973,Coiled-coil
L258K,258,L,K,0.0320363586824883,Coiled-coil
L258M,258,L,M,0.0240615161055946,Coiled-coil
L258N,258,L,N,0.028988556551223,Coiled-coil
L258P,258,L,P,0.0379064240736256,Coiled-coil
L258Q,258,L,Q,0.0249265863405169,Coiled-coil
L258R,258,L,R,0.0301631751029305,Coiled-coil
L258S,258,L,S,0.0270903971906016,Coiled-coil
L258T,258,L,T,0.0200706890288205,Coiled-coil
L258V,258,L,V,0.0234643678856866,Coiled-coil
L258W,258,L,W,0.0252346209735999,Coiled-coil
L258Y,258,L,Y,0.0276012654395723,Coiled-coil
Y259A,259,Y,A,0.0629412387987407,Coiled-coil
Y259C,259,Y,C,0.016101810365706,Coiled-coil
Y259D,259,Y,D,0.0362428856866055,Coiled-coil
Y259E,259,Y,E,0.058187515136837,Coiled-coil
Y259F,259,Y,F,0.0274998486316299,Coiled-coil
Y259G,259,Y,G,0.0291202470331785,Coiled-coil
Y259H,259,Y,H,0.0,Coiled-coil
Y259I,259,Y,I,0.0414605534027596,Coiled-coil
Y259K,259,Y,K,0.045969817147009,Coiled-coil
Y259L,259,Y,L,0.0176230624848631,Coiled-coil
Y259M,259,Y,M,0.016799618551706,Coiled-coil
Y259N,259,Y,N,0.0310123516589973,Coiled-coil
Y259P,259,Y,P,0.0537751271494309,Coiled-coil
Y259Q,259,Y,Q,0.0210538265923952,Coiled-coil
Y259R,259,Y,R,0.0330444720271238,Coiled-coil
Y259S,259,Y,S,0.0666626301767983,Coiled-coil
Y259T,259,Y,T,0.0388441511261807,Coiled-coil
Y259V,259,Y,V,0.016246367159117,Coiled-coil
Y259W,259,Y,W,0.0120716275127135,Coiled-coil
K260A,260,K,A,0.0303909844998789,Coiled-coil
K260C,260,K,C,0.0149854686364751,Coiled-coil
K260D,260,K,D,0.030948020101721,Coiled-coil
K260E,260,K,E,0.0,Coiled-coil
K260F,260,K,F,0.0058193569871653,Coiled-coil
K260G,260,K,G,0.0033346451925419,Coiled-coil
K260H,260,K,H,0.0329914930976023,Coiled-coil
K260I,260,K,I,0.0261882417050133,Coiled-coil
K260L,260,K,L,0.0119126907241462,Coiled-coil
K260M,260,K,M,0.0178258961007522,Coiled-coil
K260N,260,K,N,0.0340495580043594,Coiled-coil
K260P,260,K,P,0.072961824897071,Coiled-coil
K260Q,260,K,Q,0.0254586461612995,Coiled-coil
K260R,260,K,R,0.0240917897796076,Coiled-coil
K260S,260,K,S,0.0033747578106079,Coiled-coil
K260T,260,K,T,0.0549913720029077,Coiled-coil
K260V,260,K,V,0.032161994429644,Coiled-coil
K260W,260,K,W,0.0041255449261322,Coiled-coil
K260Y,260,K,Y,0.0187469726325987,Coiled-coil
E261A,261,E,A,0.0212415233712749,Coiled-coil
E261C,261,E,C,0.0259172923225948,Coiled-coil
E261D,261,E,D,0.030182852991039,Coiled-coil
E261F,261,E,F,0.0062394042140954,Coiled-coil
E261G,261,E,G,0.0317480019375137,Coiled-coil
E261H,261,E,H,0.0330240372971664,Coiled-coil
E261I,261,E,I,0.0414802312908681,Coiled-coil
E261K,261,E,K,0.0173059457495747,Coiled-coil
E261L,261,E,L,0.0223654335190119,Coiled-coil
E261M,261,E,M,0.0,Coiled-coil
E261N,261,E,N,0.0093810547348026,Coiled-coil
E261P,261,E,P,0.0376899673044307,Coiled-coil
E261Q,261,E,Q,0.0094771736497927,Coiled-coil
E261R,261,E,R,0.0220369641559685,Coiled-coil
E261S,261,E,S,0.0180067813029775,Coiled-coil
E261T,261,E,T,0.0246056853959796,Coiled-coil
E261V,261,E,V,0.0118392770646631,Coiled-coil
E261W,261,E,W,0.020643618309518,Coiled-coil
E261Y,261,E,Y,0.0169555279728734,Coiled-coil
L262A,262,L,A,0.0265757447323793,Coiled-coil
L262C,262,L,C,0.0250227052555098,Coiled-coil
L262D,262,L,D,0.0268603172681022,Coiled-coil
L262E,262,L,E,0.0385853112133689,Coiled-coil
L262F,262,L,F,0.0,Coiled-coil
L262G,262,L,G,0.0179492613223541,Coiled-coil
L262H,262,L,H,0.030025429886171,Coiled-coil
L262I,262,L,I,0.0228089428433034,Coiled-coil
L262K,262,L,K,0.0258067934124471,Coiled-coil
L262M,262,L,M,0.0019208646161298,Coiled-coil
L262N,262,L,N,0.0273257750060533,Coiled-coil
L262P,262,L,P,0.0330505267619278,Coiled-coil
L262Q,262,L,Q,0.0325850690239753,Coiled-coil
L262R,262,L,R,0.0079589488980382,Coiled-coil
L262S,262,L,S,0.0384331860014531,Coiled-coil
L262T,262,L,T,0.0175451077742795,Coiled-coil
L262V,262,L,V,0.0249621579074836,Coiled-coil
L262W,262,L,W,0.0322951985953001,Coiled-coil
L262Y,262,L,Y,0.0074253753935577,Coiled-coil
E263A,263,E,A,0.0118824170501318,Coiled-coil
E263C,263,E,C,0.0319182913538387,Coiled-coil
E263D,263,E,D,0.0147909602809383,Coiled-coil
E263F,263,E,F,0.0119111770404442,Coiled-coil
E263G,263,E,G,0.0212430370549756,Coiled-coil
E263H,263,E,H,0.032398129086946,Coiled-coil
E263I,263,E,I,0.029380600629691,Coiled-coil
E263K,263,E,K,0.0248191147977718,Coiled-coil
E263L,263,E,L,0.0137185153790264,Coiled-coil
E263M,263,E,M,0.0,Coiled-coil
E263N,263,E,N,0.0213928917413417,Coiled-coil
E263P,263,E,P,0.0263570174376362,Coiled-coil
E263Q,263,E,Q,0.0233591668684897,Coiled-coil
E263R,263,E,R,0.023497668927101,Coiled-coil
E263S,263,E,S,0.0156128905303947,Coiled-coil
E263T,263,E,T,0.0191662630176798,Coiled-coil
E263V,263,E,V,0.0062696778881085,Coiled-coil
E263W,263,E,W,0.0401360801646888,Coiled-coil
E263Y,263,E,Y,0.0258718818115766,Coiled-coil
N264A,264,N,A,0.0212089791717123,Coiled-coil
N264C,264,N,C,0.0131561818842334,Coiled-coil
N264D,264,N,D,0.0049694235892467,Coiled-coil
N264E,264,N,E,0.0119353959796546,Coiled-coil
N264F,264,N,F,0.0208547771857578,Coiled-coil
N264G,264,N,G,0.035197687091304,Coiled-coil
N264H,264,N,H,0.0383824775974812,Coiled-coil
N264I,264,N,I,0.0255782271736484,Coiled-coil
N264K,264,N,K,0.0185002421893921,Coiled-coil
N264L,264,N,L,0.0131107713732124,Coiled-coil
N264M,264,N,M,0.0144382719786859,Coiled-coil
N264P,264,N,P,0.0243657665294246,Coiled-coil
N264Q,264,N,Q,0.0,Coiled-coil
N264R,264,N,R,0.0383098207798484,Coiled-coil
N264S,264,N,S,0.0142740372971649,Coiled-coil
N264T,264,N,T,0.0323860196173394,Coiled-coil
N264V,264,N,V,0.0324450532816663,Coiled-coil
N264W,264,N,W,0.034888895616372,Coiled-coil
N264Y,264,N,Y,0.0217629874061516,Coiled-coil
R265A,265,R,A,0.0197709796560896,Coiled-coil
R265C,265,R,C,0.0186039295228869,Coiled-coil
R265D,265,R,D,0.0109757205134401,Coiled-coil
R265E,265,R,E,0.0421394405425043,Coiled-coil
R265F,265,R,F,0.0110112920804054,Coiled-coil
R265G,265,R,G,0.0328499636715912,Coiled-coil
R265H,265,R,H,0.0,Coiled-coil
R265I,265,R,I,0.012926101961734,Coiled-coil
R265K,265,R,K,0.0021259687575684,Coiled-coil
R265L,265,R,L,0.024245428675224,Coiled-coil
R265M,265,R,M,0.0190360862194236,Coiled-coil
R265N,265,R,N,0.0199041838217486,Coiled-coil
R265P,265,R,P,0.0270487708888351,Coiled-coil
R265Q,265,R,Q,0.018621336885443,Coiled-coil
R265S,265,R,S,0.0265235226447067,Coiled-coil
R265T,265,R,T,0.0061273916202456,Coiled-coil
R265V,265,R,V,0.0165778638895602,Coiled-coil
R265W,265,R,W,0.011656121336884,Coiled-coil
R265Y,265,R,Y,0.0030228263502044,Coiled-coil
K266A,266,K,A,0.0205906393799965,Coiled-coil
K266C,266,K,C,0.0,Coiled-coil
K266D,266,K,D,0.0241129813514182,Coiled-coil
K266E,266,K,E,0.0192843303463322,Coiled-coil
K266F,266,K,F,0.0007681944780818,Coiled-coil
K266G,266,K,G,0.0191253935577636,Coiled-coil
K266H,266,K,H,0.0298521131024475,Coiled-coil
K266I,266,K,I,0.0155493158149673,Coiled-coil
K266L,266,K,L,0.0037925345119897,Coiled-coil
K266M,266,K,M,0.0184669411479791,Coiled-coil
K266N,266,K,N,0.022753693388231,Coiled-coil
K266P,266,K,P,0.0228823565027866,Coiled-coil
K266Q,266,K,Q,0.0473048861709857,Coiled-coil
K266R,266,K,R,0.0106200048437892,Coiled-coil
K266S,266,K,S,0.0151186728021312,Coiled-coil
K266T,266,K,T,0.0119240433519026,Coiled-coil
K266V,266,K,V,0.0288197808186015,Coiled-coil
K266W,266,K,W,0.0113041898764834,Coiled-coil
K266Y,266,K,Y,0.0131365039961249,Coiled-coil
N267A,267,N,A,0.0251831557277791,Coiled-coil
N267C,267,N,C,0.0324125090821008,Coiled-coil
N267D,267,N,D,0.0301767982562364,Coiled-coil
N267E,267,N,E,0.0409443872608366,Coiled-coil
N267F,267,N,F,0.0238904698474207,Coiled-coil
N267G,267,N,G,0.0056256054734788,Coiled-coil
N267H,267,N,H,0.0160405061758281,Coiled-coil
N267I,267,N,I,0.0062136715911843,Coiled-coil
N267K,267,N,K,0.0398144223782998,Coiled-coil
N267L,267,N,L,0.0020949382417036,Coiled-coil
N267M,267,N,M,0.0330497699200775,Coiled-coil
N267P,267,N,P,0.0306626907241463,Coiled-coil
N267Q,267,N,Q,0.0394307035601827,Coiled-coil
N267R,267,N,R,0.0115743824170487,Coiled-coil
N267S,267,N,S,0.0332980140469833,Coiled-coil
N267T,267,N,T,0.0270540687817873,Coiled-coil
N267V,267,N,V,0.0295198595301526,Coiled-coil
N267W,267,N,W,0.0,Coiled-coil
N267Y,267,N,Y,0.0279244369096633,Coiled-coil
I268A,268,I,A,0.0095914567691949,Coiled-coil
I268C,268,I,C,0.0028517800920333,Coiled-coil
I268D,268,I,D,0.0,Coiled-coil
I268E,268,I,E,0.0033830830709614,Coiled-coil
I268F,268,I,F,0.0194864071203681,Coiled-coil
I268G,268,I,G,0.0086045349963671,Coiled-coil
I268H,268,I,H,0.0187371336885458,Coiled-coil
I268K,268,I,K,0.0266052615645449,Coiled-coil
I268L,268,I,L,0.0190905788326485,Coiled-coil
I268M,268,I,M,0.0346028093969498,Coiled-coil
I268N,268,I,N,0.0166119217728277,Coiled-coil
I268P,268,I,P,0.0006243945265211,Coiled-coil
I268Q,268,I,Q,0.0283119399370307,Coiled-coil
I268R,268,I,R,0.020333313150884,Coiled-coil
I268S,268,I,S,0.0172552373456056,Coiled-coil
I268T,268,I,T,0.0241886655364509,Coiled-coil
I268V,268,I,V,0.0119414507144601,Coiled-coil
I268W,268,I,W,0.0262904153548089,Coiled-coil
I268Y,268,I,Y,0.0088172075563104,Coiled-coil
E269A,269,E,A,0.0082556309033664,Coiled-coil
E269C,269,E,C,0.009608864131751,Coiled-coil
E269D,269,E,D,0.0030341789779621,Coiled-coil
E269F,269,E,F,0.0105655122305657,Coiled-coil
E269G,269,E,G,0.0178743339791717,Coiled-coil
E269H,269,E,H,0.0036494914022779,Coiled-coil
E269I,269,E,I,0.0,Coiled-coil
E269K,269,E,K,0.0376945083555354,Coiled-coil
E269L,269,E,L,0.0020245519496246,Coiled-coil
E269M,269,E,M,0.0072255691450728,Coiled-coil
E269N,269,E,N,0.0082102203923468,Coiled-coil
E269P,269,E,P,0.0096822777912327,Coiled-coil
E269Q,269,E,Q,0.004043049164448,Coiled-coil
E269R,269,E,R,0.0112867825139259,Coiled-coil
E269S,269,E,S,0.0200858258658285,Coiled-coil
E269T,269,E,T,0.0032392831194007,Coiled-coil
E269V,269,E,V,0.0113670077500605,Coiled-coil
E269W,269,E,W,0.0062401610559471,Coiled-coil
E269Y,269,E,Y,0.0116757992249939,Coiled-coil
E270A,270,E,A,0.0354368491160073,Coiled-coil
E270C,270,E,C,0.0130517377088883,Coiled-coil
E270D,270,E,D,0.0046659300072642,Coiled-coil
E270F,270,E,F,0.0070832828772085,Coiled-coil
E270G,270,E,G,0.0292269617340746,Coiled-coil
E270H,270,E,H,0.0150142286267861,Coiled-coil
E270I,270,E,I,0.0006433155727765,Coiled-coil
E270K,270,E,K,0.0500113526277549,Coiled-coil
E270L,270,E,L,0.0171182489706951,Coiled-coil
E270M,270,E,M,0.0271668382174861,Coiled-coil
E270N,270,E,N,0.0099380903366432,Coiled-coil
E270P,270,E,P,0.0419123879874062,Coiled-coil
E270Q,270,E,Q,0.0,Coiled-coil
E270R,270,E,R,0.0251316904819569,Coiled-coil
E270S,270,E,S,0.0265409300072657,Coiled-coil
E270T,270,E,T,0.0257182429159603,Coiled-coil
E270V,270,E,V,0.0155235831920562,Coiled-coil
E270W,270,E,W,0.0344832283845953,Coiled-coil
E270Y,270,E,Y,0.0299262836037767,Coiled-coil
Q271A,271,Q,A,0.0146986255751984,Coiled-coil
Q271C,271,Q,C,0.0217508779365464,Coiled-coil
Q271D,271,Q,D,0.0132651671106791,Coiled-coil
Q271E,271,Q,E,0.0141211552434003,Coiled-coil
Q271F,271,Q,F,0.0121806127391606,Coiled-coil
Q271G,271,Q,G,0.027298528699443,Coiled-coil
Q271H,271,Q,H,0.0175844635504965,Coiled-coil
Q271I,271,Q,I,0.0024393012836023,Coiled-coil
Q271K,271,Q,K,0.0186743158149673,Coiled-coil
Q271L,271,Q,L,0.012600659966092,Coiled-coil
Q271M,271,Q,M,0.0396797045289416,Coiled-coil
Q271N,271,Q,N,0.0,Coiled-coil
Q271P,271,Q,P,0.0248917716154032,Coiled-coil
Q271R,271,Q,R,0.0018118793896813,Coiled-coil
Q271S,271,Q,S,0.0167837248728491,Coiled-coil
Q271T,271,Q,T,0.0150770465003633,Coiled-coil
Q271V,271,Q,V,0.0265704468394284,Coiled-coil
Q271W,271,Q,W,0.0133817207556295,Coiled-coil
Q271Y,271,Q,Y,0.0303970392346815,Coiled-coil
K272A,272,K,A,0.0096603293775718,Coiled-coil
K272C,272,K,C,0.015861134657302,Coiled-coil
K272D,272,K,D,0.0149090276095907,Coiled-coil
K272E,272,K,E,0.0208903487527232,Coiled-coil
K272F,272,K,F,0.0235453499636716,Coiled-coil
K272G,272,K,G,0.0061705316057156,Coiled-coil
K272H,272,K,H,0.0152185759263744,Coiled-coil
K272I,272,K,I,0.0145790445628467,Coiled-coil
K272L,272,K,L,0.0056770707193025,Coiled-coil
K272M,272,K,M,0.0128080346330816,Coiled-coil
K272N,272,K,N,0.0261761322354081,Coiled-coil
K272P,272,K,P,0.020792716154031,Coiled-coil
K272Q,272,K,Q,0.0123577137321385,Coiled-coil
K272R,272,K,R,0.0157188483894391,Coiled-coil
K272S,272,K,S,0.0304666686849102,Coiled-coil
K272T,272,K,T,0.0036222450956648,Coiled-coil
K272V,272,K,V,0.0231411964155956,Coiled-coil
K272W,272,K,W,0.0,Coiled-coil
K272Y,272,K,Y,0.0176321445870657,Coiled-coil
L273A,273,L,A,0.0,Coiled-coil
L273C,273,L,C,0.0255903366432564,Coiled-coil
L273D,273,L,D,0.0223730019375165,Coiled-coil
L273E,273,L,E,0.0251634778396706,Coiled-coil
L273F,273,L,F,0.0272183034633083,Coiled-coil
L273G,273,L,G,0.0446347481230336,Coiled-coil
L273H,273,L,H,0.0302191813998547,Coiled-coil
L273I,273,L,I,0.0154827137321385,Coiled-coil
L273K,273,L,K,0.0148454528941646,Coiled-coil
L273M,273,L,M,0.0245587612012608,Coiled-coil
L273N,273,L,N,0.0140659057883264,Coiled-coil
L273P,273,L,P,0.0194099660934865,Coiled-coil
L273Q,273,L,Q,0.0265348752724631,Coiled-coil
L273R,273,L,R,0.0212104928554143,Coiled-coil
L273S,273,L,S,0.0188279547105837,Coiled-coil
L273T,273,L,T,0.0184964579801404,Coiled-coil
L273V,273,L,V,0.0047628057641089,Coiled-coil
L273W,273,L,W,0.0241424981835795,Coiled-coil
L273Y,273,L,Y,0.0070128965851295,Coiled-coil
H274A,274,H,A,0.0481396827318978,Coiled-coil
H274C,274,H,C,0.0,Coiled-coil
H274D,274,H,D,0.0413931944780833,Coiled-coil
H274E,274,H,E,0.0287266892710099,Coiled-coil
H274F,274,H,F,0.0235241583918638,Coiled-coil
H274G,274,H,G,0.0022780939694841,Coiled-coil
H274I,274,H,I,0.0211802191814012,Coiled-coil
H274K,274,H,K,0.0247033179946718,Coiled-coil
H274L,274,H,L,0.0258007386776473,Coiled-coil
H274M,274,H,M,0.0411002966820053,Coiled-coil
H274N,274,H,N,0.0049974267377103,Coiled-coil
H274P,274,H,P,0.0487761867280213,Coiled-coil
H274Q,274,H,Q,0.0136140712036812,Coiled-coil
H274R,274,H,R,0.0447323807217258,Coiled-coil
H274S,274,H,S,0.0262608985226461,Coiled-coil
H274T,274,H,T,0.0241682308064907,Coiled-coil
H274V,274,H,V,0.0292791838217486,Coiled-coil
H274W,274,H,W,0.0353240796803114,Coiled-coil
H274Y,274,H,Y,0.0445953923468152,Coiled-coil
D275A,275,D,A,0.0444546197626544,Coiled-coil
D275C,275,D,C,0.0187946536691679,Coiled-coil
D275E,275,D,E,0.0370133506902384,Coiled-coil
D275F,275,D,F,0.0306437696778881,Coiled-coil
D275G,275,D,G,0.0416013259869204,Coiled-coil
D275H,275,D,H,0.0176904214095422,Coiled-coil
D275I,275,D,I,0.0290627270525551,Coiled-coil
D275K,275,D,K,0.051421348994914,Coiled-coil
D275L,275,D,L,0.0240350266408317,Coiled-coil
D275M,275,D,M,0.0208729413901657,Coiled-coil
D275N,275,D,N,0.0113465730201003,Coiled-coil
D275P,275,D,P,0.0661260293049151,Coiled-coil
D275Q,275,D,Q,0.0339897674981836,Coiled-coil
D275R,275,D,R,0.0,Coiled-coil
D275S,275,D,S,0.0625756841850313,Coiled-coil
D275T,275,D,T,0.0353293775732609,Coiled-coil
D275V,275,D,V,0.0541323565027838,Coiled-coil
D275W,275,D,W,0.0328628299830453,Coiled-coil
D275Y,275,D,Y,0.0417375575199792,Coiled-coil
E276A,276,E,A,0.0144329740857336,Coiled-coil
E276C,276,E,C,0.007857532090093,Coiled-coil
E276D,276,E,D,0.0072414628239269,Coiled-coil
E276F,276,E,F,0.0044108743037055,Coiled-coil
E276G,276,E,G,0.0279017316541521,Coiled-coil
E276H,276,E,H,0.0237421288447566,Coiled-coil
E276I,276,E,I,0.0174535299103885,Coiled-coil
E276K,276,E,K,0.0241303887139743,Coiled-coil
E276L,276,E,L,0.010159844998789,Coiled-coil
E276M,276,E,M,0.0277034390893679,Coiled-coil
E276N,276,E,N,0.0146191571809154,Coiled-coil
E276P,276,E,P,0.0382348934366661,Coiled-coil
E276Q,276,E,Q,0.0049883446355049,Coiled-coil
E276R,276,E,R,0.0316367461855157,Coiled-coil
E276S,276,E,S,0.0222458525066602,Coiled-coil
E276T,276,E,T,0.0184964579801404,Coiled-coil
E276V,276,E,V,0.0040158028578348,Coiled-coil
E276W,276,E,W,0.0,Coiled-coil
E276Y,276,E,Y,0.0126604504722679,Coiled-coil
R277A,277,R,A,0.0039522281424087,Coiled-coil
R277C,277,R,C,0.0324889501089852,Coiled-coil
R277D,277,R,D,0.0164779607653185,Coiled-coil
R277E,277,R,E,0.0233546258173892,Coiled-coil
R277F,277,R,F,0.0234462036812787,Coiled-coil
R277G,277,R,G,0.0108939815936076,Coiled-coil
R277H,277,R,H,0.0297756720755631,Coiled-coil
R277I,277,R,I,0.0195938786631159,Coiled-coil
R277K,277,R,K,0.0,Coiled-coil
R277L,277,R,L,0.0230829195931218,Coiled-coil
R277M,277,R,M,0.0080399309760246,Coiled-coil
R277N,277,R,N,0.0256516408331329,Coiled-coil
R277P,277,R,P,0.0264334584645207,Coiled-coil
R277Q,277,R,Q,0.0243006781302979,Coiled-coil
R277S,277,R,S,0.0170342395253102,Coiled-coil
R277T,277,R,T,0.0196037176071702,Coiled-coil
R277V,277,R,V,0.0085909118430612,Coiled-coil
R277W,277,R,W,0.0155636958101249,Coiled-coil
R277Y,277,R,Y,0.0221028093969498,Coiled-coil
K278A,278,K,A,0.0181346875756856,Coiled-coil
K278C,278,K,C,0.0222670440784708,Coiled-coil
K278D,278,K,D,0.0274007023492371,Coiled-coil
K278E,278,K,E,0.0048664930976037,Coiled-coil
K278F,278,K,F,0.0190973904093001,Coiled-coil
K278G,278,K,G,0.0252490009687576,Coiled-coil
K278H,278,K,H,0.0209297045289416,Coiled-coil
K278I,278,K,I,0.022121730443208,Coiled-coil
K278L,278,K,L,0.0185456527004131,Coiled-coil
K278M,278,K,M,0.0174368793896827,Coiled-coil
K278N,278,K,N,0.0,Coiled-coil
K278P,278,K,P,0.037313816904821,Coiled-coil
K278Q,278,K,Q,0.0227022281424073,Coiled-coil
K278R,278,K,R,0.0266953257447338,Coiled-coil
K278S,278,K,S,0.0067669229837747,Coiled-coil
K278T,278,K,T,0.0101015681763153,Coiled-coil
K278V,278,K,V,0.0259407544199578,Coiled-coil
K278W,278,K,W,0.0012987406151624,Coiled-coil
K278Y,278,K,Y,0.0002648946476158,Coiled-coil
K279A,279,K,A,0.0271645676919337,Coiled-coil
K279C,279,K,C,0.0288228081860014,Coiled-coil
K279D,279,K,D,0.0268012836037767,Coiled-coil
K279E,279,K,E,0.024486104383628,Coiled-coil
K279F,279,K,F,0.0129472935335432,Coiled-coil
K279G,279,K,G,0.0009528638895616,Coiled-coil
K279H,279,K,H,0.0073610438362785,Coiled-coil
K279I,279,K,I,0.0482895374182611,Coiled-coil
K279L,279,K,L,0.0111323867764592,Coiled-coil
K279M,279,K,M,0.0338467243884718,Coiled-coil
K279N,279,K,N,0.0182012896585129,Coiled-coil
K279P,279,K,P,0.0216820053281666,Coiled-coil
K279Q,279,K,Q,0.0244702107047697,Coiled-coil
K279R,279,K,R,0.0008650702349223,Coiled-coil
K279S,279,K,S,0.0021032635020586,Coiled-coil
K279T,279,K,T,0.0034897977718561,Coiled-coil
K279V,279,K,V,0.0235862194235878,Coiled-coil
K279W,279,K,W,0.0,Coiled-coil
K279Y,279,K,Y,0.0119225296681991,Coiled-coil
L280A,280,L,A,0.0229262533301027,Coiled-coil
L280C,280,L,C,0.0172794562848147,Coiled-coil
L280D,280,L,D,0.0040067207556294,Coiled-coil
L280E,280,L,E,0.0072021070477113,Coiled-coil
L280F,280,L,F,0.0029115705982063,Coiled-coil
L280G,280,L,G,0.0406878178735772,Coiled-coil
L280H,280,L,H,0.0,Coiled-coil
L280I,280,L,I,0.0042928069750544,Coiled-coil
L280K,280,L,K,0.0067124303705497,Coiled-coil
L280M,280,L,M,0.021267255994186,Coiled-coil
L280N,280,L,N,0.0203734257689513,Coiled-coil
L280P,280,L,P,0.0196112860256706,Coiled-coil
L280Q,280,L,Q,0.0129586461612981,Coiled-coil
L280R,280,L,R,0.0156719241947202,Coiled-coil
L280S,280,L,S,0.0238904698474207,Coiled-coil
L280T,280,L,T,0.0213921348994914,Coiled-coil
L280V,280,L,V,0.0214436001453136,Coiled-coil
L280W,280,L,W,0.0135149249212884,Coiled-coil
L280Y,280,L,Y,0.0323126059578576,Coiled-coil
D281A,281,D,A,0.0258665839186258,Coiled-coil
D281C,281,D,C,0.0134521070477113,Coiled-coil
D281E,281,D,E,0.0250613041898779,Coiled-coil
D281F,281,D,F,0.0362466698958586,Coiled-coil
D281G,281,D,G,0.0330596088641318,Coiled-coil
D281H,281,D,H,0.0195242492128859,Coiled-coil
D281I,281,D,I,0.001814906757084,Coiled-coil
D281K,281,D,K,0.0147962581738934,Coiled-coil
D281L,281,D,L,0.0304674255267633,Coiled-coil
D281M,281,D,M,0.0,Coiled-coil
D281N,281,D,N,0.0320234923710356,Coiled-coil
D281P,281,D,P,0.0170122911116493,Coiled-coil
D281Q,281,D,Q,0.0076327500605473,Coiled-coil
D281R,281,D,R,0.0208002845725371,Coiled-coil
D281S,281,D,S,0.0143799951562121,Coiled-coil
D281T,281,D,T,0.0139062121579075,Coiled-coil
D281V,281,D,V,0.0057610801646902,Coiled-coil
D281W,281,D,W,0.0156446778881099,Coiled-coil
D281Y,281,D,Y,0.006131932671349,Coiled-coil
I282A,282,I,A,0.0137298680067799,Coiled-coil
I282C,282,I,C,0.0298324352143362,Coiled-coil
I282D,282,I,D,0.0116038992492114,Coiled-coil
I282E,282,I,E,0.016453741826108,Coiled-coil
I282F,282,I,F,0.0093878663114541,Coiled-coil
I282G,282,I,G,0.0140923952530865,Coiled-coil
I282H,282,I,H,0.0116924497457011,Coiled-coil
I282K,282,I,K,0.0081791898764834,Coiled-coil
I282L,282,I,L,0.0069478081860014,Coiled-coil
I282M,282,I,M,0.0126218515379026,Coiled-coil
I282N,282,I,N,0.0207942298377331,Coiled-coil
I282P,282,I,P,0.0395570961491873,Coiled-coil
I282Q,282,I,Q,0.0125340578832647,Coiled-coil
I282R,282,I,R,0.0029221663841123,Coiled-coil
I282S,282,I,S,0.0118226265439573,Coiled-coil
I282T,282,I,T,0.0,Coiled-coil
I282V,282,I,V,0.0162781545168307,Coiled-coil
I282W,282,I,W,0.0049043351901172,Coiled-coil
I282Y,282,I,Y,0.0175655425042383,Coiled-coil
D283A,283,D,A,0.0249273431823672,Coiled-coil
D283C,283,D,C,0.0214163538387004,Coiled-coil
D283E,283,D,E,0.0289287660450472,Coiled-coil
D283F,283,D,F,0.0353384596754662,Coiled-coil
D283G,283,D,G,0.0,Coiled-coil
D283H,283,D,H,0.05565133809639,Coiled-coil
D283I,283,D,I,0.0215200411721952,Coiled-coil
D283K,283,D,K,0.0379851356260582,Coiled-coil
D283L,283,D,L,0.0507462460644224,Coiled-coil
D283M,283,D,M,0.026187484863163,Coiled-coil
D283N,283,D,N,0.0254147493339777,Coiled-coil
D283P,283,D,P,0.064326259384839,Coiled-coil
D283Q,283,D,Q,0.0395714761443449,Coiled-coil
D283R,283,D,R,0.0298384899491402,Coiled-coil
D283S,283,D,S,0.0259634596754662,Coiled-coil
D283T,283,D,T,0.0201736195204636,Coiled-coil
D283V,283,D,V,0.033430461370792,Coiled-coil
D283W,283,D,W,0.0442283240494052,Coiled-coil
D283Y,283,D,Y,0.0305741402276566,Coiled-coil
I284A,284,I,A,0.0203984015500135,Coiled-coil
I284C,284,I,C,0.0098253209009459,Coiled-coil
I284D,284,I,D,0.0297847541777684,Coiled-coil
I284E,284,I,E,0.0182845422620489,Coiled-coil
I284F,284,I,F,0.0176245761685652,Coiled-coil
I284G,284,I,G,0.012742189392106,Coiled-coil
I284H,284,I,H,0.0246707737951078,Coiled-coil
I284K,284,I,K,0.0261133143618324,Coiled-coil
I284L,284,I,L,0.0094824715427478,Coiled-coil
I284M,284,I,M,0.0216184306127391,Coiled-coil
I284N,284,I,N,0.0179500181642058,Coiled-coil
I284P,284,I,P,0.0483182974085749,Coiled-coil
I284Q,284,I,Q,0.0,Coiled-coil
I284R,284,I,R,0.0147394950351188,Coiled-coil
I284S,284,I,S,0.0386382901428917,Coiled-coil
I284T,284,I,T,0.0144549224993945,Coiled-coil
I284V,284,I,V,0.0039681218212656,Coiled-coil
I284W,284,I,W,0.0162811818842334,Coiled-coil
I284Y,284,I,Y,0.0169184427222102,Coiled-coil
S285A,285,S,A,0.0238079740857364,Coiled-coil
S285C,285,S,C,0.045538417292324,Coiled-coil
S285D,285,S,D,0.0,Coiled-coil
S285E,285,S,E,0.0371117401307837,Coiled-coil
S285F,285,S,F,0.0242340760474691,Coiled-coil
S285G,285,S,G,0.02346890893679,Coiled-coil
S285H,285,S,H,0.0291247880842819,Coiled-coil
S285I,285,S,I,0.013934215306371,Coiled-coil
S285K,285,S,K,0.0301079256478566,Coiled-coil
S285L,285,S,L,0.0221361104383628,Coiled-coil
S285M,285,S,M,0.0124871336885444,Coiled-coil
S285N,285,S,N,0.0265908815693872,Coiled-coil
S285P,285,S,P,0.0485733531121337,Coiled-coil
S285Q,285,S,Q,0.0207026519738435,Coiled-coil
S285R,285,S,R,0.0111641741341729,Coiled-coil
S285T,285,S,T,0.0284262230564315,Coiled-coil
S285V,285,S,V,0.0029478990070249,Coiled-coil
S285W,285,S,W,0.0171719847420683,Coiled-coil
S285Y,285,S,Y,0.0222738556551237,Coiled-coil
N286A,286,N,A,0.0155493158149673,Coiled-coil
N286C,286,N,C,0.0078999152337141,Coiled-coil
N286D,286,N,D,0.0160632114313407,Coiled-coil
N286E,286,N,E,0.0,Coiled-coil
N286F,286,N,F,0.0119823201743763,Coiled-coil
N286G,286,N,G,0.0413492976507643,Coiled-coil
N286H,286,N,H,0.0212301707435228,Coiled-coil
N286I,286,N,I,0.0208744550738692,Coiled-coil
N286K,286,N,K,0.0080036025672075,Coiled-coil
N286L,286,N,L,0.0117628360377829,Coiled-coil
N286M,286,N,M,0.0299179583434246,Coiled-coil
N286P,286,N,P,0.0283641620247047,Coiled-coil
N286Q,286,N,Q,0.0113889561637214,Coiled-coil
N286R,286,N,R,0.0068562303221133,Coiled-coil
N286S,286,N,S,0.0141075320900958,Coiled-coil
N286T,286,N,T,0.0121609348510535,Coiled-coil
N286V,286,N,V,0.0222693146040217,Coiled-coil
N286W,286,N,W,0.0003072777912327,Coiled-coil
N286Y,286,N,Y,0.0316231230322112,Coiled-coil
G287A,287,G,A,0.0162463671591198,Coiled-coil
G287C,287,G,C,0.001749061516107,Coiled-coil
G287D,287,G,D,0.0077803342213611,Coiled-coil
G287E,287,G,E,0.0280356926616614,Coiled-coil
G287F,287,G,F,0.0302751876967789,Coiled-coil
G287H,287,G,H,0.0096345967546635,Coiled-coil
G287I,287,G,I,0.0150452591426495,Coiled-coil
G287K,287,G,K,0.002617159118432,Coiled-coil
G287L,287,G,L,0.0,Coiled-coil
G287M,287,G,M,0.0125544926132235,Coiled-coil
G287N,287,G,N,0.0167277185759278,Coiled-coil
G287P,287,G,P,0.0462642286267876,Coiled-coil
G287Q,287,G,Q,0.0356449806248486,Coiled-coil
G287R,287,G,R,0.0101348692177296,Coiled-coil
G287S,287,G,S,0.0221603293775747,Coiled-coil
G287T,287,G,T,0.0052275066602082,Coiled-coil
G287V,287,G,V,0.0125242189392104,Coiled-coil
G287W,287,G,W,0.0281144042140968,Coiled-coil
G287Y,287,G,Y,0.0138191753451213,Coiled-coil
Y288A,288,Y,A,0.0206837309275854,Coiled-coil
Y288C,288,Y,C,0.0310100811334449,Coiled-coil
Y288D,288,Y,D,0.0365653003148462,Coiled-coil
Y288E,288,Y,E,0.0254548619520451,Coiled-coil
Y288F,288,Y,F,0.0101530334221347,Coiled-coil
Y288G,288,Y,G,0.0504245882780334,Coiled-coil
Y288H,288,Y,H,0.018179341244852,Coiled-coil
Y288I,288,Y,I,0.0271486740130782,Coiled-coil
Y288K,288,Y,K,0.0245405969968515,Coiled-coil
Y288L,288,Y,L,0.0,Coiled-coil
Y288M,288,Y,M,0.0279130842819084,Coiled-coil
Y288N,288,Y,N,0.0075199806248472,Coiled-coil
Y288P,288,Y,P,0.0652935032695554,Coiled-coil
Y288Q,288,Y,Q,0.0432724327924437,Coiled-coil
Y288R,288,Y,R,0.0459728445144103,Coiled-coil
Y288S,288,Y,S,0.0320303039476857,Coiled-coil
Y288T,288,Y,T,0.0261723480261564,Coiled-coil
Y288V,288,Y,V,0.0200025732622911,Coiled-coil
Y288W,288,Y,W,0.0198095785904563,Coiled-coil
K289A,289,K,A,0.0230639985468622,Coiled-coil
K289C,289,K,C,0.0429961855170744,Coiled-coil
K289D,289,K,D,0.0,Coiled-coil
K289E,289,K,E,0.0436167958343425,Coiled-coil
K289F,289,K,F,0.0456262109469605,Coiled-coil
K289G,289,K,G,0.0330921530636958,Coiled-coil
K289H,289,K,H,0.0445931218212642,Coiled-coil
K289I,289,K,I,0.0270752603535965,Coiled-coil
K289L,289,K,L,0.0355420501332028,Coiled-coil
K289M,289,K,M,0.0196090155001211,Coiled-coil
K289N,289,K,N,0.0305711128602567,Coiled-coil
K289P,289,K,P,0.0468522947444902,Coiled-coil
K289Q,289,K,Q,0.0403525369338809,Coiled-coil
K289R,289,K,R,0.0198867764591911,Coiled-coil
K289S,289,K,S,0.0439028820537647,Coiled-coil
K289T,289,K,T,0.0523719423589233,Coiled-coil
K289V,289,K,V,0.0376665052070705,Coiled-coil
K289W,289,K,W,0.0357062848147251,Coiled-coil
K289Y,289,K,Y,0.0326236679583434,Coiled-coil
Q290A,290,Q,A,0.0286517619278261,Coiled-coil
Q290C,290,Q,C,0.0111672015015728,Coiled-coil
Q290D,290,Q,D,0.036822626543956,Coiled-coil
Q290E,290,Q,E,0.0158914083313151,Coiled-coil
Q290F,290,Q,F,0.0254359409057869,Coiled-coil
Q290G,290,Q,G,0.0324934911600872,Coiled-coil
Q290H,290,Q,H,0.0430620307580528,Coiled-coil
Q290I,290,Q,I,0.03766196415597,Coiled-coil
Q290K,290,Q,K,0.0162274461128588,Coiled-coil
Q290L,290,Q,L,0.0337301707435214,Coiled-coil
Q290M,290,Q,M,0.0,Coiled-coil
Q290N,290,Q,N,0.0191632356502771,Coiled-coil
Q290P,290,Q,P,0.0510065996609349,Coiled-coil
Q290R,290,Q,R,0.0045433216275127,Coiled-coil
Q290S,290,Q,S,0.0197921712279002,Coiled-coil
Q290T,290,Q,T,0.0225084766287222,Coiled-coil
Q290V,290,Q,V,0.0349683640106563,Coiled-coil
Q290W,290,Q,W,0.0212929886170986,Coiled-coil
Q290Y,290,Q,Y,0.0402223601356247,Coiled-coil
I291A,291,I,A,0.0053115161055931,Coiled-coil
I291C,291,I,C,0.0269874666989572,Coiled-coil
I291D,291,I,D,0.0252308367643497,Coiled-coil
I291E,291,I,E,0.0083267740372971,Coiled-coil
I291F,291,I,F,0.022183791474932,Coiled-coil
I291G,291,I,G,0.0345997820295457,Coiled-coil
I291H,291,I,H,0.0279857410995398,Coiled-coil
I291K,291,I,K,0.0269428130297879,Coiled-coil
I291L,291,I,L,0.0134748123032211,Coiled-coil
I291M,291,I,M,0.0068796924194706,Coiled-coil
I291N,291,I,N,0.0327659542262049,Coiled-coil
I291P,291,I,P,0.060361921772825,Coiled-coil
I291Q,291,I,Q,0.0192744914022751,Coiled-coil
I291R,291,I,R,0.0304046076531848,Coiled-coil
I291S,291,I,S,0.0264599479292807,Coiled-coil
I291T,291,I,T,0.0439490494066346,Coiled-coil
I291V,291,I,V,0.0249666989585856,Coiled-coil
I291W,291,I,W,0.0,Coiled-coil
I291Y,291,I,Y,0.0367885686606927,Coiled-coil
K292A,292,K,A,0.0299739646403487,Coiled-coil
K292C,292,K,C,0.0188113041898765,Coiled-coil
K292D,292,K,D,0.0047052857834826,Coiled-coil
K292E,292,K,E,0.0276292685880372,Coiled-coil
K292F,292,K,F,0.0411616008718818,Coiled-coil
K292G,292,K,G,0.0167080406878178,Coiled-coil
K292H,292,K,H,0.0238488435456527,Coiled-coil
K292I,292,K,I,0.0,Coiled-coil
K292L,292,K,L,0.026753602567209,Coiled-coil
K292M,292,K,M,0.0333025550980867,Coiled-coil
K292N,292,K,N,0.0236952046500363,Coiled-coil
K292P,292,K,P,0.0493370065391136,Coiled-coil
K292Q,292,K,Q,0.0352158512957133,Coiled-coil
K292R,292,K,R,0.0307497275369339,Coiled-coil
K292S,292,K,S,0.0318766650520721,Coiled-coil
K292T,292,K,T,0.0124924315814967,Coiled-coil
K292V,292,K,V,0.0214511685638183,Coiled-coil
K292W,292,K,W,0.0141022341971435,Coiled-coil
K292Y,292,K,Y,0.0178349782029561,Coiled-coil
K293A,293,K,A,0.0068501755873078,Coiled-coil
K293C,293,K,C,0.0374205316057143,Coiled-coil
K293D,293,K,D,0.0385762291111635,Coiled-coil
K293E,293,K,E,0.0117961370791945,Coiled-coil
K293F,293,K,F,0.0062144284330346,Coiled-coil
K293G,293,K,G,0.0428296803100024,Coiled-coil
K293H,293,K,H,0.0110945446839414,Coiled-coil
K293I,293,K,I,0.0162705860983289,Coiled-coil
K293L,293,K,L,0.0285329377573262,Coiled-coil
K293M,293,K,M,0.0237542383143618,Coiled-coil
K293N,293,K,N,0.0148938907725827,Coiled-coil
K293P,293,K,P,0.0386715911843061,Coiled-coil
K293Q,293,K,Q,0.011463883506901,Coiled-coil
K293R,293,K,R,0.0148674013078227,Coiled-coil
K293S,293,K,S,0.0,Coiled-coil
K293T,293,K,T,0.0087566602082814,Coiled-coil
K293V,293,K,V,0.0072967122790021,Coiled-coil
K293W,293,K,W,0.0086628118188423,Coiled-coil
K293Y,293,K,Y,0.0094574957616842,Coiled-coil
E294A,294,E,A,0.035123516589972,Coiled-coil
E294C,294,E,C,0.0,Coiled-coil
E294D,294,E,D,0.0324132659239525,Coiled-coil
E294F,294,E,F,0.0077235710825865,Coiled-coil
E294G,294,E,G,0.0558905001210947,Coiled-coil
E294H,294,E,H,0.0299066057156682,Coiled-coil
E294I,294,E,I,0.0177184245580043,Coiled-coil
E294K,294,E,K,0.0140772584160813,Coiled-coil
E294L,294,E,L,0.0351114071203667,Coiled-coil
E294M,294,E,M,0.0256289355776217,Coiled-coil
E294N,294,E,N,0.0315504662145784,Coiled-coil
E294P,294,E,P,0.0456209130540083,Coiled-coil
E294Q,294,E,Q,0.0225970271252119,Coiled-coil
E294R,294,E,R,0.0412493945265183,Coiled-coil
E294S,294,E,S,0.042436122547831,Coiled-coil
E294T,294,E,T,0.0327341668684912,Coiled-coil
E294V,294,E,V,0.025380691450713,Coiled-coil
E294W,294,E,W,0.0263252300799225,Coiled-coil
E294Y,294,E,Y,0.0381735892467895,Coiled-coil
K295A,295,K,A,0.0241818539597951,Coiled-coil
K295C,295,K,C,0.0128133325260353,Coiled-coil
K295D,295,K,D,0.0149824412690724,Coiled-coil
K295E,295,K,E,0.0294199564059094,Coiled-coil
K295F,295,K,F,0.0191564240736241,Coiled-coil
K295G,295,K,G,0.0270177403729702,Coiled-coil
K295H,295,K,H,0.0284799588278033,Coiled-coil
K295I,295,K,I,0.0,Coiled-coil
K295L,295,K,L,0.0195378723661889,Coiled-coil
K295M,295,K,M,0.0251513683700654,Coiled-coil
K295N,295,K,N,0.0323496912085237,Coiled-coil
K295P,295,K,P,0.0368165718091534,Coiled-coil
K295Q,295,K,Q,0.0289136292080407,Coiled-coil
K295R,295,K,R,0.0338066117704045,Coiled-coil
K295S,295,K,S,0.0384218333736968,Coiled-coil
K295T,295,K,T,0.0213959191087416,Coiled-coil
K295V,295,K,V,0.0135807701622669,Coiled-coil
K295W,295,K,W,0.0169161721966578,Coiled-coil
K295Y,295,K,Y,0.0279145979656077,Coiled-coil
E296A,296,E,A,0.0219506841850341,Coiled-coil
E296C,296,E,C,0.0267127331072899,Coiled-coil
E296D,296,E,D,0.0,Coiled-coil
E296F,296,E,F,0.0336302676192797,Coiled-coil
E296G,296,E,G,0.0213883506902397,Coiled-coil
E296H,296,E,H,0.0213202349237103,Coiled-coil
E296I,296,E,I,0.0421856078953756,Coiled-coil
E296K,296,E,K,0.0398870791959326,Coiled-coil
E296L,296,E,L,0.0137465185274885,Coiled-coil
E296M,296,E,M,0.0100735650278532,Coiled-coil
E296N,296,E,N,0.0089806853959796,Coiled-coil
E296P,296,E,P,0.0584826834584646,Coiled-coil
E296Q,296,E,Q,0.0067336219423603,Coiled-coil
E296R,296,E,R,0.0331965972390409,Coiled-coil
E296S,296,E,S,0.0248910147735543,Coiled-coil
E296T,296,E,T,0.0140666626301768,Coiled-coil
E296V,296,E,V,0.0122002906272719,Coiled-coil
E296W,296,E,W,0.0110521615403259,Coiled-coil
E296Y,296,E,Y,0.0311939937030772,Coiled-coil
E297A,297,E,A,0.0116924497457011,Coiled-coil
E297C,297,E,C,0.0235922741583933,Coiled-coil
E297D,297,E,D,0.0099312787599917,Coiled-coil
E297F,297,E,F,0.0183344938241719,Coiled-coil
E297G,297,E,G,0.0083487224509566,Coiled-coil
E297H,297,E,H,0.0084365161055959,Coiled-coil
E297I,297,E,I,0.0065323020101719,Coiled-coil
E297K,297,E,K,0.0139788689755403,Coiled-coil
E297L,297,E,L,0.0302577803342214,Coiled-coil
E297M,297,E,M,0.0,Coiled-coil
E297N,297,E,N,0.0154524400581254,Coiled-coil
E297P,297,E,P,0.0317941692903851,Coiled-coil
E297Q,297,E,Q,0.0081663235650292,Coiled-coil
E297R,297,E,R,0.0119739949140241,Coiled-coil
E297S,297,E,S,0.0071733470573988,Coiled-coil
E297T,297,E,T,0.0017263562605971,Coiled-coil
E297V,297,E,V,0.0226242734318237,Coiled-coil
E297W,297,E,W,0.0110953015257945,Coiled-coil
E297Y,297,E,Y,0.0271683519011867,Coiled-coil
H298A,298,H,A,0.0162221482199094,Coiled-coil
H298C,298,H,C,0.0090715064180189,Coiled-coil
H298D,298,H,D,0.0100273976749832,Coiled-coil
H298E,298,H,E,0.0157990736255766,Coiled-coil
H298F,298,H,F,0.0208782392831208,Coiled-coil
H298G,298,H,G,0.0159663356744974,Coiled-coil
H298I,298,H,I,0.0188983410026655,Coiled-coil
H298K,298,H,K,0.024962157907485,Coiled-coil
H298L,298,H,L,0.0258136049891015,Coiled-coil
H298M,298,H,M,0.0305688423347057,Coiled-coil
H298N,298,H,N,0.0178516287236633,Coiled-coil
H298P,298,H,P,0.0285844030031499,Coiled-coil
H298Q,298,H,Q,0.0383136049891015,Coiled-coil
H298R,298,H,R,0.0202780636958101,Coiled-coil
H298S,298,H,S,0.041938877452169,Coiled-coil
H298T,298,H,T,0.0,Coiled-coil
H298V,298,H,V,0.0093568357955935,Coiled-coil
H298W,298,H,W,0.0103490554613722,Coiled-coil
H298Y,298,H,Y,0.020024521675952,Coiled-coil
R299A,299,R,A,0.0348434851053524,Coiled-coil
R299C,299,R,C,0.0112012593848403,Coiled-coil
R299D,299,R,D,0.0200396585129571,Coiled-coil
R299E,299,R,E,0.0202318963429416,Coiled-coil
R299F,299,R,F,0.0108319205618808,Coiled-coil
R299G,299,R,G,0.020720059336401,Coiled-coil
R299H,299,R,H,0.026670349963673,Coiled-coil
R299I,299,R,I,0.0120882780334235,Coiled-coil
R299K,299,R,K,0.0032771252119157,Coiled-coil
R299L,299,R,L,0.0036843061273916,Coiled-coil
R299M,299,R,M,0.0,Coiled-coil
R299N,299,R,N,0.0079377573262305,Coiled-coil
R299P,299,R,P,0.0309313695810123,Coiled-coil
R299Q,299,R,Q,0.0066624788084296,Coiled-coil
R299S,299,R,S,0.0143519920077514,Coiled-coil
R299T,299,R,T,0.0074965185274885,Coiled-coil
R299V,299,R,V,0.011165687817875,Coiled-coil
R299W,299,R,W,0.0225024218939224,Coiled-coil
R299Y,299,R,Y,0.0344544683942857,Coiled-coil
K300A,300,K,A,0.0163364313393073,Coiled-coil
K300C,300,K,C,0.0175988435456527,Coiled-coil
K300D,300,K,D,0.0192669229837719,Coiled-coil
K300E,300,K,E,0.0273462097360136,Coiled-coil
K300F,300,K,F,0.0100697808186001,Coiled-coil
K300G,300,K,G,0.0202538447565996,Coiled-coil
K300H,300,K,H,0.013481623879874,Coiled-coil
K300I,300,K,I,0.0201494005812545,Coiled-coil
K300L,300,K,L,0.0109719363041898,Coiled-coil
K300M,300,K,M,0.0057875696294502,Coiled-coil
K300N,300,K,N,0.0166141922983773,Coiled-coil
K300P,300,K,P,0.025658452409783,Coiled-coil
K300Q,300,K,Q,0.0264516226689257,Coiled-coil
K300R,300,K,R,0.0091593000726568,Coiled-coil
K300S,300,K,S,0.0086908149673044,Coiled-coil
K300T,300,K,T,0.0248910147735529,Coiled-coil
K300V,300,K,V,0.0,Coiled-coil
K300W,300,K,W,0.0215450169532574,Coiled-coil
K300Y,300,K,Y,0.0112353172681022,Coiled-coil
R301A,301,R,A,0.0290998123032211,Coiled-coil
R301C,301,R,C,0.0,Coiled-coil
R301D,301,R,D,0.0431263623153306,Coiled-coil
R301E,301,R,E,0.0492212097360136,Coiled-coil
R301F,301,R,F,0.0283815693872608,Coiled-coil
R301G,301,R,G,0.0324889501089852,Coiled-coil
R301H,301,R,H,0.0451077742794852,Coiled-coil
R301I,301,R,I,0.0132439755388714,Coiled-coil
R301K,301,R,K,0.0396297529668201,Coiled-coil
R301L,301,R,L,0.0327001089852264,Coiled-coil
R301M,301,R,M,0.0471081072898993,Coiled-coil
R301N,301,R,N,0.0342168200532817,Coiled-coil
R301P,301,R,P,0.0355534027609591,Coiled-coil
R301Q,301,R,Q,0.018546409542262,Coiled-coil
R301S,301,R,S,0.0311728021312666,Coiled-coil
R301T,301,R,T,0.0325540385081119,Coiled-coil
R301V,301,R,V,0.0356495216759492,Coiled-coil
R301W,301,R,W,0.0333979171712265,Coiled-coil
R301Y,301,R,Y,0.052600508597722,Coiled-coil
F302A,302,F,A,0.0329370004843788,Coiled-coil
F302C,302,F,C,0.0135815270041158,Coiled-coil
F302D,302,F,D,0.0,Coiled-coil
F302E,302,F,E,0.0221058367643497,Coiled-coil
F302G,302,F,G,0.0208699140227644,Coiled-coil
F302H,302,F,H,0.0235135626059578,Coiled-coil
F302I,302,F,I,0.0201024763865328,Coiled-coil
F302K,302,F,K,0.0297983773310729,Coiled-coil
F302L,302,F,L,0.0048468152094938,Coiled-coil
F302M,302,F,M,0.0068357955921516,Coiled-coil
F302N,302,F,N,0.0183950411721966,Coiled-coil
F302P,302,F,P,0.0339072717364979,Coiled-coil
F302Q,302,F,Q,0.0221974146282393,Coiled-coil
F302R,302,F,R,0.0043223238072172,Coiled-coil
F302S,302,F,S,0.0347329861952047,Coiled-coil
F302T,302,F,T,0.029275399612497,Coiled-coil
F302V,302,F,V,0.0150089307338324,Coiled-coil
F302W,302,F,W,0.0284209251634778,Coiled-coil
F302Y,302,F,Y,0.0187590821022039,Coiled-coil
D303A,303,D,A,0.031648098813272,Coiled-coil
D303C,303,D,C,0.0086673528699443,Coiled-coil
D303E,303,D,E,0.0066919956405909,Coiled-coil
D303F,303,D,F,0.0023674013078227,Coiled-coil
D303G,303,D,G,0.0214284633083057,Coiled-coil
D303H,303,D,H,0.0,Coiled-coil
D303I,303,D,I,0.0061296621457966,Coiled-coil
D303K,303,D,K,0.0034300072656803,Coiled-coil
D303L,303,D,L,0.0370738980382645,Coiled-coil
D303M,303,D,M,0.0025013623153291,Coiled-coil
D303N,303,D,N,0.0152556611770404,Coiled-coil
D303P,303,D,P,0.0586196718333737,Coiled-coil
D303Q,303,D,Q,0.0068176313877452,Coiled-coil
D303R,303,D,R,0.0026708948898038,Coiled-coil
D303S,303,D,S,0.0135822838459675,Coiled-coil
D303T,303,D,T,0.0256274218939196,Coiled-coil
D303V,303,D,V,0.0152753390651475,Coiled-coil
D303W,303,D,W,0.0004707556309019,Coiled-coil
D303Y,303,D,Y,0.0309041232744006,Coiled-coil
E304A,304,E,A,0.0056225781060789,Coiled-coil
E304C,304,E,C,0.0223593787842092,Coiled-coil
E304D,304,E,D,0.0184404516832163,Coiled-coil
E304F,304,E,F,0.0009831375635747,Coiled-coil
E304G,304,E,G,0.0064853778154531,Coiled-coil
E304H,304,E,H,0.0212301707435228,Coiled-coil
E304I,304,E,I,0.0148378844756613,Coiled-coil
E304K,304,E,K,0.0275286086219438,Coiled-coil
E304L,304,E,L,0.0267233288931959,Coiled-coil
E304M,304,E,M,0.0078113647372245,Coiled-coil
E304N,304,E,N,0.0,Coiled-coil
E304P,304,E,P,0.0269920077500619,Coiled-coil
E304Q,304,E,Q,0.0234742068297423,Coiled-coil
E304R,304,E,R,0.0239653971906044,Coiled-coil
E304S,304,E,S,0.0307671348994914,Coiled-coil
E304T,304,E,T,0.0235302131266664,Coiled-coil
E304V,304,E,V,0.0260376301767997,Coiled-coil
E304W,304,E,W,0.0179772644708176,Coiled-coil
E304Y,304,E,Y,0.0129609166868491,Coiled-coil
E305A,305,E,A,0.0250696294502301,Coiled-coil
E305C,305,E,C,0.0412985892467896,Coiled-coil
E305D,305,E,D,0.0067449745701138,Coiled-coil
E305F,305,E,F,0.022500908210219,Coiled-coil
E305G,305,E,G,0.0177025308791461,Coiled-coil
E305H,305,E,H,0.0316382598692177,Coiled-coil
E305I,305,E,I,0.0087104928554115,Coiled-coil
E305K,305,E,K,0.0152798801162495,Coiled-coil
E305L,305,E,L,0.0394352446112846,Coiled-coil
E305M,305,E,M,0.0148923770888821,Coiled-coil
E305N,305,E,N,0.0532657725841608,Coiled-coil
E305P,305,E,P,0.0280682368612241,Coiled-coil
E305Q,305,E,Q,0.0,Coiled-coil
E305R,305,E,R,0.0139902216032937,Coiled-coil
E305S,305,E,S,0.0331330225236135,Coiled-coil
E305T,305,E,T,0.033428190845241,Coiled-coil
E305V,305,E,V,0.0423278941632357,Coiled-coil
E305W,305,E,W,0.0143557762170017,Coiled-coil
E305Y,305,E,Y,0.0433049769920078,Coiled-coil
R306A,306,R,A,0.0264887079195945,Coiled-coil
R306C,306,R,C,0.0070583070961506,Coiled-coil
R306D,306,R,D,0.0202523310729004,Coiled-coil
R306E,306,R,E,0.0398197202712521,Coiled-coil
R306F,306,R,F,0.024210613950109,Coiled-coil
R306G,306,R,G,0.0312182126422877,Coiled-coil
R306H,306,R,H,0.0279471421651746,Coiled-coil
R306I,306,R,I,0.0296061395010913,Coiled-coil
R306K,306,R,K,0.007990736255752,Coiled-coil
R306L,306,R,L,0.024763865342698,Coiled-coil
R306M,306,R,M,0.0199609469605245,Coiled-coil
R306N,306,R,N,0.0,Coiled-coil
R306P,306,R,P,0.0412410692661662,Coiled-coil
R306Q,306,R,Q,0.0020480140469847,Coiled-coil
R306S,306,R,S,0.0275831012351673,Coiled-coil
R306T,306,R,T,0.0256092576895146,Coiled-coil
R306V,306,R,V,0.0267483046742567,Coiled-coil
R306W,306,R,W,0.039404214095424,Coiled-coil
R306Y,306,R,Y,0.0306044139016725,Coiled-coil
L307A,307,L,A,0.0053425466214579,Coiled-coil
L307C,307,L,C,0.0225523734560412,Coiled-coil
L307D,307,L,D,0.0027200896100736,Coiled-coil
L307E,307,L,E,0.0154706042625319,Coiled-coil
L307F,307,L,F,0.0153268043109712,Coiled-coil
L307G,307,L,G,0.0164113586824883,Coiled-coil
L307H,307,L,H,0.0180272160329377,Coiled-coil
L307I,307,L,I,0.0175617582949852,Coiled-coil
L307K,307,L,K,0.0,Coiled-coil
L307M,307,L,M,0.0144148098813258,Coiled-coil
L307N,307,L,N,0.0226197323807203,Coiled-coil
L307P,307,L,P,0.0536154335190119,Coiled-coil
L307Q,307,L,Q,0.0074019132961962,Coiled-coil
L307R,307,L,R,0.0200638774521676,Coiled-coil
L307S,307,L,S,0.0210492855412919,Coiled-coil
L307T,307,L,T,0.0162266892710085,Coiled-coil
L307V,307,L,V,0.0135474691208511,Coiled-coil
L307W,307,L,W,0.03956012351659,Coiled-coil
L307Y,307,L,Y,0.0124810789537404,Coiled-coil
R308A,308,R,A,0.0053327076774037,Coiled-coil
R308C,308,R,C,0.0138388532332284,Coiled-coil
R308D,308,R,D,0.0197687091305401,Coiled-coil
R308E,308,R,E,0.0137079195931204,Coiled-coil
R308F,308,R,F,0.0186705316057142,Coiled-coil
R308G,308,R,G,0.0156151610559443,Coiled-coil
R308H,308,R,H,0.0375484378784195,Coiled-coil
R308I,308,R,I,0.0173808730927571,Coiled-coil
R308K,308,R,K,0.0,Coiled-coil
R308L,308,R,L,0.0128065209493824,Coiled-coil
R308M,308,R,M,0.0289310365705968,Coiled-coil
R308N,308,R,N,0.0271865161055946,Coiled-coil
R308P,308,R,P,0.0154539537418247,Coiled-coil
R308Q,308,R,Q,0.0034110862194221,Coiled-coil
R308S,308,R,S,0.0182414022765789,Coiled-coil
R308T,308,R,T,0.0166452228142407,Coiled-coil
R308V,308,R,V,0.0177744308549271,Coiled-coil
R308W,308,R,W,0.0216880600629692,Coiled-coil
R308Y,308,R,Y,0.0118090033906515,Coiled-coil
F309A,309,F,A,0.0279736316299346,Coiled-coil
F309C,309,F,C,0.030862496972634,Coiled-coil
F309D,309,F,D,0.0297923225962717,Coiled-coil
F309E,309,F,E,0.0474910692661662,Coiled-coil
F309G,309,F,G,0.0488912266892724,Coiled-coil
F309H,309,F,H,0.0275664507144601,Coiled-coil
F309I,309,F,I,0.0278850811334478,Coiled-coil
F309K,309,F,K,0.0400656938726098,Coiled-coil
F309L,309,F,L,0.0295206163720043,Coiled-coil
F309M,309,F,M,0.0236384415112618,Coiled-coil
F309N,309,F,N,0.0282271736497941,Coiled-coil
F309P,309,F,P,0.0618930128360392,Coiled-coil
F309Q,309,F,Q,0.0281522463066118,Coiled-coil
F309R,309,F,R,0.0611361709857123,Coiled-coil
F309S,309,F,S,0.0247063453620745,Coiled-coil
F309T,309,F,T,0.0359280394768709,Coiled-coil
F309V,309,F,V,0.0,Coiled-coil
F309W,309,F,W,0.0271645676919365,Coiled-coil
F309Y,309,F,Y,0.0224191692903851,Coiled-coil
L310A,310,L,A,0.0,Coiled-coil
L310C,310,L,C,0.0061228505691464,Coiled-coil
L310D,310,L,D,0.0216002664083327,Coiled-coil
L310E,310,L,E,0.0213406696536706,Coiled-coil
L310F,310,L,F,0.0294979111164945,Coiled-coil
L310G,310,L,G,0.0120595180431111,Coiled-coil
L310H,310,L,H,0.0127035904577379,Coiled-coil
L310I,310,L,I,0.0291240312424316,Coiled-coil
L310K,310,L,K,0.0288016166141937,Coiled-coil
L310M,310,L,M,0.0163167534512002,Coiled-coil
L310N,310,L,N,0.0178728202954724,Coiled-coil
L310P,310,L,P,0.0374326410753223,Coiled-coil
L310Q,310,L,Q,0.0013804795349977,Coiled-coil
L310R,310,L,R,0.0108682489706951,Coiled-coil
L310S,310,L,S,0.043474509566481,Coiled-coil
L310T,310,L,T,0.0003322535722935,Coiled-coil
L310V,310,L,V,0.002698141196417,Coiled-coil
L310W,310,L,W,0.0344052736740145,Coiled-coil
L310Y,310,L,Y,0.0287493945265197,Coiled-coil
Q311A,311,Q,A,0.0151005085977234,Coiled-coil
Q311C,311,Q,C,0.0085402034390879,Coiled-coil
Q311D,311,Q,D,0.0222284451441027,Coiled-coil
Q311E,311,Q,E,0.0068577440058125,Coiled-coil
Q311F,311,Q,F,0.0092168200532802,Coiled-coil
Q311G,311,Q,G,0.0218401852748835,Coiled-coil
Q311H,311,Q,H,0.0163455134415098,Coiled-coil
Q311I,311,Q,I,0.0198670985710826,Coiled-coil
Q311K,311,Q,K,0.0281984136594803,Coiled-coil
Q311L,311,Q,L,0.0,Coiled-coil
Q311M,311,Q,M,0.0067374061516105,Coiled-coil
Q311N,311,Q,N,0.0004291293291339,Coiled-coil
Q311P,311,Q,P,0.0171432247517558,Coiled-coil
Q311R,311,Q,R,0.004015046015983,Coiled-coil
Q311S,311,Q,S,0.0090662085250666,Coiled-coil
Q311T,311,Q,T,0.0047643194478067,Coiled-coil
Q311V,311,Q,V,0.0047877815451683,Coiled-coil
Q311W,311,Q,W,0.0222534209251635,Coiled-coil
Q311Y,311,Q,Y,0.0140749878905304,Coiled-coil
E312A,312,E,A,0.018426828529909,Coiled-coil
E312C,312,E,C,0.0375522220876726,Coiled-coil
E312D,312,E,D,0.014752361346573,Coiled-coil
E312F,312,E,F,0.014787176071688,Coiled-coil
E312G,312,E,G,0.0248660389924907,Coiled-coil
E312H,312,E,H,0.0207117340760474,Coiled-coil
E312I,312,E,I,0.0298899551949625,Coiled-coil
E312K,312,E,K,0.0131198534754177,Coiled-coil
E312L,312,E,L,0.0140454710583662,Coiled-coil
E312M,312,E,M,0.0074874364252845,Coiled-coil
E312N,312,E,N,0.0426979898280441,Coiled-coil
E312P,312,E,P,0.0410147735529184,Coiled-coil
E312Q,312,E,Q,0.0210841002664069,Coiled-coil
E312R,312,E,R,0.0,Coiled-coil
E312S,312,E,S,0.0206905425042369,Coiled-coil
E312T,312,E,T,0.0042368006781288,Coiled-coil
E312V,312,E,V,0.0171470089610061,Coiled-coil
E312W,312,E,W,0.0279145979656091,Coiled-coil
E312Y,312,E,Y,0.014304310971178,Coiled-coil
I313A,313,I,A,0.0206027488496018,Coiled-coil
I313C,313,I,C,0.0,Coiled-coil
I313D,313,I,D,0.0193539597965623,Coiled-coil
I313E,313,I,E,0.0311016589973373,Coiled-coil
I313F,313,I,F,0.0062378905303947,Coiled-coil
I313G,313,I,G,0.0607093121821265,Coiled-coil
I313H,313,I,H,0.0358909542262049,Coiled-coil
I313K,313,I,K,0.0140568236861239,Coiled-coil
I313L,313,I,L,0.0177449140227658,Coiled-coil
I313M,313,I,M,0.0260989343666747,Coiled-coil
I313N,313,I,N,0.0390976931460416,Coiled-coil
I313P,313,I,P,0.0347927767013819,Coiled-coil
I313Q,313,I,Q,0.01368067328651,Coiled-coil
I313R,313,I,R,0.0113503572293547,Coiled-coil
I313S,313,I,S,0.0278381569387261,Coiled-coil
I313T,313,I,T,0.0190913356744974,Coiled-coil
I313V,313,I,V,0.0458631024461143,Coiled-coil
I313W,313,I,W,0.0202515742310501,Coiled-coil
I313Y,313,I,Y,0.0171447384354579,Coiled-coil
D314A,314,D,A,0.0155591547590201,Coiled-coil
D314C,314,D,C,0.0262101901186728,Coiled-coil
D314E,314,D,E,0.0030122305643012,Coiled-coil
D314F,314,D,F,0.0186826410753195,Coiled-coil
D314G,314,D,G,0.031444508355534,Coiled-coil
D314H,314,D,H,0.0037546924194706,Coiled-coil
D314I,314,D,I,0.035547348026155,Coiled-coil
D314K,314,D,K,0.0298453015257932,Coiled-coil
D314L,314,D,L,0.0314952167595045,Coiled-coil
D314M,314,D,M,0.0200404153548074,Coiled-coil
D314N,314,D,N,0.0127807883264713,Coiled-coil
D314P,314,D,P,0.0413281060789538,Coiled-coil
D314Q,314,D,Q,0.0062219968515365,Coiled-coil
D314R,314,D,R,0.0155614252845725,Coiled-coil
D314S,314,D,S,0.0171719847420683,Coiled-coil
D314T,314,D,T,0.0,Coiled-coil
D314V,314,D,V,0.0083517498183579,Coiled-coil
D314W,314,D,W,0.0113087309275839,Coiled-coil
D314Y,314,D,Y,0.0315436546379254,Coiled-coil
K315A,315,K,A,0.0183776338096377,Coiled-coil
K315C,315,K,C,0.0315466820053268,Coiled-coil
K315D,315,K,D,0.0448731533058838,Coiled-coil
K315E,315,K,E,0.0224456587551465,Coiled-coil
K315F,315,K,F,0.0458192056187939,Coiled-coil
K315G,315,K,G,0.0451138290142878,Coiled-coil
K315H,315,K,H,0.0313960704771131,Coiled-coil
K315I,315,K,I,0.042672257205133,Coiled-coil
K315L,315,K,L,0.0246571506418005,Coiled-coil
K315M,315,K,M,0.0236164930976009,Coiled-coil
K315N,315,K,N,0.0,Coiled-coil
K315P,315,K,P,0.0558882295955437,Coiled-coil
K315Q,315,K,Q,0.0380691450714459,Coiled-coil
K315R,315,K,R,0.032747790021797,Coiled-coil
K315S,315,K,S,0.0290105049648811,Coiled-coil
K315T,315,K,T,0.0227400702349237,Coiled-coil
K315V,315,K,V,0.0437696778881085,Coiled-coil
K315W,315,K,W,0.049680612739162,Coiled-coil
K315Y,315,K,Y,0.0175382961976265,Coiled-coil
I316A,316,I,A,0.0391567268103657,Coiled-coil
I316C,316,I,C,0.0174663962218469,Coiled-coil
I316D,316,I,D,0.0265439573746684,Coiled-coil
I316E,316,I,E,0.035732774279488,Coiled-coil
I316F,316,I,F,0.0122101295713247,Coiled-coil
I316G,316,I,G,0.0613450593364024,Coiled-coil
I316H,316,I,H,0.0130252482441283,Coiled-coil
I316K,316,I,K,0.0030409905546151,Coiled-coil
I316L,316,I,L,0.0,Coiled-coil
I316M,316,I,M,0.0134150217970453,Coiled-coil
I316N,316,I,N,0.0086507023492385,Coiled-coil
I316P,316,I,P,0.0335182550254313,Coiled-coil
I316Q,316,I,Q,0.0305219181399855,Coiled-coil
I316R,316,I,R,0.0270343908936788,Coiled-coil
I316S,316,I,S,0.0259725417776715,Coiled-coil
I316T,316,I,T,0.0328340699927343,Coiled-coil
I316V,316,I,V,0.0090291232744005,Coiled-coil
I316W,316,I,W,0.0216956284814725,Coiled-coil
I316Y,316,I,Y,0.0118460886413175,Coiled-coil
K317A,317,K,A,0.0348419714216503,Coiled-coil
K317C,317,K,C,0.0142112194235892,Coiled-coil
K317D,317,K,D,0.0319485650278518,Coiled-coil
K317E,317,K,E,0.0268648583192042,Coiled-coil
K317F,317,K,F,0.0337770949382417,Coiled-coil
K317G,317,K,G,0.0107403426979898,Coiled-coil
K317H,317,K,H,0.0342607168806006,Coiled-coil
K317I,317,K,I,0.0188113041898765,Coiled-coil
K317L,317,K,L,0.0022773371276338,Coiled-coil
K317M,317,K,M,0.0,Coiled-coil
K317N,317,K,N,0.0268777246306598,Coiled-coil
K317P,317,K,P,0.0435229474449005,Coiled-coil
K317Q,317,K,Q,0.006676858803583,Coiled-coil
K317R,317,K,R,0.0131766166141923,Coiled-coil
K317S,317,K,S,0.0166686849116008,Coiled-coil
K317T,317,K,T,0.0159012472753693,Coiled-coil
K317V,317,K,V,0.0629192903850812,Coiled-coil
K317W,317,K,W,0.0302767013804795,Coiled-coil
K317Y,317,K,Y,0.0056725296682005,Coiled-coil
L318A,318,L,A,0.0193653124243172,Coiled-coil
L318C,318,L,C,0.0174777488496018,Coiled-coil
L318D,318,L,D,0.0,Coiled-coil
L318E,318,L,E,0.0113942540566737,Coiled-coil
L318F,318,L,F,0.0236785541293305,Coiled-coil
L318G,318,L,G,0.019893588035844,Coiled-coil
L318H,318,L,H,0.0256175829498682,Coiled-coil
L318I,318,L,I,0.0386057459433291,Coiled-coil
L318K,318,L,K,0.0244013380963914,Coiled-coil
L318M,318,L,M,0.0222254177767028,Coiled-coil
L318N,318,L,N,0.0011731048680081,Coiled-coil
L318P,318,L,P,0.0528631327197883,Coiled-coil
L318Q,318,L,Q,0.0122532695567934,Coiled-coil
L318R,318,L,R,0.0076524279486558,Coiled-coil
L318S,318,L,S,0.034779153548076,Coiled-coil
L318T,318,L,T,0.0341880600629692,Coiled-coil
L318V,318,L,V,0.0272849055461371,Coiled-coil
L318W,318,L,W,0.0096921167352884,Coiled-coil
L318Y,318,L,Y,0.0107872668927115,Coiled-coil
V319A,319,V,A,0.0,Coiled-coil
V319C,319,V,C,0.0111127088883492,Coiled-coil
V319D,319,V,D,0.0182239949140213,Coiled-coil
V319E,319,V,E,0.0078507205134415,Coiled-coil
V319F,319,V,F,0.0189323988859288,Coiled-coil
V319G,319,V,G,0.0207041656575442,Coiled-coil
V319H,319,V,H,0.0288780576410753,Coiled-coil
V319I,319,V,I,0.0144587067086447,Coiled-coil
V319K,319,V,K,0.0111732562363754,Coiled-coil
V319L,319,V,L,0.0057928675224011,Coiled-coil
V319M,319,V,M,0.0152813937999515,Coiled-coil
V319N,319,V,N,0.0099721482199079,Coiled-coil
V319P,319,V,P,0.0230481048680068,Coiled-coil
V319Q,319,V,Q,0.0206496730443206,Coiled-coil
V319R,319,V,R,0.0032506357471542,Coiled-coil
V319S,319,V,S,0.01428236255752,Coiled-coil
V319T,319,V,T,0.004174739646402,Coiled-coil
V319W,319,V,W,0.0197081617825139,Coiled-coil
V319Y,319,V,Y,0.0183670380237345,Coiled-coil
L320A,320,L,A,0.016884384838944,Coiled-coil
L320C,320,L,C,0.0207972572051344,Coiled-coil
L320D,320,L,D,0.0384233470573989,Coiled-coil
L320E,320,L,E,0.0203098510535238,Coiled-coil
L320F,320,L,F,0.0330944235892454,Coiled-coil
L320G,320,L,G,0.0114805340276081,Coiled-coil
L320H,320,L,H,0.0087506054734788,Coiled-coil
L320I,320,L,I,0.0164211976265425,Coiled-coil
L320K,320,L,K,0.0044275248244126,Coiled-coil
L320M,320,L,M,0.0286260293049164,Coiled-coil
L320N,320,L,N,0.0303622245095665,Coiled-coil
L320P,320,L,P,0.048099570113829,Coiled-coil
L320Q,320,L,Q,0.0,Coiled-coil
L320R,320,L,R,0.0361687151852749,Coiled-coil
L320S,320,L,S,0.0385474691208525,Coiled-coil
L320T,320,L,T,0.0143171772826336,Coiled-coil
L320V,320,L,V,0.0124409663356731,Coiled-coil
L320W,320,L,W,0.0360226447081604,Coiled-coil
L320Y,320,L,Y,0.0239638835069024,Coiled-coil
Y321A,321,Y,A,0.0296091668684912,Coiled-coil
Y321C,321,Y,C,0.0435343000726582,Coiled-coil
Y321D,321,Y,D,0.033701410753209,Coiled-coil
Y321E,321,Y,E,0.0237928372487285,Coiled-coil
Y321F,321,Y,F,0.0595256115282165,Coiled-coil
Y321G,321,Y,G,0.0297257205134429,Coiled-coil
Y321H,321,Y,H,0.0271479171712293,Coiled-coil
Y321I,321,Y,I,0.0490668139985483,Coiled-coil
Y321K,321,Y,K,0.0,Coiled-coil
Y321L,321,Y,L,0.0421886352627755,Coiled-coil
Y321M,321,Y,M,0.0278654032453393,Coiled-coil
Y321N,321,Y,N,0.03295970573989,Coiled-coil
Y321P,321,Y,P,0.059256932671349,Coiled-coil
Y321Q,321,Y,Q,0.0256001755873093,Coiled-coil
Y321R,321,Y,R,0.0176117098571096,Coiled-coil
Y321S,321,Y,S,0.0498713368854444,Coiled-coil
Y321T,321,Y,T,0.0287017134899505,Coiled-coil
Y321V,321,Y,V,0.0398825381448293,Coiled-coil
Y321W,321,Y,W,0.0418245943327682,Coiled-coil
L322A,322,L,A,0.0087331981109213,Coiled-coil
L322C,322,L,C,0.0115017255994173,Coiled-coil
L322D,322,L,D,0.021470846451924,Coiled-coil
L322E,322,L,E,0.005010293049163,Coiled-coil
L322F,322,L,F,0.0060607895374182,Coiled-coil
L322G,322,L,G,0.0149211370791945,Coiled-coil
L322H,322,L,H,0.0055188907725841,Coiled-coil
L322I,322,L,I,0.0255524945507387,Coiled-coil
L322K,322,L,K,0.0068865039961235,Coiled-coil
L322M,322,L,M,0.0201206405909421,Coiled-coil
L322N,322,L,N,0.0176556066844272,Coiled-coil
L322P,322,L,P,0.0424550435940906,Coiled-coil
L322Q,322,L,Q,0.0018921046258159,Coiled-coil
L322R,322,L,R,0.0063249273431823,Coiled-coil
L322S,322,L,S,0.0,Coiled-coil
L322T,322,L,T,0.0120633022523613,Coiled-coil
L322V,322,L,V,0.0271857592637428,Coiled-coil
L322W,322,L,W,0.0202001089852264,Coiled-coil
L322Y,322,L,Y,0.0061236074109939,Coiled-coil
E323A,323,E,A,0.0151678675224025,Coiled-coil
E323C,323,E,C,0.0272758234439346,Coiled-coil
E323D,323,E,D,0.0266385626059578,Coiled-coil
E323F,323,E,F,0.0348291051101976,Coiled-coil
E323G,323,E,G,0.0583820234923711,Coiled-coil
E323H,323,E,H,0.0241046560910632,Coiled-coil
E323I,323,E,I,0.0216653548074608,Coiled-coil
E323K,323,E,K,0.0284776883022524,Coiled-coil
E323L,323,E,L,0.0377262957132492,Coiled-coil
E323M,323,E,M,0.0095589125696308,Coiled-coil
E323N,323,E,N,0.0230397796076532,Coiled-coil
E323P,323,E,P,0.0377308367643511,Coiled-coil
E323Q,323,E,Q,0.0057194538629208,Coiled-coil
E323R,323,E,R,0.0268512351659011,Coiled-coil
E323S,323,E,S,0.0,Coiled-coil
E323T,323,E,T,0.0283179946718334,Coiled-coil
E323V,323,E,V,0.0282347420682988,Coiled-coil
E323W,323,E,W,0.0181626907241463,Coiled-coil
E323Y,323,E,Y,0.0228142407362571,Coiled-coil
K324A,324,K,A,0.02708661298135,Coiled-coil
K324C,324,K,C,0.0323920743521434,Coiled-coil
K324D,324,K,D,0.0500052978929523,Coiled-coil
K324E,324,K,E,0.019926889077257,Coiled-coil
K324F,324,K,F,0.0240577318963429,Coiled-coil
K324G,324,K,G,0.0324828953741826,Coiled-coil
K324H,324,K,H,0.0364623698232017,Coiled-coil
K324I,324,K,I,0.012730079922498,Coiled-coil
K324L,324,K,L,0.0487413720029063,Coiled-coil
K324M,324,K,M,0.0464413296197613,Coiled-coil
K324N,324,K,N,0.0264266468878649,Coiled-coil
K324P,324,K,P,0.0710167413417293,Coiled-coil
K324Q,324,K,Q,0.0060509505933626,Coiled-coil
K324R,324,K,R,0.0179144465972376,Coiled-coil
K324S,324,K,S,0.0,Coiled-coil
K324T,324,K,T,0.0256153124243144,Coiled-coil
K324V,324,K,V,0.013840366916929,Coiled-coil
K324W,324,K,W,0.0393595604262533,Coiled-coil
K324Y,324,K,Y,0.0311644768709116,Coiled-coil
E325A,325,E,A,0.0252043472995897,Coiled-coil
E325C,325,E,C,0.02279759021555,Coiled-coil
E325D,325,E,D,0.0320295471058368,Coiled-coil
E325F,325,E,F,0.0062704347299602,Coiled-coil
E325G,325,E,G,0.0485135626059579,Coiled-coil
E325H,325,E,H,0.0232441269072414,Coiled-coil
E325I,325,E,I,0.0441216093485105,Coiled-coil
E325K,325,E,K,0.0034209251634778,Coiled-coil
E325L,325,E,L,0.0176487951077743,Coiled-coil
E325M,325,E,M,0.0394148098813272,Coiled-coil
E325N,325,E,N,0.0369724812303221,Coiled-coil
E325P,325,E,P,0.0439127209978203,Coiled-coil
E325Q,325,E,Q,0.01052918382175,Coiled-coil
E325R,325,E,R,0.0085727476386548,Coiled-coil
E325S,325,E,S,0.0139864373940421,Coiled-coil
E325T,325,E,T,0.0,Coiled-coil
E325V,325,E,V,0.025559306127393,Coiled-coil
E325W,325,E,W,0.0277208464519268,Coiled-coil
E325Y,325,E,Y,0.0211461612981351,Coiled-coil
K326A,326,K,A,0.022074049406636,Coiled-coil
K326C,326,K,C,0.0177880540082344,Coiled-coil
K326D,326,K,D,0.0190784693630419,Coiled-coil
K326E,326,K,E,0.0298581678372501,Coiled-coil
K326F,326,K,F,0.024564815936062,Coiled-coil
K326G,326,K,G,0.0640621215790763,Coiled-coil
K326H,326,K,H,0.0284678493581995,Coiled-coil
K326I,326,K,I,0.0081701077742809,Coiled-coil
K326L,326,K,L,0.0272160329377573,Coiled-coil
K326M,326,K,M,0.0101220029062727,Coiled-coil
K326N,326,K,N,0.0301866372002906,Coiled-coil
K326P,326,K,P,0.0450078711552448,Coiled-coil
K326Q,326,K,Q,0.0187310789537432,Coiled-coil
K326R,326,K,R,0.0,Coiled-coil
K326S,326,K,S,0.0093326168563831,Coiled-coil
K326T,326,K,T,0.0173407604746926,Coiled-coil
K326V,326,K,V,0.0244603717607169,Coiled-coil
K326W,326,K,W,0.0075933942843317,Coiled-coil
K326Y,326,K,Y,0.0387404637926873,Coiled-coil
Y327A,327,Y,A,0.0358659784451455,Coiled-coil
Y327C,327,Y,C,0.0147228445144102,Coiled-coil
Y327D,327,Y,D,0.0156772220876725,Coiled-coil
Y327E,327,Y,E,0.0,Coiled-coil
Y327F,327,Y,F,0.0177403729716652,Coiled-coil
Y327G,327,Y,G,0.0377550557035616,Coiled-coil
Y327H,327,Y,H,0.0387828469363056,Coiled-coil
Y327I,327,Y,I,0.0234030636958101,Coiled-coil
Y327K,327,Y,K,0.025406424073627,Coiled-coil
Y327L,327,Y,L,0.0222428251392603,Coiled-coil
Y327M,327,Y,M,0.0280205558246563,Coiled-coil
Y327N,327,Y,N,0.0309449927343182,Coiled-coil
Y327P,327,Y,P,0.0419683942843318,Coiled-coil
Y327Q,327,Y,Q,0.0188960704771145,Coiled-coil
Y327R,327,Y,R,0.02009263744248,Coiled-coil
Y327S,327,Y,S,0.0310040263986437,Coiled-coil
Y327T,327,Y,T,0.0208502361346573,Coiled-coil
Y327V,327,Y,V,0.0271880297892966,Coiled-coil
Y327W,327,Y,W,0.0279040021797045,Coiled-coil
Y328A,328,Y,A,0.0221134051828516,Coiled-coil
Y328C,328,Y,C,0.0214980927585357,Coiled-coil
Y328D,328,Y,D,0.0107380721724388,Coiled-coil
Y328E,328,Y,E,0.0127104020343895,Coiled-coil
Y328F,328,Y,F,0.0263888047953485,Coiled-coil
Y328G,328,Y,G,0.0060418684911586,Coiled-coil
Y328H,328,Y,H,0.0294146585129557,Coiled-coil
Y328I,328,Y,I,0.0016998667958329,Coiled-coil
Y328K,328,Y,K,0.0210371760716866,Coiled-coil
Y328L,328,Y,L,0.0046651731654139,Coiled-coil
Y328M,328,Y,M,0.0072482744005798,Coiled-coil
Y328N,328,Y,N,0.0014667595059322,Coiled-coil
Y328P,328,Y,P,0.0401618127875985,Coiled-coil
Y328Q,328,Y,Q,0.0229966396221845,Coiled-coil
Y328R,328,Y,R,0.0011133143618309,Coiled-coil
Y328S,328,Y,S,0.026817177282635,Coiled-coil
Y328T,328,Y,T,0.0157097662872352,Coiled-coil
Y328V,328,Y,V,0.0,Coiled-coil
Y328W,328,Y,W,0.0234567994671833,Coiled-coil
Q329A,329,Q,A,0.0035518588035829,Coiled-coil
Q329C,329,Q,C,0.0345929704528942,Coiled-coil
Q329D,329,Q,D,0.0252868430612739,Coiled-coil
Q329E,329,Q,E,0.0223048861709843,Coiled-coil
Q329F,329,Q,F,0.0320704165657544,Coiled-coil
Q329G,329,Q,G,0.0338262896585115,Coiled-coil
Q329H,329,Q,H,0.0240123213853233,Coiled-coil
Q329I,329,Q,I,0.0412032271736498,Coiled-coil
Q329K,329,Q,K,0.029385141680793,Coiled-coil
Q329L,329,Q,L,0.0,Coiled-coil
Q329M,329,Q,M,0.0107683458464519,Coiled-coil
Q329N,329,Q,N,0.0269019435698716,Coiled-coil
Q329P,329,Q,P,0.0621768285299104,Coiled-coil
Q329R,329,Q,R,0.0118604686364723,Coiled-coil
Q329S,329,Q,S,0.0204657604746898,Coiled-coil
Q329T,329,Q,T,0.0264243763623153,Coiled-coil
Q329V,329,Q,V,0.0048104868006781,Coiled-coil
Q329W,329,Q,W,0.0484265257931689,Coiled-coil
Q329Y,329,Q,Y,0.0199064543472982,Coiled-coil
E330A,330,E,A,0.0226144344877694,Coiled-coil
E330C,330,E,C,0.0087604444175331,Coiled-coil
E330D,330,E,D,0.0052729171712264,Coiled-coil
E330F,330,E,F,0.018693236861224,Coiled-coil
E330G,330,E,G,0.0086809760232487,Coiled-coil
E330H,330,E,H,0.0254563756357471,Coiled-coil
E330I,330,E,I,0.0242885686606926,Coiled-coil
E330K,330,E,K,0.0294948837490904,Coiled-coil
E330L,330,E,L,0.0175678130297879,Coiled-coil
E330M,330,E,M,0.0229784754177767,Coiled-coil
E330N,330,E,N,0.020355261564542,Coiled-coil
E330P,330,E,P,0.033469817147009,Coiled-coil
E330Q,330,E,Q,0.0193153608621928,Coiled-coil
E330R,330,E,R,0.0,Coiled-coil
E330S,330,E,S,0.0236021131024447,Coiled-coil
E330T,330,E,T,0.0173604383627983,Coiled-coil
E330V,330,E,V,0.0141786752240237,Coiled-coil
E330W,330,E,W,0.0294101174618538,Coiled-coil
E330Y,330,E,Y,0.0366076834584645,Coiled-coil
Y331A,331,Y,A,0.0193857471542732,Coiled-coil
Y331C,331,Y,C,0.0200457132477597,Coiled-coil
Y331D,331,Y,D,0.0033323746669881,Coiled-coil
Y331E,331,Y,E,0.0338664022765803,Coiled-coil
Y331F,331,Y,F,0.0136208827803328,Coiled-coil
Y331G,331,Y,G,0.0276973843545653,Coiled-coil
Y331H,331,Y,H,0.0271297529668186,Coiled-coil
Y331I,331,Y,I,0.0,Coiled-coil
Y331K,331,Y,K,0.0095066904819554,Coiled-coil
Y331L,331,Y,L,0.0158369157180901,Coiled-coil
Y331M,331,Y,M,0.0139198353112133,Coiled-coil
Y331N,331,Y,N,0.019366826108015,Coiled-coil
Y331P,331,Y,P,0.0160904577379511,Coiled-coil
Y331Q,331,Y,Q,0.0208320719302494,Coiled-coil
Y331R,331,Y,R,0.0039181702591426,Coiled-coil
Y331S,331,Y,S,0.0171629026398644,Coiled-coil
Y331T,331,Y,T,0.008172378299829,Coiled-coil
Y331V,331,Y,V,0.016795077500604,Coiled-coil
Y331W,331,Y,W,0.0288129692419458,Coiled-coil
K332A,332,K,A,0.0335061455558261,Coiled-coil
K332C,332,K,C,0.0210886413175117,Coiled-coil
K332D,332,K,D,0.0156537599903124,Coiled-coil
K332E,332,K,E,0.0180287297166398,Coiled-coil
K332F,332,K,F,0.0,Coiled-coil
K332G,332,K,G,0.0290347239040944,Coiled-coil
K332H,332,K,H,0.0162849660934865,Coiled-coil
K332I,332,K,I,0.0197611407120368,Coiled-coil
K332L,332,K,L,0.0213883506902412,Coiled-coil
K332M,332,K,M,0.0176457677403729,Coiled-coil
K332N,332,K,N,0.0339821990796803,Coiled-coil
K332P,332,K,P,0.0196635081133446,Coiled-coil
K332Q,332,K,Q,0.023068539597967,Coiled-coil
K332R,332,K,R,0.0336628118188423,Coiled-coil
K332S,332,K,S,0.0117318055219195,Coiled-coil
K332T,332,K,T,0.0427585371760717,Coiled-coil
K332V,332,K,V,0.0208063393073383,Coiled-coil
K332W,332,K,W,0.0400831012351659,Coiled-coil
K332Y,332,K,Y,0.0311024158391876,Coiled-coil
N333A,333,N,A,0.014122668927101,Coiled-coil
N333C,333,N,C,0.0234840457737951,Coiled-coil
N333D,333,N,D,0.0270154698474207,Coiled-coil
N333E,333,N,E,0.025550980867038,Coiled-coil
N333F,333,N,F,0.0233705194962446,Coiled-coil
N333G,333,N,G,0.0144322172438847,Coiled-coil
N333H,333,N,H,0.0424467183337356,Coiled-coil
N333I,333,N,I,0.0162637745216759,Coiled-coil
N333K,333,N,K,0.0085606381690467,Coiled-coil
N333L,333,N,L,0.0,Coiled-coil
N333M,333,N,M,0.0114903729716638,Coiled-coil
N333P,333,N,P,0.0061077137321385,Coiled-coil
N333Q,333,N,Q,0.0425269435698717,Coiled-coil
N333R,333,N,R,0.0139493521433747,Coiled-coil
N333S,333,N,S,0.0056717728263502,Coiled-coil
N333T,333,N,T,0.0140204952773068,Coiled-coil
N333V,333,N,V,0.0110612436425284,Coiled-coil
N333W,333,N,W,0.0498963126665052,Coiled-coil
N333Y,333,N,Y,0.0309132053766031,Coiled-coil
F334A,334,F,A,0.0053697929280697,Coiled-coil
F334C,334,F,C,0.0365198898038252,Coiled-coil
F334D,334,F,D,0.0039567691935093,Coiled-coil
F334E,334,F,E,0.0207351961734076,Coiled-coil
F334G,334,F,G,0.0124916747396464,Coiled-coil
F334H,334,F,H,0.0343560789537404,Coiled-coil
F334I,334,F,I,0.0270782877209964,Coiled-coil
F334K,334,F,K,0.0208608319205605,Coiled-coil
F334L,334,F,L,0.0133817207556295,Coiled-coil
F334M,334,F,M,0.0307527549043338,Coiled-coil
F334N,334,F,N,0.0088558064906743,Coiled-coil
F334P,334,F,P,0.0148462097360121,Coiled-coil
F334Q,334,F,Q,0.0073739101477355,Coiled-coil
F334R,334,F,R,0.0309669411479763,Coiled-coil
F334S,334,F,S,0.0,Coiled-coil
F334T,334,F,T,0.0111437394042127,Coiled-coil
F334V,334,F,V,0.0288931944780804,Coiled-coil
F334W,334,F,W,0.0195885807701608,Coiled-coil
F334Y,334,F,Y,0.0180438665536435,Coiled-coil
E335A,335,E,A,0.0214784148704287,Coiled-coil
E335C,335,E,C,0.0450880963913795,Coiled-coil
E335D,335,E,D,0.0049679099055461,Coiled-coil
E335F,335,E,F,0.0400838580770162,Coiled-coil
E335G,335,E,G,0.0236717425526776,Coiled-coil
E335H,335,E,H,0.0239759929765076,Coiled-coil
E335I,335,E,I,0.0116319023976764,Coiled-coil
E335K,335,E,K,0.0161502482441269,Coiled-coil
E335L,335,E,L,0.0169858016468893,Coiled-coil
E335M,335,E,M,0.0531522463066132,Coiled-coil
E335N,335,E,N,0.0,Coiled-coil
E335P,335,E,P,0.0210243097602339,Coiled-coil
E335Q,335,E,Q,0.0347117946233969,Coiled-coil
E335R,335,E,R,0.035004692419472,Coiled-coil
E335S,335,E,S,0.0218235347541792,Coiled-coil
E335T,335,E,T,0.0592516347783982,Coiled-coil
E335V,335,E,V,0.0233447868733363,Coiled-coil
E335W,335,E,W,0.0458245035117476,Coiled-coil
E335Y,335,E,Y,0.0580232804553175,Coiled-coil
N336A,336,N,A,0.0223427282635035,Coiled-coil
N336C,336,N,C,0.0035677524824412,Coiled-coil
N336D,336,N,D,0.0009854080891256,Coiled-coil
N336E,336,N,E,0.0,Coiled-coil
N336F,336,N,F,0.0239994550738692,Coiled-coil
N336G,336,N,G,0.020927434003392,Coiled-coil
N336H,336,N,H,0.0132765197384368,Coiled-coil
N336I,336,N,I,0.0167716154032467,Coiled-coil
N336K,336,N,K,0.0166883627997093,Coiled-coil
N336L,336,N,L,0.0272932308064921,Coiled-coil
N336M,336,N,M,0.0123100326955693,Coiled-coil
N336P,336,N,P,0.0039083313150898,Coiled-coil
N336Q,336,N,Q,0.024494429643983,Coiled-coil
N336R,336,N,R,0.0090207980140484,Coiled-coil
N336S,336,N,S,0.0065027851780092,Coiled-coil
N336T,336,N,T,0.0257939271009944,Coiled-coil
N336V,336,N,V,0.0330838278033436,Coiled-coil
N336W,336,N,W,0.0281931157665308,Coiled-coil
N336Y,336,N,Y,0.0388986437394042,Coiled-coil
D337A,337,D,A,0.0415150460159859,Coiled-coil
D337C,337,D,C,0.0282733410026641,Coiled-coil
D337E,337,D,E,0.0300004541051116,Coiled-coil
D337F,337,D,F,0.0420062363768481,Coiled-coil
D337G,337,D,G,0.0302138835069038,Coiled-coil
D337H,337,D,H,0.0251104989101491,Coiled-coil
D337I,337,D,I,0.0507333797529683,Coiled-coil
D337K,337,D,K,0.0293314059094212,Coiled-coil
D337L,337,D,L,0.0705747457011383,Coiled-coil
D337M,337,D,M,0.0573481775248245,Coiled-coil
D337N,337,D,N,0.0242439149915248,Coiled-coil
D337P,337,D,P,0.0,Coiled-coil
D337Q,337,D,Q,0.0268535056914507,Coiled-coil
D337R,337,D,R,0.033071718333737,Coiled-coil
D337S,337,D,S,0.0564543472995897,Coiled-coil
D337T,337,D,T,0.0113768466941148,Coiled-coil
D337V,337,D,V,0.0549815330588521,Coiled-coil
D337W,337,D,W,0.0505736861225493,Coiled-coil
D337Y,337,D,Y,0.0387192722208767,Coiled-coil
K338A,338,K,A,0.0266022341971422,Coiled-coil
K338C,338,K,C,0.0359424194720285,Coiled-coil
K338D,338,K,D,0.0,Coiled-coil
K338E,338,K,E,0.0315640893678871,Coiled-coil
K338F,338,K,F,0.0610075078711567,Coiled-coil
K338G,338,K,G,0.0224865282150642,Coiled-coil
K338H,338,K,H,0.0466358379752967,Coiled-coil
K338I,338,K,I,0.069148098813272,Coiled-coil
K338L,338,K,L,0.0603672196657801,Coiled-coil
K338M,338,K,M,0.0712574170501333,Coiled-coil
K338N,338,K,N,0.0306089549527745,Coiled-coil
K338P,338,K,P,0.022755963913782,Coiled-coil
K338Q,338,K,Q,0.024686667473966,Coiled-coil
K338R,338,K,R,0.0249084221361118,Coiled-coil
K338S,338,K,S,0.0210674497457011,Coiled-coil
K338T,338,K,T,0.0257939271009944,Coiled-coil
K338V,338,K,V,0.0518860498910162,Coiled-coil
K338W,338,K,W,0.1018663720029078,Coiled-coil
K338Y,338,K,Y,0.0476606018406408,Coiled-coil
K339A,339,K,A,0.0185751695325745,Coiled-coil
K339C,339,K,C,0.0517134899491388,Coiled-coil
K339D,339,K,D,0.0233114858319205,Coiled-coil
K339E,339,K,E,0.0199117522402504,Coiled-coil
K339F,339,K,F,0.0486217909905546,Coiled-coil
K339G,339,K,G,0.030613496003875,Coiled-coil
K339H,339,K,H,0.0131993218697021,Coiled-coil
K339I,339,K,I,0.051025520707193,Coiled-coil
K339L,339,K,L,0.0271070477113102,Coiled-coil
K339M,339,K,M,0.0410851598449974,Coiled-coil
K339N,339,K,N,0.0,Coiled-coil
K339P,339,K,P,0.0308390348752725,Coiled-coil
K339Q,339,K,Q,0.0578431520949383,Coiled-coil
K339R,339,K,R,0.0454733288931945,Coiled-coil
K339S,339,K,S,0.0316851840639366,Coiled-coil
K339T,339,K,T,0.0183223843545652,Coiled-coil
K339V,339,K,V,0.0414446597239041,Coiled-coil
K339W,339,K,W,0.0617386170985697,Coiled-coil
K339Y,339,K,Y,0.0514523795107775,Coiled-coil
K340A,340,K,A,0.0378012230564301,Coiled-coil
K340C,340,K,C,0.0353422438847179,Coiled-coil
K340D,340,K,D,0.0462755812545425,Coiled-coil
K340E,340,K,E,0.0200805279728762,Coiled-coil
K340F,340,K,F,0.0364169593121835,Coiled-coil
K340G,340,K,G,0.0314838641317524,Coiled-coil
K340H,340,K,H,0.0442517861467682,Coiled-coil
K340I,340,K,I,0.0579188362799724,Coiled-coil
K340L,340,K,L,0.0504609166868491,Coiled-coil
K340M,340,K,M,0.0486921772826365,Coiled-coil
K340N,340,K,N,0.0286335977234211,Coiled-coil
K340P,340,K,P,0.0,Coiled-coil
K340Q,340,K,Q,0.0262987406151625,Coiled-coil
K340R,340,K,R,0.0427358319205619,Coiled-coil
K340S,340,K,S,0.0079347299588278,Coiled-coil
K340T,340,K,T,0.0212854201985967,Coiled-coil
K340V,340,K,V,0.0342887200290641,Coiled-coil
K340W,340,K,W,0.0784935819811107,Coiled-coil
K340Y,340,K,Y,0.0449692722208767,Coiled-coil
I341A,341,I,A,0.032826501574231,Coiled-coil
I341C,341,I,C,0.0484076047469121,Coiled-coil
I341D,341,I,D,0.0,Coiled-coil
I341E,341,I,E,0.0271812182126423,Coiled-coil
I341F,341,I,F,0.0742999212884462,Coiled-coil
I341G,341,I,G,0.0274014591910874,Coiled-coil
I341H,341,I,H,0.0202508173891969,Coiled-coil
I341K,341,I,K,0.0171962036812787,Coiled-coil
I341L,341,I,L,0.0732418563816891,Coiled-coil
I341M,341,I,M,0.0367265076289659,Coiled-coil
I341N,341,I,N,0.0264463247759734,Coiled-coil
I341P,341,I,P,0.0211469181399855,Coiled-coil
I341Q,341,I,Q,0.0189240736255738,Coiled-coil
I341R,341,I,R,0.0362610498910134,Coiled-coil
I341S,341,I,S,0.037138986437394,Coiled-coil
I341T,341,I,T,0.0420614858319192,Coiled-coil
I341V,341,I,V,0.0387730079922499,Coiled-coil
I341W,341,I,W,0.0611270888835069,Coiled-coil
I341Y,341,I,Y,0.0627573262291112,Coiled-coil
V342A,342,V,A,0.0181467970452894,Coiled-coil
V342C,342,V,C,0.0185721421651731,Coiled-coil
V342D,342,V,D,0.01252648946476,Coiled-coil
V342E,342,V,E,0.0453075805279729,Coiled-coil
V342F,342,V,F,0.0244353959796547,Coiled-coil
V342G,342,V,G,0.0,Coiled-coil
V342H,342,V,H,0.0152897190603037,Coiled-coil
V342I,342,V,I,0.0352847239040916,Coiled-coil
V342K,342,V,K,0.0373191147977719,Coiled-coil
V342L,342,V,L,0.0140878542019859,Coiled-coil
V342M,342,V,M,0.0308973116977476,Coiled-coil
V342N,342,V,N,0.0133786933882296,Coiled-coil
V342P,342,V,P,0.0001793715185274,Coiled-coil
V342Q,342,V,Q,0.0269140530394755,Coiled-coil
V342R,342,V,R,0.0176351719544684,Coiled-coil
V342S,342,V,S,0.0110158331315074,Coiled-coil
V342T,342,V,T,0.0009778396706224,Coiled-coil
V342W,342,V,W,0.0330543109711781,Coiled-coil
V342Y,342,V,Y,0.0212854201985939,Coiled-coil
D343A,343,D,A,0.0262109469605245,Coiled-coil
D343C,343,D,C,0.0286025672075577,Coiled-coil
D343E,343,D,E,0.0516589973359167,Coiled-coil
D343F,343,D,F,0.038573201743765,Coiled-coil
D343G,343,D,G,0.01439815936062,Coiled-coil
D343H,343,D,H,0.0227771554855897,Coiled-coil
D343I,343,D,I,0.0315292746427706,Coiled-coil
D343K,343,D,K,0.0374803221118929,Coiled-coil
D343L,343,D,L,0.0312613526277563,Coiled-coil
D343M,343,D,M,0.0292042564785662,Coiled-coil
D343N,343,D,N,0.0237300193751514,Coiled-coil
D343P,343,D,P,0.0172030152579317,Coiled-coil
D343Q,343,D,Q,0.0358621942358939,Coiled-coil
D343R,343,D,R,0.0446241523371276,Coiled-coil
D343S,343,D,S,0.0127875999031242,Coiled-coil
D343T,343,D,T,0.0117174255267619,Coiled-coil
D343V,343,D,V,0.0,Coiled-coil
D343W,343,D,W,0.0779297348026157,Coiled-coil
D343Y,343,D,Y,0.0221747093727309,Coiled-coil
A344C,344,A,C,0.019882992249938,Coiled-coil
A344D,344,A,D,0.0,Coiled-coil
A344E,344,A,E,0.0092433095180417,Coiled-coil
A344F,344,A,F,0.0276005085977234,Coiled-coil
A344G,344,A,G,0.0169744490191315,Coiled-coil
A344H,344,A,H,0.0246420138047953,Coiled-coil
A344I,344,A,I,0.0269042140954226,Coiled-coil
A344K,344,A,K,0.0342523916202456,Coiled-coil
A344L,344,A,L,0.032798498425769,Coiled-coil
A344M,344,A,M,0.0185638169048195,Coiled-coil
A344N,344,A,N,0.0115100508597723,Coiled-coil
A344P,344,A,P,0.0339920380237346,Coiled-coil
A344Q,344,A,Q,0.0277480927585372,Coiled-coil
A344R,344,A,R,0.0372547832404927,Coiled-coil
A344S,344,A,S,0.0107925647856609,Coiled-coil
A344T,344,A,T,0.0288326471300543,Coiled-coil
A344V,344,A,V,0.0017846330830709,Coiled-coil
A344W,344,A,W,0.0268588035844016,Coiled-coil
A344Y,344,A,Y,0.0161721966577864,Coiled-coil
N345A,345,N,A,0.0098858682489692,Coiled-coil
N345C,345,N,C,0.0346353535965125,Coiled-coil
N345D,345,N,D,0.0231987163962218,Coiled-coil
N345E,345,N,E,0.0132167292322596,Coiled-coil
N345F,345,N,F,0.0039363344635505,Coiled-coil
N345G,345,N,G,0.0372502421893907,Coiled-coil
N345H,345,N,H,0.0414938544441754,Coiled-coil
N345I,345,N,I,0.0190126241220634,Coiled-coil
N345K,345,N,K,0.0466479474449019,Coiled-coil
N345L,345,N,L,0.0299202288689741,Coiled-coil
N345M,345,N,M,0.0315307883264699,Coiled-coil
N345P,345,N,P,0.0,Coiled-coil
N345Q,345,N,Q,0.0317162145798,Coiled-coil
N345R,345,N,R,0.0170713247759734,Coiled-coil
N345S,345,N,S,0.0055938181157651,Coiled-coil
N345T,345,N,T,0.013363556551223,Coiled-coil
N345V,345,N,V,0.0215775611528215,Coiled-coil
N345W,345,N,W,0.0328204468394284,Coiled-coil
N345Y,345,N,Y,0.0505093545652701,Coiled-coil
I346A,346,I,A,0.0107585069023991,Coiled-coil
I346C,346,I,C,0.0204907362557534,Coiled-coil
I346D,346,I,D,0.0001127694357001,Coiled-coil
I346E,346,I,E,0.0164756902397689,Coiled-coil
I346F,346,I,F,0.030748970695085,Coiled-coil
I346G,346,I,G,0.0361437394042155,Coiled-coil
I346H,346,I,H,0.0211264834100266,Coiled-coil
I346K,346,I,K,0.0379631872124001,Coiled-coil
I346L,346,I,L,0.01712960159845,Coiled-coil
I346M,346,I,M,0.0249159905546137,Coiled-coil
I346N,346,I,N,0.0166951743763637,Coiled-coil
I346P,346,I,P,0.0172620489222586,Coiled-coil
I346Q,346,I,Q,0.0141431036570612,Coiled-coil
I346R,346,I,R,0.0276966275127149,Coiled-coil
I346S,346,I,S,0.0,Coiled-coil
I346T,346,I,T,0.032922620489224,Coiled-coil
I346V,346,I,V,0.005689937030758,Coiled-coil
I346W,346,I,W,0.0020215245822233,Coiled-coil
I346Y,346,I,Y,0.0299111467667716,Coiled-coil
A347C,347,A,C,0.0129253451198823,Coiled-coil
A347D,347,A,D,0.002438544441752,Coiled-coil
A347E,347,A,E,0.0,Coiled-coil
A347F,347,A,F,0.0338096391378058,Coiled-coil
A347G,347,A,G,0.0116803402760959,Coiled-coil
A347H,347,A,H,0.0143890772584146,Coiled-coil
A347I,347,A,I,0.0301904214095408,Coiled-coil
A347K,347,A,K,0.0117817570840383,Coiled-coil
A347L,347,A,L,0.0095626967788811,Coiled-coil
A347M,347,A,M,0.0315709009445386,Coiled-coil
A347N,347,A,N,0.0294782332283832,Coiled-coil
A347P,347,A,P,0.0307603233228385,Coiled-coil
A347Q,347,A,Q,0.0140507689513185,Coiled-coil
A347R,347,A,R,0.0100258839912811,Coiled-coil
A347S,347,A,S,0.0245035117461855,Coiled-coil
A347T,347,A,T,0.0323103354323081,Coiled-coil
A347V,347,A,V,0.0158845967546607,Coiled-coil
A347W,347,A,W,0.0780735347541778,Coiled-coil
A347Y,347,A,Y,0.0268784814725115,Coiled-coil
T348A,348,T,A,0.0313604989101463,Coiled-coil
T348C,348,T,C,0.0506682913538373,Coiled-coil
T348D,348,T,D,0.0,Coiled-coil
T348E,348,T,E,0.0402935032695554,Coiled-coil
T348F,348,T,F,0.0535087188181158,Coiled-coil
T348G,348,T,G,0.02856472511504,Coiled-coil
T348H,348,T,H,0.0230057217243885,Coiled-coil
T348I,348,T,I,0.0147879329135384,Coiled-coil
T348K,348,T,K,0.0283028578348268,Coiled-coil
T348L,348,T,L,0.0403903790263972,Coiled-coil
T348M,348,T,M,0.0383945870670865,Coiled-coil
T348N,348,T,N,0.0333789961249683,Coiled-coil
T348P,348,T,P,0.0573307701622655,Coiled-coil
T348Q,348,T,Q,0.0163046439815922,Coiled-coil
T348R,348,T,R,0.0382084039719046,Coiled-coil
T348S,348,T,S,0.0281461915718091,Coiled-coil
T348V,348,T,V,0.0200827984984257,Coiled-coil
T348W,348,T,W,0.0568410934851054,Coiled-coil
T348Y,348,T,Y,0.0158982199079666,Coiled-coil
E349A,349,E,A,0.1355397796076533,BTB/POZ
E349C,349,E,C,0.1724108440300303,BTB/POZ
E349D,349,E,D,0.0,BTB/POZ
E349F,349,E,F,0.1503822051344153,BTB/POZ
E349G,349,E,G,0.1162145798014048,BTB/POZ
E349H,349,E,H,0.1243907423104855,BTB/POZ
E349I,349,E,I,0.128890923952531,BTB/POZ
E349K,349,E,K,0.1661472208767258,BTB/POZ
E349L,349,E,L,0.1706557277791235,BTB/POZ
E349M,349,E,M,0.1518149067570842,BTB/POZ
E349N,349,E,N,0.0934502906272706,BTB/POZ
E349P,349,E,P,0.1680294865584889,BTB/POZ
E349Q,349,E,Q,0.0861089246790977,BTB/POZ
E349R,349,E,R,0.1749228021312669,BTB/POZ
E349S,349,E,S,0.1055340276095908,BTB/POZ
E349T,349,E,T,0.1244308549285543,BTB/POZ
E349V,349,E,V,0.1465768043109699,BTB/POZ
E349W,349,E,W,0.1042875090821023,BTB/POZ
E349Y,349,E,Y,0.1442699503511734,BTB/POZ
T350A,350,T,A,0.0546348994914037,BTB/POZ
T350C,350,T,C,0.0928296803100025,BTB/POZ
T350D,350,T,D,0.0,BTB/POZ
T350E,350,T,E,0.046120428675224,BTB/POZ
T350F,350,T,F,0.1217826652942617,BTB/POZ
T350G,350,T,G,0.0547378299830482,BTB/POZ
T350H,350,T,H,0.0547529668200547,BTB/POZ
T350I,350,T,I,0.141484772341973,BTB/POZ
T350K,350,T,K,0.0601780092031983,BTB/POZ
T350L,350,T,L,0.1117469423589262,BTB/POZ
T350M,350,T,M,0.0683708222329877,BTB/POZ
T350N,350,T,N,0.0527443085492856,BTB/POZ
T350P,350,T,P,0.0171999878905318,BTB/POZ
T350Q,350,T,Q,0.0420387805764122,BTB/POZ
T350R,350,T,R,0.0531310547348026,BTB/POZ
T350S,350,T,S,0.0486187636231547,BTB/POZ
T350V,350,T,V,0.1268686425284574,BTB/POZ
T350W,350,T,W,0.0781741947202727,BTB/POZ
T350Y,350,T,Y,0.121768285299104,BTB/POZ
M351A,351,M,A,0.0,BTB/POZ
M351C,351,M,C,0.0327697384354579,BTB/POZ
M351D,351,M,D,0.0230723238072172,BTB/POZ
M351E,351,M,E,0.0496321748607411,BTB/POZ
M351F,351,M,F,0.0900543412448536,BTB/POZ
M351G,351,M,G,0.0669002785178024,BTB/POZ
M351H,351,M,H,0.0959206224267392,BTB/POZ
M351I,351,M,I,0.0507280818600146,BTB/POZ
M351K,351,M,K,0.1412615039961251,BTB/POZ
M351L,351,M,L,0.0831844877694358,BTB/POZ
M351N,351,M,N,0.0596822777912328,BTB/POZ
M351P,351,M,P,0.0463906212157908,BTB/POZ
M351Q,351,M,Q,0.0591063211431354,BTB/POZ
M351R,351,M,R,0.1522523613465732,BTB/POZ
M351S,351,M,S,0.0437658936788583,BTB/POZ
M351T,351,M,T,0.0812976810365707,BTB/POZ
M351V,351,M,V,0.0435668442722209,BTB/POZ
M351W,351,M,W,0.0407597178493596,BTB/POZ
M351Y,351,M,Y,0.0949851658997351,BTB/POZ
I352A,352,I,A,0.0892225720513442,BTB/POZ
I352C,352,I,C,0.0619414507144573,BTB/POZ
I352D,352,I,D,0.0826244248001938,BTB/POZ
I352E,352,I,E,0.0818759082102191,BTB/POZ
I352F,352,I,F,0.0660904577379511,BTB/POZ
I352G,352,I,G,0.0953416384112363,BTB/POZ
I352H,352,I,H,0.155310759263743,BTB/POZ
I352K,352,I,K,0.1225092334705727,BTB/POZ
I352L,352,I,L,0.0334645192540553,BTB/POZ
I352M,352,I,M,0.0,BTB/POZ
I352N,352,I,N,0.2071052312908697,BTB/POZ
I352P,352,I,P,0.1541936606926604,BTB/POZ
I352Q,352,I,Q,0.0688211431339308,BTB/POZ
I352R,352,I,R,0.1005729292806976,BTB/POZ
I352S,352,I,S,0.1115819508355535,BTB/POZ
I352T,352,I,T,0.0880048135141682,BTB/POZ
I352V,352,I,V,0.1248017074352145,BTB/POZ
I352W,352,I,W,0.0707737951077729,BTB/POZ
I352Y,352,I,Y,0.1164317934124472,BTB/POZ
D353A,353,D,A,0.0307050738677646,BTB/POZ
D353C,353,D,C,0.0419729353354323,BTB/POZ
D353E,353,D,E,0.0018913477839656,BTB/POZ
D353F,353,D,F,0.0483357047711296,BTB/POZ
D353G,353,D,G,0.044543927100993,BTB/POZ
D353H,353,D,H,0.0336590276095907,BTB/POZ
D353I,353,D,I,0.0382697081617825,BTB/POZ
D353K,353,D,K,0.090085371760717,BTB/POZ
D353L,353,D,L,0.0127906272705241,BTB/POZ
D353M,353,D,M,0.0359166868491146,BTB/POZ
D353N,353,D,N,0.0,BTB/POZ
D353P,353,D,P,0.0478301344151126,BTB/POZ
D353Q,353,D,Q,0.0669555279728734,BTB/POZ
D353R,353,D,R,0.0839541959312183,BTB/POZ
D353S,353,D,S,0.0652465790748366,BTB/POZ
D353T,353,D,T,0.075041626301768,BTB/POZ
D353V,353,D,V,0.0472662872366176,BTB/POZ
D353W,353,D,W,0.0562802736740131,BTB/POZ
D353Y,353,D,Y,0.0280954831678372,BTB/POZ
I354A,354,I,A,0.024361982320173,BTB/POZ
I354C,354,I,C,0.0785806187938955,BTB/POZ
I354D,354,I,D,0.3652602022281415,BTB/POZ
I354E,354,I,E,0.3535147735529189,BTB/POZ
I354F,354,I,F,0.1162266892710101,BTB/POZ
I354G,354,I,G,0.2624901610559447,BTB/POZ
I354H,354,I,H,0.2894208646161288,BTB/POZ
I354K,354,I,K,0.372170168321628,BTB/POZ
I354L,354,I,L,0.0967864495035104,BTB/POZ
I354M,354,I,M,0.0277450653911345,BTB/POZ
I354N,354,I,N,0.3877497578106084,BTB/POZ
I354P,354,I,P,0.2990418382174865,BTB/POZ
I354Q,354,I,Q,0.3048468152094928,BTB/POZ
I354R,354,I,R,0.3427615645434734,BTB/POZ
I354S,354,I,S,0.1843250484378786,BTB/POZ
I354T,354,I,T,0.0724736619036073,BTB/POZ
I354V,354,I,V,0.0,BTB/POZ
I354W,354,I,W,0.1260936364737226,BTB/POZ
I354Y,354,I,Y,0.0546924194720257,BTB/POZ
N355A,355,N,A,0.0289295228868975,BTB/POZ
N355C,355,N,C,0.0534284935819811,BTB/POZ
N355D,355,N,D,0.0,BTB/POZ
N355E,355,N,E,0.0673278941632357,BTB/POZ
N355F,355,N,F,0.10037009566481,BTB/POZ
N355G,355,N,G,0.0348321324775975,BTB/POZ
N355H,355,N,H,0.0719098147251151,BTB/POZ
N355I,355,N,I,0.0329634899491402,BTB/POZ
N355K,355,N,K,0.1958245035117464,BTB/POZ
N355L,355,N,L,0.1183496306611772,BTB/POZ
N355M,355,N,M,0.1105859469605232,BTB/POZ
N355P,355,N,P,0.1163916807943799,BTB/POZ
N355Q,355,N,Q,0.1237890530394756,BTB/POZ
N355R,355,N,R,0.1342652579317013,BTB/POZ
N355S,355,N,S,0.0650709917655607,BTB/POZ
N355T,355,N,T,0.1130078408815681,BTB/POZ
N355V,355,N,V,0.0603929522886884,BTB/POZ
N355W,355,N,W,0.0798967667716141,BTB/POZ
N355Y,355,N,Y,0.0649287054976992,BTB/POZ
V356A,356,V,A,0.0005926071688045,BTB/POZ
V356C,356,V,C,0.0301942056187939,BTB/POZ
V356D,356,V,D,0.1596353535965113,BTB/POZ
V356E,356,V,E,0.2008658270767743,BTB/POZ
V356F,356,V,F,0.0199034269798983,BTB/POZ
V356G,356,V,G,0.0343522947444902,BTB/POZ
V356H,356,V,H,0.422463822959555,BTB/POZ
V356I,356,V,I,0.0,BTB/POZ
V356K,356,V,K,0.3335470150157428,BTB/POZ
V356L,356,V,L,0.0588005570356019,BTB/POZ
V356M,356,V,M,0.0393905909421167,BTB/POZ
V356N,356,V,N,0.1777829074836524,BTB/POZ
V356P,356,V,P,0.241164628239282,BTB/POZ
V356Q,356,V,Q,0.3133060365705986,BTB/POZ
V356R,356,V,R,0.4071650217970459,BTB/POZ
V356S,356,V,S,0.0694742976507629,BTB/POZ
V356T,356,V,T,0.0722579619762655,BTB/POZ
V356W,356,V,W,0.2738450593364014,BTB/POZ
V356Y,356,V,Y,0.3267445204650041,BTB/POZ
G357A,357,G,A,0.0163439997578106,BTB/POZ
G357C,357,G,C,0.0144988193267135,BTB/POZ
G357D,357,G,D,0.1019534088156926,BTB/POZ
G357E,357,G,E,0.0,BTB/POZ
G357F,357,G,F,0.147241311455557,BTB/POZ
G357H,357,G,H,0.0844491705013307,BTB/POZ
G357I,357,G,I,0.0359265257931703,BTB/POZ
G357K,357,G,K,0.1244369096633569,BTB/POZ
G357L,357,G,L,0.0582526035359637,BTB/POZ
G357M,357,G,M,0.1089436001453137,BTB/POZ
G357N,357,G,N,0.0922506962945024,BTB/POZ
G357P,357,G,P,0.374545138047954,BTB/POZ
G357Q,357,G,Q,0.1105435638169049,BTB/POZ
G357R,357,G,R,0.1000832526035346,BTB/POZ
G357S,357,G,S,0.0957359530152566,BTB/POZ
G357T,357,G,T,0.1275626665052072,BTB/POZ
G357V,357,G,V,0.0447074049406622,BTB/POZ
G357W,357,G,W,0.1011352627754891,BTB/POZ
G357Y,357,G,Y,0.1132401913296185,BTB/POZ
G358A,358,G,A,0.0230193448776929,BTB/POZ
G358C,358,G,C,0.083675678130298,BTB/POZ
G358D,358,G,D,0.0585629086945992,BTB/POZ
G358E,358,G,E,0.0,BTB/POZ
G358F,358,G,F,0.0974948534754165,BTB/POZ
G358H,358,G,H,0.088296197626544,BTB/POZ
G358I,358,G,I,0.1360128057641077,BTB/POZ
G358K,358,G,K,0.1029176253330105,BTB/POZ
G358L,358,G,L,0.0818130903366433,BTB/POZ
G358M,358,G,M,0.0574329438120597,BTB/POZ
G358N,358,G,N,0.0558299527730686,BTB/POZ
G358P,358,G,P,0.1623539295228857,BTB/POZ
G358Q,358,G,Q,0.0183163296197626,BTB/POZ
G358R,358,G,R,0.0611399551949625,BTB/POZ
G358S,358,G,S,0.0435645737466685,BTB/POZ
G358T,358,G,T,0.0664953681278746,BTB/POZ
G358V,358,G,V,0.0489389077258402,BTB/POZ
G358W,358,G,W,0.0900921833373699,BTB/POZ
G358Y,358,G,Y,0.0805241886655351,BTB/POZ
A359C,359,A,C,0.0,BTB/POZ
A359D,359,A,D,0.0311697747638639,BTB/POZ
A359E,359,A,E,0.0089716032937743,BTB/POZ
A359F,359,A,F,0.0331345362073141,BTB/POZ
A359G,359,A,G,0.0454566783724873,BTB/POZ
A359H,359,A,H,0.0762328953741813,BTB/POZ
A359I,359,A,I,0.0158248062484849,BTB/POZ
A359K,359,A,K,0.1581958403971908,BTB/POZ
A359L,359,A,L,0.0335886413175089,BTB/POZ
A359M,359,A,M,0.0238647372245081,BTB/POZ
A359N,359,A,N,0.0414597965609106,BTB/POZ
A359P,359,A,P,0.0640038447565983,BTB/POZ
A359Q,359,A,Q,0.0633113344635505,BTB/POZ
A359R,359,A,R,0.0938990978445145,BTB/POZ
A359S,359,A,S,0.0256365039961235,BTB/POZ
A359T,359,A,T,0.0237928372487285,BTB/POZ
A359V,359,A,V,0.0239207435214337,BTB/POZ
A359W,359,A,W,0.0187961673528685,BTB/POZ
A359Y,359,A,Y,0.0585190118672803,BTB/POZ
I360A,360,I,A,0.0804220150157438,BTB/POZ
I360C,360,I,C,0.0614495035117476,BTB/POZ
I360D,360,I,D,0.0490539476870913,BTB/POZ
I360E,360,I,E,0.0753118188423348,BTB/POZ
I360F,360,I,F,0.0765212521191587,BTB/POZ
I360G,360,I,G,0.0980821627512716,BTB/POZ
I360H,360,I,H,0.1122116432550255,BTB/POZ
I360K,360,I,K,0.1029955800435956,BTB/POZ
I360L,360,I,L,0.0,BTB/POZ
I360M,360,I,M,0.0475190724146297,BTB/POZ
I360N,360,I,N,0.0883703681278761,BTB/POZ
I360P,360,I,P,0.0782279304916445,BTB/POZ
I360Q,360,I,Q,0.1351507628965867,BTB/POZ
I360R,360,I,R,0.0602393133930748,BTB/POZ
I360S,360,I,S,0.0972579619762655,BTB/POZ
I360T,360,I,T,0.0453802373456057,BTB/POZ
I360V,360,I,V,0.0114442056187953,BTB/POZ
I360W,360,I,W,0.1097935335432309,BTB/POZ
I360Y,360,I,Y,0.0912153366432565,BTB/POZ
F361A,361,F,A,0.1612724025187684,BTB/POZ
F361C,361,F,C,0.2374023674013081,BTB/POZ
F361D,361,F,D,0.406302978929522,BTB/POZ
F361E,361,F,E,0.3658164809881318,BTB/POZ
F361G,361,F,G,0.2569031545168311,BTB/POZ
F361H,361,F,H,0.1992999212884478,BTB/POZ
F361I,361,F,I,0.2871579074836526,BTB/POZ
F361K,361,F,K,0.2638842637442484,BTB/POZ
F361L,361,F,L,0.2398537781545157,BTB/POZ
F361M,361,F,M,0.2088482380721713,BTB/POZ
F361N,361,F,N,0.3591025369338828,BTB/POZ
F361P,361,F,P,0.4744255570356025,BTB/POZ
F361Q,361,F,Q,0.2867893255025434,BTB/POZ
F361R,361,F,R,0.1923793594090581,BTB/POZ
F361S,361,F,S,0.262611255751997,BTB/POZ
F361T,361,F,T,0.2342183337369826,BTB/POZ
F361V,361,F,V,0.2311092274158381,BTB/POZ
F361W,361,F,W,0.0,BTB/POZ
F361Y,361,F,Y,0.1130668745458936,BTB/POZ
E362A,362,E,A,0.094472027125212,BTB/POZ
E362C,362,E,C,0.0786063514168066,BTB/POZ
E362D,362,E,D,0.0215442601114057,BTB/POZ
E362F,362,E,F,0.0,BTB/POZ
E362G,362,E,G,0.1633060365705984,BTB/POZ
E362H,362,E,H,0.0482486679583434,BTB/POZ
E362I,362,E,I,0.0413447565996595,BTB/POZ
E362K,362,E,K,0.1063044926132222,BTB/POZ
E362L,362,E,L,0.0069856502785164,BTB/POZ
E362M,362,E,M,0.0251627209978189,BTB/POZ
E362N,362,E,N,0.0994096633567437,BTB/POZ
E362P,362,E,P,0.2294305521918129,BTB/POZ
E362Q,362,E,Q,0.0699329438120597,BTB/POZ
E362R,362,E,R,0.0752838156938713,BTB/POZ
E362S,362,E,S,0.1650649370307582,BTB/POZ
E362T,362,E,T,0.1430211612981353,BTB/POZ
E362V,362,E,V,0.0554394223782999,BTB/POZ
E362W,362,E,W,0.0640454710583677,BTB/POZ
E362Y,362,E,Y,0.0176139803826578,BTB/POZ
T363A,363,T,A,0.0993491160087175,BTB/POZ
T363C,363,T,C,0.1889765984499881,BTB/POZ
T363D,363,T,D,0.0128867461855156,BTB/POZ
T363E,363,T,E,0.2262752785178012,BTB/POZ
T363F,363,T,F,0.1853725175587312,BTB/POZ
T363G,363,T,G,0.1923770888835071,BTB/POZ
T363H,363,T,H,0.1753087914749336,BTB/POZ
T363I,363,T,I,0.2348964640348742,BTB/POZ
T363K,363,T,K,0.2573216880600619,BTB/POZ
T363L,363,T,L,0.2278782695567923,BTB/POZ
T363M,363,T,M,0.2361724993945268,BTB/POZ
T363N,363,T,N,0.1277397674981837,BTB/POZ
T363P,363,T,P,0.281135716880601,BTB/POZ
T363Q,363,T,Q,0.2416399249212888,BTB/POZ
T363R,363,T,R,0.1992492128844759,BTB/POZ
T363S,363,T,S,0.0,BTB/POZ
T363V,363,T,V,0.2357040142891744,BTB/POZ
T363W,363,T,W,0.1433935274884962,BTB/POZ
T363Y,363,T,Y,0.1740115645434732,BTB/POZ
S364A,364,S,A,0.1144420561879391,BTB/POZ
S364C,364,S,C,0.0750961189149916,BTB/POZ
S364D,364,S,D,0.1282756115282152,BTB/POZ
S364E,364,S,E,0.1882167292322599,BTB/POZ
S364F,364,S,F,0.0802986497941391,BTB/POZ
S364G,364,S,G,0.1868362496972635,BTB/POZ
S364H,364,S,H,0.1137510595785892,BTB/POZ
S364I,364,S,I,0.1323625575199794,BTB/POZ
S364K,364,S,K,0.1967902337127636,BTB/POZ
S364L,364,S,L,0.0,BTB/POZ
S364M,364,S,M,0.0570696597239027,BTB/POZ
S364N,364,S,N,0.1142785783482671,BTB/POZ
S364P,364,S,P,0.0736566057156697,BTB/POZ
S364Q,364,S,Q,0.0885542806975055,BTB/POZ
S364R,364,S,R,0.1142028941632358,BTB/POZ
S364T,364,S,T,0.0677872971663842,BTB/POZ
S364V,364,S,V,0.1082866614192285,BTB/POZ
S364W,364,S,W,0.0913530818600146,BTB/POZ
S364Y,364,S,Y,0.1272667413417294,BTB/POZ
R365A,365,R,A,0.0698443933155714,BTB/POZ
R365C,365,R,C,0.0454105110196174,BTB/POZ
R365D,365,R,D,0.1133453923468153,BTB/POZ
R365E,365,R,E,0.0348283482683444,BTB/POZ
R365F,365,R,F,0.0601416807943812,BTB/POZ
R365G,365,R,G,0.1162350145313622,BTB/POZ
R365H,365,R,H,0.0611505509808671,BTB/POZ
R365I,365,R,I,0.0365584887381933,BTB/POZ
R365K,365,R,K,0.0170985710825866,BTB/POZ
R365L,365,R,L,0.009724660934851,BTB/POZ
R365M,365,R,M,0.0096187030758052,BTB/POZ
R365N,365,R,N,0.0684941874545895,BTB/POZ
R365P,365,R,P,0.0456882719786874,BTB/POZ
R365Q,365,R,Q,0.0347534209251621,BTB/POZ
R365S,365,R,S,0.070495277306854,BTB/POZ
R365T,365,R,T,0.0,BTB/POZ
R365V,365,R,V,0.0336900581254527,BTB/POZ
R365W,365,R,W,0.0549807762170017,BTB/POZ
R365Y,365,R,Y,0.0833411540324535,BTB/POZ
H366A,366,H,A,0.2513237163962222,BTB/POZ
H366C,366,H,C,0.2661040808912573,BTB/POZ
H366D,366,H,D,0.3301654456284819,BTB/POZ
H366E,366,H,E,0.1739048498425771,BTB/POZ
H366F,366,H,F,0.1592894768709132,BTB/POZ
H366G,366,H,G,0.3141824594332758,BTB/POZ
H366I,366,H,I,0.2574495943327686,BTB/POZ
H366K,366,H,K,0.2120103233228373,BTB/POZ
H366L,366,H,L,0.22815073262291,BTB/POZ
H366M,366,H,M,0.1541527912327442,BTB/POZ
H366N,366,H,N,0.282470029062726,BTB/POZ
H366P,366,H,P,0.2371124969726315,BTB/POZ
H366Q,366,H,Q,0.2355375090821011,BTB/POZ
H366R,366,H,R,0.1908285904577368,BTB/POZ
H366S,366,H,S,0.2827303826592399,BTB/POZ
H366T,366,H,T,0.2391128299830456,BTB/POZ
H366V,366,H,V,0.275753814482926,BTB/POZ
H366W,366,H,W,0.0,BTB/POZ
H366Y,366,H,Y,0.172844514410269,BTB/POZ
T367A,367,T,A,0.3483954952773073,BTB/POZ
T367C,367,T,C,0.3372464579801395,BTB/POZ
T367D,367,T,D,0.282865857350447,BTB/POZ
T367E,367,T,E,0.221544260111406,BTB/POZ
T367F,367,T,F,0.1396607834826836,BTB/POZ
T367G,367,T,G,0.2062704347299577,BTB/POZ
T367H,367,T,H,0.2033119399370296,BTB/POZ
T367I,367,T,I,0.1177903245337841,BTB/POZ
T367K,367,T,K,0.2384324291596017,BTB/POZ
T367L,367,T,L,0.188623153305884,BTB/POZ
T367M,367,T,M,0.1490047529668202,BTB/POZ
T367N,367,T,N,0.2910753209009449,BTB/POZ
T367P,367,T,P,0.2462945023007981,BTB/POZ
T367Q,367,T,Q,0.1922249636715914,BTB/POZ
T367R,367,T,R,0.1588527791232732,BTB/POZ
T367S,367,T,S,0.380110953015257,BTB/POZ
T367V,367,T,V,0.1501892104625819,BTB/POZ
T367W,367,T,W,0.0,BTB/POZ
T367Y,367,T,Y,0.104315512230563,BTB/POZ
L368A,368,L,A,0.0471747093727295,BTB/POZ
L368C,368,L,C,0.0500666020828288,BTB/POZ
L368D,368,L,D,0.0559041232744006,BTB/POZ
L368E,368,L,E,0.0542912932913539,BTB/POZ
L368F,368,L,F,0.1102650460159846,BTB/POZ
L368G,368,L,G,0.0,BTB/POZ
L368H,368,L,H,0.0611429825623652,BTB/POZ
L368I,368,L,I,0.0762616553644965,BTB/POZ
L368K,368,L,K,0.1208608319205634,BTB/POZ
L368M,368,L,M,0.0580126846694115,BTB/POZ
L368N,368,L,N,0.085934094211675,BTB/POZ
L368P,368,L,P,0.1830013320416582,BTB/POZ
L368Q,368,L,Q,0.062182883264713,BTB/POZ
L368R,368,L,R,0.1296833373698233,BTB/POZ
L368S,368,L,S,0.0327379510777442,BTB/POZ
L368T,368,L,T,0.0096391378057655,BTB/POZ
L368V,368,L,V,0.091913144829258,BTB/POZ
L368W,368,L,W,0.0183503875030288,BTB/POZ
L368Y,368,L,Y,0.0945393860498925,BTB/POZ
T369A,369,T,A,0.0,BTB/POZ
T369C,369,T,C,0.0624772947444888,BTB/POZ
T369D,369,T,D,0.0968802978929524,BTB/POZ
T369E,369,T,E,0.117425526761928,BTB/POZ
T369F,369,T,F,0.2217993158149676,BTB/POZ
T369G,369,T,G,0.0346398946476144,BTB/POZ
T369H,369,T,H,0.191201713489948,BTB/POZ
T369I,369,T,I,0.1601583313150872,BTB/POZ
T369K,369,T,K,0.1108546258173893,BTB/POZ
T369L,369,T,L,0.1889803826592384,BTB/POZ
T369M,369,T,M,0.1333714277064652,BTB/POZ
T369N,369,T,N,0.1077054068781789,BTB/POZ
T369P,369,T,P,0.1778570779849845,BTB/POZ
T369Q,369,T,Q,0.0986899067570841,BTB/POZ
T369R,369,T,R,0.0989411782513927,BTB/POZ
T369S,369,T,S,0.0480261564543473,BTB/POZ
T369V,369,T,V,0.1086128602567195,BTB/POZ
T369W,369,T,W,0.094465972390408,BTB/POZ
T369Y,369,T,Y,0.1878299830467414,BTB/POZ
Q370A,370,Q,A,0.1481744974570115,BTB/POZ
Q370C,370,Q,C,0.1745451380479551,BTB/POZ
Q370D,370,Q,D,0.1328938604989103,BTB/POZ
Q370E,370,Q,E,0.0457094635504979,BTB/POZ
Q370F,370,Q,F,0.1513925890046032,BTB/POZ
Q370G,370,Q,G,0.0661737103414885,BTB/POZ
Q370H,370,Q,H,0.1658316178251395,BTB/POZ
Q370I,370,Q,I,0.0959524097844515,BTB/POZ
Q370K,370,Q,K,0.0514031847905062,BTB/POZ
Q370L,370,Q,L,0.0618756054734803,BTB/POZ
Q370M,370,Q,M,0.0937212400096891,BTB/POZ
Q370N,370,Q,N,0.1867681339307355,BTB/POZ
Q370P,370,Q,P,0.0,BTB/POZ
Q370R,370,Q,R,0.0650929401792202,BTB/POZ
Q370S,370,Q,S,0.1486649309760234,BTB/POZ
Q370T,370,Q,T,0.1032597178493583,BTB/POZ
Q370V,370,Q,V,0.0880471966577879,BTB/POZ
Q370W,370,Q,W,0.1007515439573762,BTB/POZ
Q370Y,370,Q,Y,0.1452992552676208,BTB/POZ
Q371A,371,Q,A,0.0794335795592154,BTB/POZ
Q371C,371,Q,C,0.0458540203439075,BTB/POZ
Q371D,371,Q,D,0.1104201985953016,BTB/POZ
Q371E,371,Q,E,0.0297332889319448,BTB/POZ
Q371F,371,Q,F,0.0199442964398145,BTB/POZ
Q371G,371,Q,G,0.1063044926132222,BTB/POZ
Q371H,371,Q,H,0.0507401913296198,BTB/POZ
Q371I,371,Q,I,0.0340752906272691,BTB/POZ
Q371K,371,Q,K,0.0666035965124728,BTB/POZ
Q371L,371,Q,L,0.0,BTB/POZ
Q371M,371,Q,M,0.0041573322838445,BTB/POZ
Q371N,371,Q,N,0.0632137018648584,BTB/POZ
Q371P,371,Q,P,0.142263562605958,BTB/POZ
Q371R,371,Q,R,0.0815466820053268,BTB/POZ
Q371S,371,Q,S,0.0333139077258416,BTB/POZ
Q371T,371,Q,T,0.001423619520465,BTB/POZ
Q371V,371,Q,V,0.0589761443448777,BTB/POZ
Q371W,371,Q,W,0.0563544441753452,BTB/POZ
Q371Y,371,Q,Y,0.0466835190118659,BTB/POZ
K372A,372,K,A,0.0571937817873563,BTB/POZ
K372C,372,K,C,0.0774483833858078,BTB/POZ
K372D,372,K,D,0.0919222269314591,BTB/POZ
K372E,372,K,E,0.0,BTB/POZ
K372F,372,K,F,0.100877936546378,BTB/POZ
K372G,372,K,G,0.0317056187938954,BTB/POZ
K372H,372,K,H,0.0679727234197129,BTB/POZ
K372I,372,K,I,0.1129359409057884,BTB/POZ
K372L,372,K,L,0.0474827440058112,BTB/POZ
K372M,372,K,M,0.061783270767739,BTB/POZ
K372N,372,K,N,0.0076183700653897,BTB/POZ
K372P,372,K,P,0.1053266529425998,BTB/POZ
K372Q,372,K,Q,0.0038432429159588,BTB/POZ
K372R,372,K,R,0.0333835371760717,BTB/POZ
K372S,372,K,S,0.0430362981351403,BTB/POZ
K372T,372,K,T,0.0543806006296924,BTB/POZ
K372V,372,K,V,0.0847950472269301,BTB/POZ
K372W,372,K,W,0.1235884899491389,BTB/POZ
K372Y,372,K,Y,0.1028199927343183,BTB/POZ
D373A,373,D,A,0.018944508355534,BTB/POZ
D373C,373,D,C,0.0674853172681023,BTB/POZ
D373E,373,D,E,0.0214587369823187,BTB/POZ
D373F,373,D,F,0.0936871821264215,BTB/POZ
D373G,373,D,G,0.0144246488253814,BTB/POZ
D373H,373,D,H,0.0426276035359651,BTB/POZ
D373I,373,D,I,0.0736883930733834,BTB/POZ
D373K,373,D,K,0.0263116069266152,BTB/POZ
D373L,373,D,L,0.0654486558488725,BTB/POZ
D373M,373,D,M,0.063246246064421,BTB/POZ
D373N,373,D,N,0.0245511927827547,BTB/POZ
D373P,373,D,P,0.0807974085735045,BTB/POZ
D373Q,373,D,Q,0.0004858924679099,BTB/POZ
D373R,373,D,R,0.0,BTB/POZ
D373S,373,D,S,0.0694977597481231,BTB/POZ
D373T,373,D,T,0.0260686606926617,BTB/POZ
D373V,373,D,V,0.0423029183821735,BTB/POZ
D373W,373,D,W,0.1280561273916204,BTB/POZ
D373Y,373,D,Y,0.0700926374424787,BTB/POZ
S374A,374,S,A,0.0127217546621458,BTB/POZ
S374C,374,S,C,0.0500877936546379,BTB/POZ
S374D,374,S,D,0.0,BTB/POZ
S374E,374,S,E,0.0628534451441041,BTB/POZ
S374F,374,S,F,0.2849774461128621,BTB/POZ
S374G,374,S,G,0.1242529970937288,BTB/POZ
S374H,374,S,H,0.0355359953984016,BTB/POZ
S374I,374,S,I,0.1291565754419958,BTB/POZ
S374K,374,S,K,0.1245504359409059,BTB/POZ
S374L,374,S,L,0.1255812545410526,BTB/POZ
S374M,374,S,M,0.1323867764591912,BTB/POZ
S374N,374,S,N,0.0765643921046273,BTB/POZ
S374P,374,S,P,0.0861384415112619,BTB/POZ
S374Q,374,S,Q,0.0889319447808201,BTB/POZ
S374R,374,S,R,0.1500787115524356,BTB/POZ
S374T,374,S,T,0.1127573262291113,BTB/POZ
S374V,374,S,V,0.1502550557035604,BTB/POZ
S374W,374,S,W,0.2445250060547365,BTB/POZ
S374Y,374,S,Y,0.2337892044078472,BTB/POZ
F375A,375,F,A,0.0762805764107547,BTB/POZ
F375C,375,F,C,0.1142308973116993,BTB/POZ
F375D,375,F,D,0.0535511019617341,BTB/POZ
F375E,375,F,E,0.0753095483167852,BTB/POZ
F375G,375,F,G,0.0742832707677404,BTB/POZ
F375H,375,F,H,0.0647258718818116,BTB/POZ
F375I,375,F,I,0.0755797408573519,BTB/POZ
F375K,375,F,K,0.1218144526519754,BTB/POZ
F375L,375,F,L,0.1095180431097133,BTB/POZ
F375M,375,F,M,0.0952493037054992,BTB/POZ
F375N,375,F,N,0.0916641438605004,BTB/POZ
F375P,375,F,P,0.1442926556066846,BTB/POZ
F375Q,375,F,Q,0.0633423649794139,BTB/POZ
F375R,375,F,R,0.0985279426011156,BTB/POZ
F375S,375,F,S,0.0890046015984501,BTB/POZ
F375T,375,F,T,0.106068357955923,BTB/POZ
F375V,375,F,V,0.1164355776217003,BTB/POZ
F375W,375,F,W,0.0165612133688558,BTB/POZ
F375Y,375,F,Y,0.0,BTB/POZ
I376A,376,I,A,0.0089731169774764,BTB/POZ
I376C,376,I,C,0.0285692661661419,BTB/POZ
I376D,376,I,D,0.1380229777185775,BTB/POZ
I376E,376,I,E,0.1040468333736983,BTB/POZ
I376F,376,I,F,0.0654077863889562,BTB/POZ
I376G,376,I,G,0.0849660934851068,BTB/POZ
I376H,376,I,H,0.1188446052312924,BTB/POZ
I376K,376,I,K,0.18071718333737,BTB/POZ
I376L,376,I,L,0.0422113405182867,BTB/POZ
I376M,376,I,M,0.0,BTB/POZ
I376N,376,I,N,0.1550814361830954,BTB/POZ
I376P,376,I,P,0.0420266711068069,BTB/POZ
I376Q,376,I,Q,0.0937151852748851,BTB/POZ
I376R,376,I,R,0.2158422136110455,BTB/POZ
I376S,376,I,S,0.0777306853959811,BTB/POZ
I376T,376,I,T,0.0607585069023977,BTB/POZ
I376V,376,I,V,0.0046795531605715,BTB/POZ
I376W,376,I,W,0.0601727113102446,BTB/POZ
I376Y,376,I,Y,0.1245209191087446,BTB/POZ
E377A,377,E,A,0.0370428675224039,BTB/POZ
E377C,377,E,C,0.0590548558973117,BTB/POZ
E377D,377,E,D,0.1071544260111408,BTB/POZ
E377F,377,E,F,0.0503050072656832,BTB/POZ
E377G,377,E,G,0.0,BTB/POZ
E377H,377,E,H,0.0273174497457025,BTB/POZ
E377I,377,E,I,0.0243952833615887,BTB/POZ
E377K,377,E,K,0.0277995580043608,BTB/POZ
E377L,377,E,L,0.0717463368854459,BTB/POZ
E377M,377,E,M,0.1130865524340049,BTB/POZ
E377N,377,E,N,0.0403040990554628,BTB/POZ
E377P,377,E,P,0.1032968031000243,BTB/POZ
E377Q,377,E,Q,0.0452349237103429,BTB/POZ
E377R,377,E,R,0.0025066602082842,BTB/POZ
E377S,377,E,S,0.0488844151126195,BTB/POZ
E377T,377,E,T,0.059234984257691,BTB/POZ
E377V,377,E,V,0.0290195870670865,BTB/POZ
E377W,377,E,W,0.0128436062000484,BTB/POZ
E377Y,377,E,Y,0.0295032090094468,BTB/POZ
K378A,378,K,A,0.0326683216275127,BTB/POZ
K378C,378,K,C,0.072043775732623,BTB/POZ
K378D,378,K,D,0.0062530273673999,BTB/POZ
K378E,378,K,E,0.0009891922983773,BTB/POZ
K378F,378,K,F,0.1235892467909907,BTB/POZ
K378G,378,K,G,0.0060706284814725,BTB/POZ
K378H,378,K,H,0.0192071324775961,BTB/POZ
K378I,378,K,I,0.1098185093242917,BTB/POZ
K378L,378,K,L,0.1055915475902157,BTB/POZ
K378M,378,K,M,0.0875401126180674,BTB/POZ
K378N,378,K,N,0.0221890893678843,BTB/POZ
K378P,378,K,P,0.1015242794865586,BTB/POZ
K378Q,378,K,Q,0.0,BTB/POZ
K378R,378,K,R,0.0149748728505677,BTB/POZ
K378S,378,K,S,0.0141960825865827,BTB/POZ
K378T,378,K,T,0.0180317570840383,BTB/POZ
K378V,378,K,V,0.0806293896827306,BTB/POZ
K378W,378,K,W,0.0465707495761672,BTB/POZ
K378Y,378,K,Y,0.0573935880358441,BTB/POZ
L379A,379,L,A,0.0550890046015971,BTB/POZ
L379C,379,L,C,0.0697982259627029,BTB/POZ
L379D,379,L,D,0.1238496003875018,BTB/POZ
L379E,379,L,E,0.0481979595543715,BTB/POZ
L379F,379,L,F,0.0777291717122777,BTB/POZ
L379G,379,L,G,0.0828613162993462,BTB/POZ
L379H,379,L,H,0.0873630116250895,BTB/POZ
L379I,379,L,I,0.0,BTB/POZ
L379K,379,L,K,0.1365304855897313,BTB/POZ
L379M,379,L,M,0.0881561818842321,BTB/POZ
L379N,379,L,N,0.114162781545167,BTB/POZ
L379P,379,L,P,0.1262245701138278,BTB/POZ
L379Q,379,L,Q,0.0662698292564772,BTB/POZ
L379R,379,L,R,0.1219075441995642,BTB/POZ
L379S,379,L,S,0.0894624909178979,BTB/POZ
L379T,379,L,T,0.0669010353596513,BTB/POZ
L379V,379,L,V,0.0046091668684897,BTB/POZ
L379W,379,L,W,0.0597587188181158,BTB/POZ
L379Y,379,L,Y,0.1081837309275841,BTB/POZ
L380A,380,L,A,0.0634119944296454,BTB/POZ
L380C,380,L,C,0.0263479353354337,BTB/POZ
L380D,380,L,D,0.0444061818842349,BTB/POZ
L380E,380,L,E,0.0582094635504979,BTB/POZ
L380F,380,L,F,0.0633098207798513,BTB/POZ
L380G,380,L,G,0.0782112799709388,BTB/POZ
L380H,380,L,H,0.0743642528457254,BTB/POZ
L380I,380,L,I,0.0238268951319946,BTB/POZ
L380K,380,L,K,0.0938869883749093,BTB/POZ
L380M,380,L,M,0.0420584584645207,BTB/POZ
L380N,380,L,N,0.0946672923225978,BTB/POZ
L380P,380,L,P,0.0781908452409785,BTB/POZ
L380Q,380,L,Q,0.049879662145798,BTB/POZ
L380R,380,L,R,0.0826009627028337,BTB/POZ
L380S,380,L,S,0.0878549588278034,BTB/POZ
L380T,380,L,T,0.0489404214095437,BTB/POZ
L380V,380,L,V,0.0,BTB/POZ
L380W,380,L,W,0.0225054492613237,BTB/POZ
L380Y,380,L,Y,0.0681891801889078,BTB/POZ
S381A,381,S,A,0.0292950775006055,BTB/POZ
S381C,381,S,C,0.0360604868006781,BTB/POZ
S381D,381,S,D,0.0062969241947202,BTB/POZ
S381E,381,S,E,0.030974509566481,BTB/POZ
S381F,381,S,F,0.0375817389198353,BTB/POZ
S381G,381,S,G,0.0795675405667232,BTB/POZ
S381H,381,S,H,0.031256054734804,BTB/POZ
S381I,381,S,I,0.0298839004601612,BTB/POZ
S381K,381,S,K,0.0261360196173422,BTB/POZ
S381L,381,S,L,0.0313271978687348,BTB/POZ
S381M,381,S,M,0.0102423407604761,BTB/POZ
S381N,381,S,N,0.0052396161298135,BTB/POZ
S381P,381,S,P,0.1122146706224268,BTB/POZ
S381Q,381,S,Q,0.0282642589004616,BTB/POZ
S381R,381,S,R,0.0010936364737224,BTB/POZ
S381T,381,S,T,0.0154584947929295,BTB/POZ
S381V,381,S,V,0.0,BTB/POZ
S381W,381,S,W,0.0527874485347556,BTB/POZ
S381Y,381,S,Y,0.047194387260838,BTB/POZ
G382A,382,G,A,0.0203272584160828,BTB/POZ
G382C,382,G,C,0.0407460946960537,BTB/POZ
G382D,382,G,D,0.0088406696536705,BTB/POZ
G382E,382,G,E,0.0120345422620503,BTB/POZ
G382F,382,G,F,0.0437636231533059,BTB/POZ
G382H,382,G,H,0.0323141196415611,BTB/POZ
G382I,382,G,I,0.0603422438847193,BTB/POZ
G382K,382,G,K,0.0202636837006553,BTB/POZ
G382L,382,G,L,0.0459607350448051,BTB/POZ
G382M,382,G,M,0.047983773310729,BTB/POZ
G382N,382,G,N,0.0379495640590956,BTB/POZ
G382P,382,G,P,0.0217425526761928,BTB/POZ
G382Q,382,G,Q,0.0321582102203923,BTB/POZ
G382R,382,G,R,0.0260497396464035,BTB/POZ
G382S,382,G,S,0.0,BTB/POZ
G382T,382,G,T,0.0192994671833388,BTB/POZ
G382V,382,G,V,0.0408634051828544,BTB/POZ
G382W,382,G,W,0.0327228142407363,BTB/POZ
G382Y,382,G,Y,0.0527957737951092,BTB/POZ
R383A,383,R,A,0.0016453741826122,BTB/POZ
R383C,383,R,C,0.0240425950593378,BTB/POZ
R383D,383,R,D,0.0197581133446355,BTB/POZ
R383E,383,R,E,0.0324707859045774,BTB/POZ
R383F,383,R,F,0.0281197021070491,BTB/POZ
R383G,383,R,G,0.0468666747396478,BTB/POZ
R383H,383,R,H,0.0144170804068781,BTB/POZ
R383I,383,R,I,0.0,BTB/POZ
R383K,383,R,K,0.0502421893921061,BTB/POZ
R383L,383,R,L,0.0180128360377829,BTB/POZ
R383M,383,R,M,0.0049830467425526,BTB/POZ
R383N,383,R,N,0.0340858864131765,BTB/POZ
R383P,383,R,P,0.0592448232017438,BTB/POZ
R383Q,383,R,Q,0.0440875514652472,BTB/POZ
R383S,383,R,S,0.0138229595543729,BTB/POZ
R383T,383,R,T,0.0178213550496502,BTB/POZ
R383V,383,R,V,0.0040604565270041,BTB/POZ
R383W,383,R,W,0.0370867643497229,BTB/POZ
R383Y,383,R,Y,0.0084168382174874,BTB/POZ
H384A,384,H,A,0.0786706829740844,BTB/POZ
H384C,384,H,C,0.0768096088641318,BTB/POZ
H384D,384,H,D,0.0825063574715428,BTB/POZ
H384E,384,H,E,0.1025059033664312,BTB/POZ
H384F,384,H,F,0.044506841850327,BTB/POZ
H384G,384,H,G,0.0,BTB/POZ
H384I,384,H,I,0.0884846512472754,BTB/POZ
H384K,384,H,K,0.1166474933397904,BTB/POZ
H384L,384,H,L,0.0619747517558731,BTB/POZ
H384M,384,H,M,0.0442427040445629,BTB/POZ
H384N,384,H,N,0.0877111588762413,BTB/POZ
H384P,384,H,P,0.0856321143133932,BTB/POZ
H384Q,384,H,Q,0.103766801889076,BTB/POZ
H384R,384,H,R,0.112400096875757,BTB/POZ
H384S,384,H,S,0.0873274400581241,BTB/POZ
H384T,384,H,T,0.1107100690239769,BTB/POZ
H384V,384,H,V,0.1039552555098088,BTB/POZ
H384W,384,H,W,0.0212120065391122,BTB/POZ
H384Y,384,H,Y,0.0504760535238543,BTB/POZ
H385A,385,H,A,0.0,BTB/POZ
H385C,385,H,C,0.0276209433276822,BTB/POZ
H385D,385,H,D,0.0111762836037781,BTB/POZ
H385E,385,H,E,0.0571506418018891,BTB/POZ
H385F,385,H,F,0.0271040203439089,BTB/POZ
H385G,385,H,G,0.0115842213611029,BTB/POZ
H385I,385,H,I,0.0206587551465246,BTB/POZ
H385K,385,H,K,0.0318895313635263,BTB/POZ
H385L,385,H,L,0.0159746609348496,BTB/POZ
H385M,385,H,M,0.0154418442722208,BTB/POZ
H385N,385,H,N,0.0163470271252119,BTB/POZ
H385P,385,H,P,0.0469211673528686,BTB/POZ
H385Q,385,H,Q,0.0212687696778881,BTB/POZ
H385R,385,H,R,0.0032703136352627,BTB/POZ
H385S,385,H,S,0.0282733410026641,BTB/POZ
H385T,385,H,T,0.0607320174376363,BTB/POZ
H385V,385,H,V,0.0170198595301511,BTB/POZ
H385W,385,H,W,0.0101530334221361,BTB/POZ
H385Y,385,H,Y,0.0484757205134401,BTB/POZ
V386A,386,V,A,0.0390643921046258,BTB/POZ
V386C,386,V,C,0.0222382840881583,BTB/POZ
V386D,386,V,D,0.0435728990070235,BTB/POZ
V386E,386,V,E,0.0409247093727309,BTB/POZ
V386F,386,V,F,0.0307981654153562,BTB/POZ
V386G,386,V,G,0.0326024763865357,BTB/POZ
V386H,386,V,H,0.0633612860256735,BTB/POZ
V386I,386,V,I,0.0017104625817403,BTB/POZ
V386K,386,V,K,0.0702879026398658,BTB/POZ
V386L,386,V,L,0.0338785117461855,BTB/POZ
V386M,386,V,M,0.0153699442964398,BTB/POZ
V386N,386,V,N,0.0547650762896585,BTB/POZ
V386P,386,V,P,0.0583903487527247,BTB/POZ
V386Q,386,V,Q,0.0547037720997821,BTB/POZ
V386R,386,V,R,0.0724501998062485,BTB/POZ
V386S,386,V,S,0.026584826834586,BTB/POZ
V386T,386,V,T,0.0542965911843076,BTB/POZ
V386W,386,V,W,0.0,BTB/POZ
V386Y,386,V,Y,0.0079226204892225,BTB/POZ
T387A,387,T,A,0.0103747880842805,BTB/POZ
T387C,387,T,C,0.0085893981593592,BTB/POZ
T387D,387,T,D,0.0207124909178964,BTB/POZ
T387E,387,T,E,0.0268421530636958,BTB/POZ
T387F,387,T,F,0.05470225841608,BTB/POZ
T387G,387,T,G,0.0040241281181884,BTB/POZ
T387H,387,T,H,0.0230677827561153,BTB/POZ
T387I,387,T,I,0.01016211552434,BTB/POZ
T387K,387,T,K,0.0196453439089368,BTB/POZ
T387L,387,T,L,0.0273779970937273,BTB/POZ
T387M,387,T,M,0.0182436728021312,BTB/POZ
T387N,387,T,N,0.0126248789053025,BTB/POZ
T387P,387,T,P,0.0482403426979898,BTB/POZ
T387Q,387,T,Q,0.000896857592636,BTB/POZ
T387R,387,T,R,0.0005517377088869,BTB/POZ
T387S,387,T,S,0.0135641196415597,BTB/POZ
T387V,387,T,V,0.0,BTB/POZ
T387W,387,T,W,0.031173558973117,BTB/POZ
T387Y,387,T,Y,0.0135656333252589,BTB/POZ
R388A,388,R,A,0.045637563574714,BTB/POZ
R388C,388,R,C,0.0701895131993219,BTB/POZ
R388D,388,R,D,0.1093485105352373,BTB/POZ
R388E,388,R,E,0.0514054553160572,BTB/POZ
R388F,388,R,F,0.0539673649794139,BTB/POZ
R388G,388,R,G,0.0856025974812304,BTB/POZ
R388H,388,R,H,0.0536320840397191,BTB/POZ
R388I,388,R,I,0.0452886594817147,BTB/POZ
R388K,388,R,K,0.0465851295713234,BTB/POZ
R388L,388,R,L,0.0354822596270269,BTB/POZ
R388M,388,R,M,0.0596701683216275,BTB/POZ
R388N,388,R,N,0.0720740494066346,BTB/POZ
R388P,388,R,P,0.0,BTB/POZ
R388Q,388,R,Q,0.0405326652942587,BTB/POZ
R388S,388,R,S,0.0452054068781788,BTB/POZ
R388T,388,R,T,0.0640242794865585,BTB/POZ
R388V,388,R,V,0.113902427948656,BTB/POZ
R388W,388,R,W,0.0578862920804069,BTB/POZ
R388Y,388,R,Y,0.0462967728263488,BTB/POZ
D389A,389,D,A,0.0131675345119869,BTB/POZ
D389C,389,D,C,0.0450865827076774,BTB/POZ
D389E,389,D,E,0.0039007628965851,BTB/POZ
D389F,389,D,F,0.0714784148704287,BTB/POZ
D389G,389,D,G,0.0241424981835795,BTB/POZ
D389H,389,D,H,0.0398151792201502,BTB/POZ
D389I,389,D,I,0.0675277004117206,BTB/POZ
D389K,389,D,K,0.0440739283119385,BTB/POZ
D389L,389,D,L,0.0447732501816421,BTB/POZ
D389M,389,D,M,0.0357433700653911,BTB/POZ
D389N,389,D,N,0.002486225478324,BTB/POZ
D389P,389,D,P,0.029896766771614,BTB/POZ
D389Q,389,D,Q,0.0420349963671591,BTB/POZ
D389R,389,D,R,0.0501082283845954,BTB/POZ
D389S,389,D,S,0.0,BTB/POZ
D389T,389,D,T,0.0154304916444645,BTB/POZ
D389V,389,D,V,0.0354429038508113,BTB/POZ
D389W,389,D,W,0.082479111164931,BTB/POZ
D389Y,389,D,Y,0.0301896645676919,BTB/POZ
K390A,390,K,A,0.0198156333252589,BTB/POZ
K390C,390,K,C,0.0186932368612255,BTB/POZ
K390D,390,K,D,0.0256894829256464,BTB/POZ
K390E,390,K,E,0.0060456527004117,BTB/POZ
K390F,390,K,F,0.008268497214822,BTB/POZ
K390G,390,K,G,0.0024703317994657,BTB/POZ
K390H,390,K,H,0.0229746912085251,BTB/POZ
K390I,390,K,I,0.022900520707193,BTB/POZ
K390L,390,K,L,0.0235377815451669,BTB/POZ
K390M,390,K,M,0.0013191753451184,BTB/POZ
K390N,390,K,N,0.0,BTB/POZ
K390P,390,K,P,0.0283142104625817,BTB/POZ
K390Q,390,K,Q,0.0234265257931688,BTB/POZ
K390R,390,K,R,0.0182550254298861,BTB/POZ
K390S,390,K,S,0.0022304129329121,BTB/POZ
K390T,390,K,T,0.0074155364495021,BTB/POZ
K390V,390,K,V,0.025426858803583,BTB/POZ
K390W,390,K,W,0.0267240857350434,BTB/POZ
K390Y,390,K,Y,0.0290945144102688,BTB/POZ
Q391A,391,Q,A,0.0178819023976735,BTB/POZ
Q391C,391,Q,C,0.0342289295228869,BTB/POZ
Q391D,391,Q,D,0.0210250666020814,BTB/POZ
Q391E,391,Q,E,0.0,BTB/POZ
Q391F,391,Q,F,0.0214746306611756,BTB/POZ
Q391G,391,Q,G,0.0252664083313151,BTB/POZ
Q391H,391,Q,H,0.0306891801889063,BTB/POZ
Q391I,391,Q,I,0.0530742915960281,BTB/POZ
Q391K,391,Q,K,0.0608031605715656,BTB/POZ
Q391L,391,Q,L,0.0304621276338082,BTB/POZ
Q391M,391,Q,M,0.027200139258899,BTB/POZ
Q391N,391,Q,N,0.0218114252845725,BTB/POZ
Q391P,391,Q,P,0.1475357229353342,BTB/POZ
Q391R,391,Q,R,0.0511594817146995,BTB/POZ
Q391S,391,Q,S,0.0045993279244369,BTB/POZ
Q391T,391,Q,T,0.0157468515379026,BTB/POZ
Q391V,391,Q,V,0.0392604141438605,BTB/POZ
Q391W,391,Q,W,0.006081224267377,BTB/POZ
Q391Y,391,Q,Y,0.0421530636958087,BTB/POZ
G392A,392,G,A,0.0398560486800678,BTB/POZ
G392C,392,G,C,0.0459047287478795,BTB/POZ
G392D,392,G,D,0.0097254177766999,BTB/POZ
G392E,392,G,E,0.0113321930249441,BTB/POZ
G392F,392,G,F,0.0597980745943328,BTB/POZ
G392H,392,G,H,0.0509642165173166,BTB/POZ
G392I,392,G,I,0.2254155061758298,BTB/POZ
G392K,392,G,K,0.0329854383627997,BTB/POZ
G392L,392,G,L,0.0380169229837733,BTB/POZ
G392M,392,G,M,0.0408747578106065,BTB/POZ
G392N,392,G,N,0.0,BTB/POZ
G392P,392,G,P,0.07576365342698,BTB/POZ
G392Q,392,G,Q,0.0185078106078954,BTB/POZ
G392R,392,G,R,0.0353641922983759,BTB/POZ
G392S,392,G,S,0.0292912932913524,BTB/POZ
G392T,392,G,T,0.0437204831678373,BTB/POZ
G392V,392,G,V,0.1446703196899963,BTB/POZ
G392W,392,G,W,0.0845884294017909,BTB/POZ
G392Y,392,G,Y,0.062145798014047,BTB/POZ
R393A,393,R,A,0.0220498304674269,BTB/POZ
R393C,393,R,C,0.0294419048195703,BTB/POZ
R393D,393,R,D,0.0320999333979186,BTB/POZ
R393E,393,R,E,0.0266362920804083,BTB/POZ
R393F,393,R,F,0.0052388592879646,BTB/POZ
R393G,393,R,G,0.0391960825865841,BTB/POZ
R393H,393,R,H,0.0086537297166384,BTB/POZ
R393I,393,R,I,0.0340639379995156,BTB/POZ
R393K,393,R,K,0.0316655061758295,BTB/POZ
R393L,393,R,L,0.008985226447083,BTB/POZ
R393M,393,R,M,0.0149317328651019,BTB/POZ
R393N,393,R,N,0.0187121579074836,BTB/POZ
R393P,393,R,P,0.1143996730443208,BTB/POZ
R393Q,393,R,Q,0.0138017679825637,BTB/POZ
R393S,393,R,S,0.0106510353596526,BTB/POZ
R393T,393,R,T,0.0425640288205377,BTB/POZ
R393V,393,R,V,0.0184972148219908,BTB/POZ
R393W,393,R,W,0.0041399249212884,BTB/POZ
R393Y,393,R,Y,0.0,BTB/POZ
I394A,394,I,A,0.0,BTB/POZ
I394C,394,I,C,0.0328454226204892,BTB/POZ
I394D,394,I,D,0.0049974267377088,BTB/POZ
I394E,394,I,E,0.0096103778154516,BTB/POZ
I394F,394,I,F,0.038326471300557,BTB/POZ
I394G,394,I,G,0.0006766166141922,BTB/POZ
I394H,394,I,H,0.0285140167110666,BTB/POZ
I394K,394,I,K,0.0598669472027126,BTB/POZ
I394L,394,I,L,0.0423982804553161,BTB/POZ
I394M,394,I,M,0.0358614373940421,BTB/POZ
I394N,394,I,N,0.0400944538629194,BTB/POZ
I394P,394,I,P,0.0209773855655122,BTB/POZ
I394Q,394,I,Q,0.0155447747638653,BTB/POZ
I394R,394,I,R,0.0579218636473709,BTB/POZ
I394S,394,I,S,0.0082102203923454,BTB/POZ
I394T,394,I,T,0.02421288447566,BTB/POZ
I394V,394,I,V,0.0043465427464263,BTB/POZ
I394W,394,I,W,0.0276459191087416,BTB/POZ
I394Y,394,I,Y,0.0171462521191557,BTB/POZ
F395A,395,F,A,0.0259785965124713,BTB/POZ
F395C,395,F,C,0.0102256902397661,BTB/POZ
F395D,395,F,D,0.0494073928311926,BTB/POZ
F395E,395,F,E,0.0700986921772813,BTB/POZ
F395G,395,F,G,0.0203340699927343,BTB/POZ
F395H,395,F,H,0.0187772463066117,BTB/POZ
F395I,395,F,I,0.0520207677403716,BTB/POZ
F395K,395,F,K,0.0925920319689984,BTB/POZ
F395L,395,F,L,0.0880736861225479,BTB/POZ
F395M,395,F,M,0.0,BTB/POZ
F395N,395,F,N,0.0681611770404443,BTB/POZ
F395P,395,F,P,0.0933662811818829,BTB/POZ
F395Q,395,F,Q,0.0868937696778882,BTB/POZ
F395R,395,F,R,0.0265151973843546,BTB/POZ
F395S,395,F,S,0.0607085553402761,BTB/POZ
F395T,395,F,T,0.0613617098571083,BTB/POZ
F395V,395,F,V,0.0326168563816905,BTB/POZ
F395W,395,F,W,0.0451622668927087,BTB/POZ
F395Y,395,F,Y,0.0237027730685382,BTB/POZ
L396A,396,L,A,0.009061667473966,BTB/POZ
L396C,396,L,C,0.0242461855170743,BTB/POZ
L396D,396,L,D,0.0,BTB/POZ
L396E,396,L,E,0.0327720089610075,BTB/POZ
L396F,396,L,F,0.0459887381932672,BTB/POZ
L396G,396,L,G,0.0874825926374426,BTB/POZ
L396H,396,L,H,0.0439157483652216,BTB/POZ
L396I,396,L,I,0.0355904880116265,BTB/POZ
L396K,396,L,K,0.0754510777427949,BTB/POZ
L396M,396,L,M,0.0689384536207315,BTB/POZ
L396N,396,L,N,0.0375,BTB/POZ
L396P,396,L,P,0.0960833434245595,BTB/POZ
L396Q,396,L,Q,0.0375582768224766,BTB/POZ
L396R,396,L,R,0.0503269556793427,BTB/POZ
L396S,396,L,S,0.0179749939452666,BTB/POZ
L396T,396,L,T,0.0034723904093014,BTB/POZ
L396V,396,L,V,0.0052411298135141,BTB/POZ
L396W,396,L,W,0.0839640348752725,BTB/POZ
L396Y,396,L,Y,0.050474539840155,BTB/POZ
D397A,397,D,A,0.0,BTB/POZ
D397C,397,D,C,0.0017589004601598,BTB/POZ
D397E,397,D,E,0.0423248667958344,BTB/POZ
D397F,397,D,F,0.0142876604504708,BTB/POZ
D397G,397,D,G,0.0406287842092516,BTB/POZ
D397H,397,D,H,0.0189180188907712,BTB/POZ
D397I,397,D,I,0.0358500847662858,BTB/POZ
D397K,397,D,K,0.0517301404698474,BTB/POZ
D397L,397,D,L,0.0194531060789523,BTB/POZ
D397M,397,D,M,0.0290135323322838,BTB/POZ
D397N,397,D,N,0.0282930188907712,BTB/POZ
D397P,397,D,P,0.0207465488011625,BTB/POZ
D397Q,397,D,Q,0.0231813090336629,BTB/POZ
D397R,397,D,R,0.039079528941631,BTB/POZ
D397S,397,D,S,0.0129919472027125,BTB/POZ
D397T,397,D,T,0.0057467001695325,BTB/POZ
D397V,397,D,V,0.0148363707919593,BTB/POZ
D397W,397,D,W,0.0200411721966578,BTB/POZ
D397Y,397,D,Y,0.0335530697505449,BTB/POZ
R398A,398,R,A,0.0225576713489935,BTB/POZ
R398C,398,R,C,0.0570832828772086,BTB/POZ
R398D,398,R,D,0.012018648583192,BTB/POZ
R398E,398,R,E,0.0246919653669155,BTB/POZ
R398F,398,R,F,0.080301677161539,BTB/POZ
R398G,398,R,G,0.0126687757326229,BTB/POZ
R398H,398,R,H,0.0289015197384354,BTB/POZ
R398I,398,R,I,0.0858621942358911,BTB/POZ
R398K,398,R,K,0.0,BTB/POZ
R398L,398,R,L,0.2386292080406867,BTB/POZ
R398M,398,R,M,0.0503776640833118,BTB/POZ
R398N,398,R,N,0.0247305643012836,BTB/POZ
R398P,398,R,P,0.0769072414628226,BTB/POZ
R398Q,398,R,Q,0.014105261564542,BTB/POZ
R398S,398,R,S,0.0207715245822233,BTB/POZ
R398T,398,R,T,0.0380782271736498,BTB/POZ
R398V,398,R,V,0.0419706648098799,BTB/POZ
R398W,398,R,W,0.0611543351901173,BTB/POZ
R398Y,398,R,Y,0.0649135686606927,BTB/POZ
D399A,399,D,A,0.0532006841850313,BTB/POZ
D399C,399,D,C,0.0254949745701138,BTB/POZ
D399E,399,D,E,0.0375552494550739,BTB/POZ
D399F,399,D,F,0.0794388774521663,BTB/POZ
D399G,399,D,G,0.0,BTB/POZ
D399H,399,D,H,0.0402140348752725,BTB/POZ
D399I,399,D,I,0.0753360377815452,BTB/POZ
D399K,399,D,K,0.0736770404456271,BTB/POZ
D399L,399,D,L,0.0667655606684428,BTB/POZ
D399M,399,D,M,0.0609204710583663,BTB/POZ
D399N,399,D,N,0.0480284269798969,BTB/POZ
D399P,399,D,P,0.035989343666746,BTB/POZ
D399Q,399,D,Q,0.0636405606684428,BTB/POZ
D399R,399,D,R,0.0777730685395966,BTB/POZ
D399S,399,D,S,0.0415142891741328,BTB/POZ
D399T,399,D,T,0.0527503632840868,BTB/POZ
D399V,399,D,V,0.0459213792685881,BTB/POZ
D399W,399,D,W,0.1197626543957376,BTB/POZ
D399Y,399,D,Y,0.0827440058125441,BTB/POZ
S400A,400,S,A,0.0335409602809397,BTB/POZ
S400C,400,S,C,0.0526164022765817,BTB/POZ
S400D,400,S,D,0.0186478263502058,BTB/POZ
S400E,400,S,E,0.0149445991765574,BTB/POZ
S400F,400,S,F,0.1396153729716654,BTB/POZ
S400G,400,S,G,0.0,BTB/POZ
S400H,400,S,H,0.0537335008476629,BTB/POZ
S400I,400,S,I,0.0788856260595801,BTB/POZ
S400K,400,S,K,0.1448050375393574,BTB/POZ
S400L,400,S,L,0.0596065936062001,BTB/POZ
S400M,400,S,M,0.167355140469849,BTB/POZ
S400N,400,S,N,0.084309911600872,BTB/POZ
S400P,400,S,P,0.0414507144587067,BTB/POZ
S400Q,400,S,Q,0.0759346996851553,BTB/POZ
S400R,400,S,R,0.1440345725357231,BTB/POZ
S400T,400,S,T,0.0657983167837263,BTB/POZ
S400V,400,S,V,0.0486876362315345,BTB/POZ
S400W,400,S,W,0.017642740372973,BTB/POZ
S400Y,400,S,Y,0.0909867704044578,BTB/POZ
E401A,401,E,A,0.0325956648098799,BTB/POZ
E401C,401,E,C,0.0178834160813742,BTB/POZ
E401D,401,E,D,0.0109227415839186,BTB/POZ
E401F,401,E,F,0.0641529426011141,BTB/POZ
E401G,401,E,G,0.0942760050859759,BTB/POZ
E401H,401,E,H,0.0662592334705726,BTB/POZ
E401I,401,E,I,0.0,BTB/POZ
E401K,401,E,K,0.0585016045047227,BTB/POZ
E401L,401,E,L,0.0344204105110196,BTB/POZ
E401M,401,E,M,0.0375968757568404,BTB/POZ
E401N,401,E,N,0.046912085250666,BTB/POZ
E401P,401,E,P,0.0513380963913767,BTB/POZ
E401Q,401,E,Q,0.0283512957132463,BTB/POZ
E401R,401,E,R,0.0513774521675951,BTB/POZ
E401S,401,E,S,0.0460182550254285,BTB/POZ
E401T,401,E,T,0.0203605594574957,BTB/POZ
E401V,401,E,V,0.019701350205861,BTB/POZ
E401W,401,E,W,0.0668684911600858,BTB/POZ
E401Y,401,E,Y,0.0527617159118431,BTB/POZ
L402A,402,L,A,0.0615554613707934,BTB/POZ
L402C,402,L,C,0.0479376059578605,BTB/POZ
L402D,402,L,D,0.0055438665536463,BTB/POZ
L402E,402,L,E,0.0127777609590714,BTB/POZ
L402F,402,L,F,0.0407090094453877,BTB/POZ
L402G,402,L,G,0.0987171530636973,BTB/POZ
L402H,402,L,H,0.0340056611770419,BTB/POZ
L402I,402,L,I,0.0154925526761928,BTB/POZ
L402K,402,L,K,0.0744036086219438,BTB/POZ
L402M,402,L,M,0.0321642649551964,BTB/POZ
L402N,402,L,N,0.0249394526519752,BTB/POZ
L402P,402,L,P,0.0565807398885929,BTB/POZ
L402Q,402,L,Q,0.038293927100993,BTB/POZ
L402R,402,L,R,0.07583328287721,BTB/POZ
L402S,402,L,S,0.0963535359651248,BTB/POZ
L402T,402,L,T,0.060289264955195,BTB/POZ
L402V,402,L,V,0.0,BTB/POZ
L402W,402,L,W,0.031965215548559,BTB/POZ
L402Y,402,L,Y,0.0609908573504481,BTB/POZ
F403A,403,F,A,0.1120602748849587,BTB/POZ
F403C,403,F,C,0.1541164628239285,BTB/POZ
F403D,403,F,D,0.2048657362557522,BTB/POZ
F403E,403,F,E,0.1713739706950824,BTB/POZ
F403G,403,F,G,0.2357615342697993,BTB/POZ
F403H,403,F,H,0.0096330830709615,BTB/POZ
F403I,403,F,I,0.1362065572777914,BTB/POZ
F403K,403,F,K,0.2029630358440289,BTB/POZ
F403L,403,F,L,0.0761526701380466,BTB/POZ
F403M,403,F,M,0.0465344211673515,BTB/POZ
F403N,403,F,N,0.2470929704528945,BTB/POZ
F403P,403,F,P,0.3154093000726573,BTB/POZ
F403Q,403,F,Q,0.0780425042383144,BTB/POZ
F403R,403,F,R,0.2112247214821979,BTB/POZ
F403S,403,F,S,0.1461226992007738,BTB/POZ
F403T,403,F,T,0.1021267255994174,BTB/POZ
F403V,403,F,V,0.1844400883991283,BTB/POZ
F403W,403,F,W,0.0,BTB/POZ
F403Y,403,F,Y,0.0029592516347784,BTB/POZ
R404A,404,R,A,0.0890712036812788,BTB/POZ
R404C,404,R,C,0.053392165173164,BTB/POZ
R404D,404,R,D,0.0351696839428433,BTB/POZ
R404E,404,R,E,0.0536843061273916,BTB/POZ
R404F,404,R,F,0.064127209978203,BTB/POZ
R404G,404,R,G,0.076778578348267,BTB/POZ
R404H,404,R,H,0.020611074109954,BTB/POZ
R404I,404,R,I,0.0716978990070221,BTB/POZ
R404K,404,R,K,0.0357252058609819,BTB/POZ
R404L,404,R,L,0.0480882174860741,BTB/POZ
R404M,404,R,M,0.0320174376362301,BTB/POZ
R404N,404,R,N,0.0,BTB/POZ
R404P,404,R,P,0.1455210099297652,BTB/POZ
R404Q,404,R,Q,0.0288924376362301,BTB/POZ
R404S,404,R,S,0.0633416081375636,BTB/POZ
R404T,404,R,T,0.0312212400096876,BTB/POZ
R404V,404,R,V,0.0537403124243158,BTB/POZ
R404W,404,R,W,0.0777057096149175,BTB/POZ
R404Y,404,R,Y,0.0427668624364253,BTB/POZ
I405A,405,I,A,0.0848101840639367,BTB/POZ
I405C,405,I,C,0.0845483167837249,BTB/POZ
I405D,405,I,D,0.0399181097117946,BTB/POZ
I405E,405,I,E,0.0508347965609107,BTB/POZ
I405F,405,I,F,0.0614199866795835,BTB/POZ
I405G,405,I,G,0.0215593969484122,BTB/POZ
I405H,405,I,H,0.0382878723661904,BTB/POZ
I405K,405,I,K,0.0421076531847905,BTB/POZ
I405L,405,I,L,0.0186432852991039,BTB/POZ
I405M,405,I,M,0.0,BTB/POZ
I405N,405,I,N,0.025113526277549,BTB/POZ
I405P,405,I,P,0.0645737466698945,BTB/POZ
I405Q,405,I,Q,0.1008249576168565,BTB/POZ
I405R,405,I,R,0.0142770646645663,BTB/POZ
I405S,405,I,S,0.064323988859288,BTB/POZ
I405T,405,I,T,0.0381206103172681,BTB/POZ
I405V,405,I,V,0.002331072899007,BTB/POZ
I405W,405,I,W,0.0913742734318238,BTB/POZ
I405Y,405,I,Y,0.0266029910389911,BTB/POZ
I406A,406,I,A,0.0133257144587053,BTB/POZ
I406C,406,I,C,0.0376521252119143,BTB/POZ
I406D,406,I,D,0.12231775248244,BTB/POZ
I406E,406,I,E,0.1160102325018165,BTB/POZ
I406F,406,I,F,0.0865660571566966,BTB/POZ
I406G,406,I,G,0.0260626059578576,BTB/POZ
I406H,406,I,H,0.100637260837974,BTB/POZ
I406K,406,I,K,0.2252323504480507,BTB/POZ
I406L,406,I,L,0.0419123879874062,BTB/POZ
I406M,406,I,M,0.0,BTB/POZ
I406N,406,I,N,0.0722617461855157,BTB/POZ
I406P,406,I,P,0.082212702833616,BTB/POZ
I406Q,406,I,Q,0.032068146040202,BTB/POZ
I406R,406,I,R,0.1742212097360138,BTB/POZ
I406S,406,I,S,0.010072808186,BTB/POZ
I406T,406,I,T,0.0436985347541764,BTB/POZ
I406V,406,I,V,0.08168972511504,BTB/POZ
I406W,406,I,W,0.1614979413901673,BTB/POZ
I406Y,406,I,Y,0.102941844272221,BTB/POZ
L407A,407,L,A,0.071794774763864,BTB/POZ
L407C,407,L,C,0.0276156454347299,BTB/POZ
L407D,407,L,D,0.1416732259627016,BTB/POZ
L407E,407,L,E,0.1592546621457982,BTB/POZ
L407F,407,L,F,0.3912282029547111,BTB/POZ
L407G,407,L,G,0.0999485347541779,BTB/POZ
L407H,407,L,H,0.1636367764591913,BTB/POZ
L407I,407,L,I,0.0784103293775733,BTB/POZ
L407K,407,L,K,0.2207526035359654,BTB/POZ
L407M,407,L,M,0.2113352203923471,BTB/POZ
L407N,407,L,N,0.0709455982077972,BTB/POZ
L407P,407,L,P,0.1623554432065878,BTB/POZ
L407Q,407,L,Q,0.211060486800677,BTB/POZ
L407R,407,L,R,0.1798150278517789,BTB/POZ
L407S,407,L,S,0.0675095362073142,BTB/POZ
L407T,407,L,T,0.0311614495035103,BTB/POZ
L407V,407,L,V,0.0,BTB/POZ
L407W,407,L,W,0.413433942843304,BTB/POZ
L407Y,407,L,Y,0.3295841910874308,BTB/POZ
N408A,408,N,A,0.0760361164930977,BTB/POZ
N408C,408,N,C,0.0639796258173907,BTB/POZ
N408D,408,N,D,0.0222806672317766,BTB/POZ
N408E,408,N,E,0.0275392044078483,BTB/POZ
N408F,408,N,F,0.0658361588762427,BTB/POZ
N408G,408,N,G,0.0531764652458237,BTB/POZ
N408H,408,N,H,0.0640734742068298,BTB/POZ
N408I,408,N,I,0.0505494671833388,BTB/POZ
N408K,408,N,K,0.0594211673528714,BTB/POZ
N408L,408,N,L,0.0904509263744263,BTB/POZ
N408M,408,N,M,0.0612088278033437,BTB/POZ
N408P,408,N,P,0.0,BTB/POZ
N408Q,408,N,Q,0.0428274097844515,BTB/POZ
N408R,408,N,R,0.0761360196173408,BTB/POZ
N408S,408,N,S,0.0231639016711068,BTB/POZ
N408T,408,N,T,0.0684881327197883,BTB/POZ
N408V,408,N,V,0.0477075260353611,BTB/POZ
N408W,408,N,W,0.0645328772099797,BTB/POZ
N408Y,408,N,Y,0.0435244611286026,BTB/POZ
F409A,409,F,A,0.0542133385807702,BTB/POZ
F409C,409,F,C,0.0318675829498668,BTB/POZ
F409D,409,F,D,0.0176699866795834,BTB/POZ
F409E,409,F,E,0.0060759263744248,BTB/POZ
F409G,409,F,G,0.0726946597239042,BTB/POZ
F409H,409,F,H,0.0,BTB/POZ
F409I,409,F,I,0.0150770465003618,BTB/POZ
F409K,409,F,K,0.0325108985226433,BTB/POZ
F409L,409,F,L,0.0097443388229581,BTB/POZ
F409M,409,F,M,0.0259657302010158,BTB/POZ
F409N,409,F,N,0.0481275732622897,BTB/POZ
F409P,409,F,P,0.0087937454589489,BTB/POZ
F409Q,409,F,Q,0.0526898159360606,BTB/POZ
F409R,409,F,R,0.0227915354807445,BTB/POZ
F409S,409,F,S,0.0610286994429644,BTB/POZ
F409T,409,F,T,0.0178766045047213,BTB/POZ
F409V,409,F,V,0.0277170622426724,BTB/POZ
F409W,409,F,W,0.0335053887139729,BTB/POZ
F409Y,409,F,Y,0.0151534875272463,BTB/POZ
L410A,410,L,A,0.0,BTB/POZ
L410C,410,L,C,0.0660246124969741,BTB/POZ
L410D,410,L,D,0.0149801707435228,BTB/POZ
L410E,410,L,E,0.0307300496488254,BTB/POZ
L410F,410,L,F,0.0218538084281908,BTB/POZ
L410G,410,L,G,0.0331943267134914,BTB/POZ
L410H,410,L,H,0.0316995640590956,BTB/POZ
L410I,410,L,I,0.0148265318479064,BTB/POZ
L410K,410,L,K,0.1825222511504012,BTB/POZ
L410M,410,L,M,0.0729020343908952,BTB/POZ
L410N,410,L,N,0.0399710886413189,BTB/POZ
L410P,410,L,P,0.0619149612496973,BTB/POZ
L410Q,410,L,Q,0.040758204165659,BTB/POZ
L410R,410,L,R,0.1734749636715928,BTB/POZ
L410S,410,L,S,0.0287160934851068,BTB/POZ
L410T,410,L,T,0.0171969605231291,BTB/POZ
L410V,410,L,V,0.0111391983531121,BTB/POZ
L410W,410,L,W,0.0671326289658528,BTB/POZ
L410Y,410,L,Y,0.0125075684185046,BTB/POZ
R411A,411,R,A,0.0381766166141923,BTB/POZ
R411C,411,R,C,0.0562166989585856,BTB/POZ
R411D,411,R,D,0.0123410632114299,BTB/POZ
R411E,411,R,E,0.0323277427948656,BTB/POZ
R411F,411,R,F,0.0257628965851281,BTB/POZ
R411G,411,R,G,0.070681460402033,BTB/POZ
R411H,411,R,H,0.0494649128118189,BTB/POZ
R411I,411,R,I,0.0,BTB/POZ
R411K,411,R,K,0.0498607410995385,BTB/POZ
R411L,411,R,L,0.0207957435214337,BTB/POZ
R411M,411,R,M,0.0161964155969968,BTB/POZ
R411N,411,R,N,0.012097360135626,BTB/POZ
R411P,411,R,P,0.0097935335432294,BTB/POZ
R411Q,411,R,Q,0.0524022160329364,BTB/POZ
R411S,411,R,S,0.0555726265439574,BTB/POZ
R411T,411,R,T,0.0343144526519738,BTB/POZ
R411V,411,R,V,0.0196362618067314,BTB/POZ
R411W,411,R,W,0.0983970089610062,BTB/POZ
R411Y,411,R,Y,0.0707495761685625,BTB/POZ
N412A,412,N,A,0.0131811576652942,BTB/POZ
N412C,412,N,C,0.0465344211673515,BTB/POZ
N412D,412,N,D,0.0379382114313393,BTB/POZ
N412E,412,N,E,0.0156038084281908,BTB/POZ
N412F,412,N,F,0.0481548195689029,BTB/POZ
N412G,412,N,G,0.0505593061273916,BTB/POZ
N412H,412,N,H,0.0358826289658513,BTB/POZ
N412I,412,N,I,0.0377913841123759,BTB/POZ
N412K,412,N,K,0.046002361346573,BTB/POZ
N412L,412,N,L,0.0630615766529412,BTB/POZ
N412M,412,N,M,0.0462778517800921,BTB/POZ
N412P,412,N,P,0.0640757447323794,BTB/POZ
N412Q,412,N,Q,0.0191776156454347,BTB/POZ
N412R,412,N,R,0.0317298377331059,BTB/POZ
N412S,412,N,S,0.0419994248001938,BTB/POZ
N412T,412,N,T,0.0,BTB/POZ
N412V,412,N,V,0.0351151913296198,BTB/POZ
N412W,412,N,W,0.0657771252119158,BTB/POZ
N412Y,412,N,Y,0.0597526640833118,BTB/POZ
P413A,413,P,A,0.0,BTB/POZ
P413C,413,P,C,0.0545592153063696,BTB/POZ
P413D,413,P,D,0.1601984439331559,BTB/POZ
P413E,413,P,E,0.0754548619520466,BTB/POZ
P413F,413,P,F,0.0573799648825368,BTB/POZ
P413G,413,P,G,0.1277004117219667,BTB/POZ
P413H,413,P,H,0.0800239162024704,BTB/POZ
P413I,413,P,I,0.1089065148946477,BTB/POZ
P413K,413,P,K,0.0764417837248715,BTB/POZ
P413L,413,P,L,0.0296038689755389,BTB/POZ
P413M,413,P,M,0.0361694720271252,BTB/POZ
P413N,413,P,N,0.1315421409542264,BTB/POZ
P413Q,413,P,Q,0.0374894042140954,BTB/POZ
P413R,413,P,R,0.089357289900701,BTB/POZ
P413S,413,P,S,0.0683889864373927,BTB/POZ
P413T,413,P,T,0.0688741220634523,BTB/POZ
P413V,413,P,V,0.1143898341002665,BTB/POZ
P413W,413,P,W,0.037613526277549,BTB/POZ
P413Y,413,P,Y,0.0411979292806961,BTB/POZ
L414A,414,L,A,0.0422022584160814,BTB/POZ
L414C,414,L,C,0.028557913538387,BTB/POZ
L414D,414,L,D,0.0082541172196657,BTB/POZ
L414E,414,L,E,0.0120723843545638,BTB/POZ
L414F,414,L,F,0.0,BTB/POZ
L414G,414,L,G,0.0353997638653427,BTB/POZ
L414H,414,L,H,0.0120988738193267,BTB/POZ
L414I,414,L,I,0.031556520949381,BTB/POZ
L414K,414,L,K,0.0277382538144815,BTB/POZ
L414M,414,L,M,0.0121374727536934,BTB/POZ
L414N,414,L,N,0.0133665839186243,BTB/POZ
L414P,414,L,P,0.0472836945991752,BTB/POZ
L414Q,414,L,Q,0.0271569992734318,BTB/POZ
L414R,414,L,R,0.0109303100024219,BTB/POZ
L414S,414,L,S,0.0139251332041656,BTB/POZ
L414T,414,L,T,0.0340049043351887,BTB/POZ
L414V,414,L,V,0.0452598994914023,BTB/POZ
L414W,414,L,W,0.0032317147008946,BTB/POZ
L414Y,414,L,Y,0.0228641922983773,BTB/POZ
T415A,415,T,A,0.0442888713974342,BTB/POZ
T415C,415,T,C,0.0021479171712279,BTB/POZ
T415D,415,T,D,0.0621942358924694,BTB/POZ
T415E,415,T,E,0.0184056369581026,BTB/POZ
T415F,415,T,F,0.0791459796560925,BTB/POZ
T415G,415,T,G,0.0653593485105353,BTB/POZ
T415H,415,T,H,0.0436069568902896,BTB/POZ
T415I,415,T,I,0.054130842819086,BTB/POZ
T415K,415,T,K,0.0574019132961991,BTB/POZ
T415L,415,T,L,0.0378753935577636,BTB/POZ
T415M,415,T,M,0.0882379208040703,BTB/POZ
T415N,415,T,N,0.0667859953984016,BTB/POZ
T415P,415,T,P,0.0566443146040204,BTB/POZ
T415Q,415,T,Q,0.0,BTB/POZ
T415R,415,T,R,0.0400270949382431,BTB/POZ
T415S,415,T,S,0.0234817752482455,BTB/POZ
T415V,415,T,V,0.0231820658755146,BTB/POZ
T415W,415,T,W,0.0201456163720029,BTB/POZ
T415Y,415,T,Y,0.0639122668927116,BTB/POZ
I416A,416,I,A,0.0203113647372245,BTB/POZ
I416C,416,I,C,0.0272016529425997,BTB/POZ
I416D,416,I,D,0.0422945931218213,BTB/POZ
I416E,416,I,E,0.0366402276580286,BTB/POZ
I416F,416,I,F,0.0468568357955922,BTB/POZ
I416G,416,I,G,0.0466275127149417,BTB/POZ
I416H,416,I,H,0.0415899733591655,BTB/POZ
I416K,416,I,K,0.085760020586097,BTB/POZ
I416L,416,I,L,0.0269049709372729,BTB/POZ
I416M,416,I,M,0.0513986437394042,BTB/POZ
I416N,416,I,N,0.062900369338823,BTB/POZ
I416P,416,I,P,0.0596088641317511,BTB/POZ
I416Q,416,I,Q,0.0570832828772086,BTB/POZ
I416R,416,I,R,0.0746980201017196,BTB/POZ
I416S,416,I,S,0.0424217425526762,BTB/POZ
I416T,416,I,T,0.0519450835553403,BTB/POZ
I416V,416,I,V,0.0,BTB/POZ
I416W,416,I,W,0.0254427524824398,BTB/POZ
I416Y,416,I,Y,0.043314815936062,BTB/POZ
P417A,417,P,A,0.0374780515863391,BTB/POZ
P417C,417,P,C,0.0490698413659482,BTB/POZ
P417D,417,P,D,0.0347148219907968,BTB/POZ
P417E,417,P,E,0.03844907968031,BTB/POZ
P417F,417,P,F,0.0287297166384112,BTB/POZ
P417G,417,P,G,0.0481162206345362,BTB/POZ
P417H,417,P,H,0.112114010656332,BTB/POZ
P417I,417,P,I,0.0311781000242189,BTB/POZ
P417K,417,P,K,0.0506879692419472,BTB/POZ
P417L,417,P,L,0.0,BTB/POZ
P417M,417,P,M,0.0646236982320161,BTB/POZ
P417N,417,P,N,0.050544926132234,BTB/POZ
P417Q,417,P,Q,0.071917383143617,BTB/POZ
P417R,417,P,R,0.086199745701137,BTB/POZ
P417S,417,P,S,0.0561576652942601,BTB/POZ
P417T,417,P,T,0.0723351598449974,BTB/POZ
P417V,417,P,V,0.0483410026640819,BTB/POZ
P417W,417,P,W,0.0616879086945978,BTB/POZ
P417Y,417,P,Y,0.1113427888108502,BTB/POZ
I418A,418,I,A,0.054161873334948,BTB/POZ
I418C,418,I,C,0.0522667413417278,BTB/POZ
I418D,418,I,D,0.0229784754177767,BTB/POZ
I418E,418,I,E,0.0478316480988119,BTB/POZ
I418F,418,I,F,0.0386541838217472,BTB/POZ
I418G,418,I,G,0.0277087369823202,BTB/POZ
I418H,418,I,H,0.0,BTB/POZ
I418K,418,I,K,0.0658853535965125,BTB/POZ
I418L,418,I,L,0.0701917837248729,BTB/POZ
I418M,418,I,M,0.0260800133204166,BTB/POZ
I418N,418,I,N,0.034375,BTB/POZ
I418P,418,I,P,0.0539613102446113,BTB/POZ
I418Q,418,I,Q,0.0304250423831422,BTB/POZ
I418R,418,I,R,0.0076660511019603,BTB/POZ
I418S,418,I,S,0.0238533845967546,BTB/POZ
I418T,418,I,T,0.0532763683700654,BTB/POZ
I418V,418,I,V,0.0142687394042141,BTB/POZ
I418W,418,I,W,0.0351583313150884,BTB/POZ
I418Y,418,I,Y,0.0270169835311199,BTB/POZ
P419A,419,P,A,0.054799891014775,BTB/POZ
P419C,419,P,C,0.0440375999031257,BTB/POZ
P419D,419,P,D,0.0197565996609348,BTB/POZ
P419E,419,P,E,0.0896789476870914,BTB/POZ
P419F,419,P,F,0.182794714216519,BTB/POZ
P419G,419,P,G,0.0571839428433035,BTB/POZ
P419H,419,P,H,0.092539053039477,BTB/POZ
P419I,419,P,I,0.0747404032453393,BTB/POZ
P419K,419,P,K,0.0749924315814982,BTB/POZ
P419L,419,P,L,0.2004003693388232,BTB/POZ
P419M,419,P,M,0.0349486861225478,BTB/POZ
P419N,419,P,N,0.0303531424073626,BTB/POZ
P419Q,419,P,Q,0.1061130116250909,BTB/POZ
P419R,419,P,R,0.1544797469120868,BTB/POZ
P419S,419,P,S,0.16300557035602,BTB/POZ
P419T,419,P,T,0.295848722450957,BTB/POZ
P419V,419,P,V,0.2833161782513944,BTB/POZ
P419W,419,P,W,0.0,BTB/POZ
P419Y,419,P,Y,0.4283634051828536,BTB/POZ
K420A,420,K,A,0.0081595119883763,BTB/POZ
K420C,420,K,C,0.3174936425284577,BTB/POZ
K420D,420,K,D,0.0323618006781317,BTB/POZ
K420E,420,K,E,0.0454241341729232,BTB/POZ
K420F,420,K,F,0.315672681036571,BTB/POZ
K420G,420,K,G,0.3410344514410288,BTB/POZ
K420H,420,K,H,0.0258968575926388,BTB/POZ
K420I,420,K,I,0.3822066480988138,BTB/POZ
K420L,420,K,L,0.3137442480019393,BTB/POZ
K420M,420,K,M,0.2946627512714947,BTB/POZ
K420N,420,K,N,0.0495587612012608,BTB/POZ
K420P,420,K,P,0.0177562666505207,BTB/POZ
K420Q,420,K,Q,0.0151368370065391,BTB/POZ
K420R,420,K,R,0.0305461370791973,BTB/POZ
K420S,420,K,S,0.0,BTB/POZ
K420T,420,K,T,0.0394662751271508,BTB/POZ
K420V,420,K,V,0.3769170804068787,BTB/POZ
K420W,420,K,W,0.2710129571324779,BTB/POZ
K420Y,420,K,Y,0.1354459312182128,BTB/POZ
D421A,421,D,A,0.3137692237830001,BTB/POZ
D421C,421,D,C,0.0528177222087687,BTB/POZ
D421E,421,D,E,0.1155016347783982,BTB/POZ
D421F,421,D,F,0.2365615161055949,BTB/POZ
D421G,421,D,G,0.0740115645434731,BTB/POZ
D421H,421,D,H,0.1010444417534513,BTB/POZ
D421I,421,D,I,0.1973033724872867,BTB/POZ
D421K,421,D,K,0.1032423104868022,BTB/POZ
D421L,421,D,L,0.2472337430370567,BTB/POZ
D421M,421,D,M,0.2695999333979189,BTB/POZ
D421N,421,D,N,0.0268360983288932,BTB/POZ
D421P,421,D,P,0.2558844453862938,BTB/POZ
D421Q,421,D,Q,0.1268921046258175,BTB/POZ
D421R,421,D,R,0.0598109409057884,BTB/POZ
D421S,421,D,S,0.0389607047711324,BTB/POZ
D421T,421,D,T,0.0,BTB/POZ
D421V,421,D,V,0.0663031302978944,BTB/POZ
D421W,421,D,W,0.2376642346815227,BTB/POZ
D421Y,421,D,Y,0.1579203499636732,BTB/POZ
L422A,422,L,A,0.0136768890772584,BTB/POZ
L422C,422,L,C,0.1325547953499638,BTB/POZ
L422D,422,L,D,0.023209312182125,BTB/POZ
L422E,422,L,E,0.0638479353354309,BTB/POZ
L422F,422,L,F,0.1054893739404201,BTB/POZ
L422G,422,L,G,0.038766196415597,BTB/POZ
L422H,422,L,H,0.03270843424558,BTB/POZ
L422I,422,L,I,0.0012147311697733,BTB/POZ
L422K,422,L,K,0.0438809336401052,BTB/POZ
L422M,422,L,M,0.0129752966820039,BTB/POZ
L422N,422,L,N,0.0216010232501816,BTB/POZ
L422P,422,L,P,0.0187704347299588,BTB/POZ
L422Q,422,L,Q,0.0552138835069024,BTB/POZ
L422R,422,L,R,0.040981472511504,BTB/POZ
L422S,422,L,S,0.0138199321869702,BTB/POZ
L422T,422,L,T,0.0,BTB/POZ
L422V,422,L,V,0.0019897372245081,BTB/POZ
L422W,422,L,W,0.0126286631145541,BTB/POZ
L422Y,422,L,Y,0.034340185274885,BTB/POZ
S423A,423,S,A,0.0370398401550012,BTB/POZ
S423C,423,S,C,0.0943933155727766,BTB/POZ
S423D,423,S,D,0.0270896403487527,BTB/POZ
S423E,423,S,E,0.0535685093242916,BTB/POZ
S423F,423,S,F,0.0955982077984985,BTB/POZ
S423G,423,S,G,0.0138327984984257,BTB/POZ
S423H,423,S,H,0.0360968152094924,BTB/POZ
S423I,423,S,I,0.0790854323080636,BTB/POZ
S423K,423,S,K,0.0224895555824641,BTB/POZ
S423L,423,S,L,0.0923528699442951,BTB/POZ
S423M,423,S,M,0.0759982744005799,BTB/POZ
S423N,423,S,N,0.0288780576410753,BTB/POZ
S423P,423,S,P,0.3486452530879138,BTB/POZ
S423Q,423,S,Q,0.0063408210220392,BTB/POZ
S423R,423,S,R,0.0,BTB/POZ
S423T,423,S,T,0.0116266045047227,BTB/POZ
S423V,423,S,V,0.0243150581254541,BTB/POZ
S423W,423,S,W,0.0675458646161284,BTB/POZ
S423Y,423,S,Y,0.0431134960038736,BTB/POZ
E424A,424,E,A,0.0163008597723419,BTB/POZ
E424C,424,E,C,0.1587120065391138,BTB/POZ
E424D,424,E,D,0.0508249576168564,BTB/POZ
E424F,424,E,F,0.0185199200775006,BTB/POZ
E424G,424,E,G,0.3030394768709135,BTB/POZ
E424H,424,E,H,0.1817480019375168,BTB/POZ
E424I,424,E,I,0.0309192601114085,BTB/POZ
E424K,424,E,K,0.1763237163962235,BTB/POZ
E424L,424,E,L,0.0408520525550995,BTB/POZ
E424M,424,E,M,0.0302161540324548,BTB/POZ
E424N,424,E,N,0.2630729292806978,BTB/POZ
E424P,424,E,P,0.1575638774521692,BTB/POZ
E424Q,424,E,Q,0.0439293715185275,BTB/POZ
E424R,424,E,R,0.0963383991281197,BTB/POZ
E424S,424,E,S,0.1569992734318253,BTB/POZ
E424T,424,E,T,0.0,BTB/POZ
E424V,424,E,V,0.0235491341729246,BTB/POZ
E424W,424,E,W,0.0640023310729005,BTB/POZ
E424Y,424,E,Y,0.0627028336158877,BTB/POZ
S425A,425,S,A,0.0472488798740601,BTB/POZ
S425C,425,S,C,0.0360604868006767,BTB/POZ
S425D,425,S,D,0.056676858803583,BTB/POZ
S425E,425,S,E,0.0,BTB/POZ
S425F,425,S,F,0.1622532695567936,BTB/POZ
S425G,425,S,G,0.0381637503027353,BTB/POZ
S425H,425,S,H,0.1324844090578834,BTB/POZ
S425I,425,S,I,0.0768065814967305,BTB/POZ
S425K,425,S,K,0.0405576410753209,BTB/POZ
S425L,425,S,L,0.065102779123273,BTB/POZ
S425M,425,S,M,0.1500794683942845,BTB/POZ
S425N,425,S,N,0.1653903790263989,BTB/POZ
S425P,425,S,P,0.1574874364252848,BTB/POZ
S425Q,425,S,Q,0.0543336764349708,BTB/POZ
S425R,425,S,R,0.0376823988859274,BTB/POZ
S425T,425,S,T,0.0169449321869702,BTB/POZ
S425V,425,S,V,0.0204180794381192,BTB/POZ
S425W,425,S,W,0.1911154335190107,BTB/POZ
S425Y,425,S,Y,0.1581950835553405,BTB/POZ
E426A,426,E,A,0.0010679038508099,BTB/POZ
E426C,426,E,C,0.0769412993460887,BTB/POZ
E426D,426,E,D,0.046794017922015,BTB/POZ
E426F,426,E,F,0.030290324533784,BTB/POZ
E426G,426,E,G,0.0935168927100994,BTB/POZ
E426H,426,E,H,0.0529335190118673,BTB/POZ
E426I,426,E,I,0.0457132477597481,BTB/POZ
E426K,426,E,K,0.022907332283846,BTB/POZ
E426L,426,E,L,0.0360143194478082,BTB/POZ
E426M,426,E,M,0.0261700775006041,BTB/POZ
E426N,426,E,N,0.0005509808670366,BTB/POZ
E426P,426,E,P,0.239869671833374,BTB/POZ
E426Q,426,E,Q,0.0148060971179462,BTB/POZ
E426R,426,E,R,0.0299633688544428,BTB/POZ
E426S,426,E,S,0.0826524279486545,BTB/POZ
E426T,426,E,T,0.0402405243400339,BTB/POZ
E426V,426,E,V,0.039599479292807,BTB/POZ
E426W,426,E,W,0.0,BTB/POZ
E426Y,426,E,Y,0.0444198050375394,BTB/POZ
A427C,427,A,C,0.0175405667231761,BTB/POZ
A427D,427,A,D,0.0999371821264216,BTB/POZ
A427E,427,A,E,0.0567555703560184,BTB/POZ
A427F,427,A,F,0.0568259566480974,BTB/POZ
A427G,427,A,G,0.0269730867038024,BTB/POZ
A427H,427,A,H,0.0825699321869703,BTB/POZ
A427I,427,A,I,0.0122668927100979,BTB/POZ
A427K,427,A,K,0.0370708706708646,BTB/POZ
A427L,427,A,L,0.0699760837975283,BTB/POZ
A427M,427,A,M,0.0318736376846694,BTB/POZ
A427N,427,A,N,0.0317109166868477,BTB/POZ
A427P,427,A,P,0.0446877270525551,BTB/POZ
A427Q,427,A,Q,0.0125333010414129,BTB/POZ
A427R,427,A,R,0.0374682126422849,BTB/POZ
A427S,427,A,S,0.0499924315814953,BTB/POZ
A427T,427,A,T,0.0360551889077258,BTB/POZ
A427V,427,A,V,0.0,BTB/POZ
A427W,427,A,W,0.077696627512715,BTB/POZ
A427Y,427,A,Y,0.0744452349237104,BTB/POZ
L428A,428,L,A,0.008941329619764,BTB/POZ
L428C,428,L,C,0.013302252361348,BTB/POZ
L428D,428,L,D,0.2066269072414631,BTB/POZ
L428E,428,L,E,0.2276481896342957,BTB/POZ
L428F,428,L,F,0.0749508052797302,BTB/POZ
L428G,428,L,G,0.2287070113829017,BTB/POZ
L428H,428,L,H,0.1934608864131768,BTB/POZ
L428I,428,L,I,0.0159201683216275,BTB/POZ
L428K,428,L,K,0.2023303160571584,BTB/POZ
L428M,428,L,M,0.0346383809639152,BTB/POZ
L428N,428,L,N,0.2343341305400841,BTB/POZ
L428P,428,L,P,0.2813597420682978,BTB/POZ
L428Q,428,L,Q,0.2071597239040947,BTB/POZ
L428R,428,L,R,0.1670478626786163,BTB/POZ
L428S,428,L,S,0.1571824291596044,BTB/POZ
L428T,428,L,T,0.0060668442722208,BTB/POZ
L428V,428,L,V,0.0,BTB/POZ
L428W,428,L,W,0.1481434669411482,BTB/POZ
L428Y,428,L,Y,0.1044933700653927,BTB/POZ
L429A,429,L,A,0.0077137321385323,BTB/POZ
L429C,429,L,C,0.0317934124485348,BTB/POZ
L429D,429,L,D,0.1052759445386307,BTB/POZ
L429E,429,L,E,0.0316420440784708,BTB/POZ
L429F,429,L,F,0.0353846270283376,BTB/POZ
L429G,429,L,G,0.1937023189634296,BTB/POZ
L429H,429,L,H,0.0289772039234681,BTB/POZ
L429I,429,L,I,0.0208979171712293,BTB/POZ
L429K,429,L,K,0.0371965064180203,BTB/POZ
L429M,429,L,M,0.0,BTB/POZ
L429N,429,L,N,0.0919494732380723,BTB/POZ
L429P,429,L,P,0.2538689755388731,BTB/POZ
L429Q,429,L,Q,0.0117840276095921,BTB/POZ
L429R,429,L,R,0.0146282392831194,BTB/POZ
L429S,429,L,S,0.0406250000000014,BTB/POZ
L429T,429,L,T,0.029760535238558,BTB/POZ
L429V,429,L,V,0.0055643012836051,BTB/POZ
L429W,429,L,W,0.0252694356987164,BTB/POZ
L429Y,429,L,Y,0.0283391862436439,BTB/POZ
K430A,430,K,A,0.0178100024218953,BTB/POZ
K430C,430,K,C,0.102795016953259,BTB/POZ
K430D,430,K,D,0.0527110075078712,BTB/POZ
K430E,430,K,E,0.0260588217486074,BTB/POZ
K430F,430,K,F,0.0270412024703332,BTB/POZ
K430G,430,K,G,0.2046008416081378,BTB/POZ
K430H,430,K,H,0.0351015681763139,BTB/POZ
K430I,430,K,I,0.0652715548558974,BTB/POZ
K430L,430,K,L,0.0409950956648099,BTB/POZ
K430M,430,K,M,0.0301359287963201,BTB/POZ
K430N,430,K,N,0.0053667655606698,BTB/POZ
K430P,430,K,P,0.3206708646161317,BTB/POZ
K430Q,430,K,Q,0.0,BTB/POZ
K430R,430,K,R,0.0155493158149673,BTB/POZ
K430S,430,K,S,0.0201251816420441,BTB/POZ
K430T,430,K,T,0.0092137926858803,BTB/POZ
K430V,430,K,V,0.06979141438605,BTB/POZ
K430W,430,K,W,0.0341668684911601,BTB/POZ
K430Y,430,K,Y,0.0415581860014546,BTB/POZ
E431A,431,E,A,0.0539719060305159,BTB/POZ
E431C,431,E,C,0.0439028820537661,BTB/POZ
E431D,431,E,D,0.0460265802857835,BTB/POZ
E431F,431,E,F,0.0693706103172668,BTB/POZ
E431G,431,E,G,0.1166149491402264,BTB/POZ
E431H,431,E,H,0.1312454589488982,BTB/POZ
E431I,431,E,I,0.0687023189634295,BTB/POZ
E431K,431,E,K,0.1185259748123033,BTB/POZ
E431L,431,E,L,0.0451350205860983,BTB/POZ
E431M,431,E,M,0.074482320174375,BTB/POZ
E431N,431,E,N,0.0869179886170987,BTB/POZ
E431P,431,E,P,0.3821196112860262,BTB/POZ
E431Q,431,E,Q,0.029850599418744,BTB/POZ
E431R,431,E,R,0.1781575441995643,BTB/POZ
E431S,431,E,S,0.029474449019133,BTB/POZ
E431T,431,E,T,0.0,BTB/POZ
E431V,431,E,V,0.0588005570356019,BTB/POZ
E431W,431,E,W,0.1550420804068784,BTB/POZ
E431Y,431,E,Y,0.1323731533058839,BTB/POZ
A432C,432,A,C,0.0084478687333509,BTB/POZ
A432D,432,A,D,0.1824374848631646,BTB/POZ
A432E,432,A,E,0.1926291172196674,BTB/POZ
A432F,432,A,F,0.0757644102688303,BTB/POZ
A432G,432,A,G,0.1466161600871884,BTB/POZ
A432H,432,A,H,0.1073814785662389,BTB/POZ
A432I,432,A,I,0.0203787236619036,BTB/POZ
A432K,432,A,K,0.2096179462339566,BTB/POZ
A432L,432,A,L,0.0320431702591441,BTB/POZ
A432M,432,A,M,0.0,BTB/POZ
A432N,432,A,N,0.1699662448534756,BTB/POZ
A432P,432,A,P,0.2095778336158879,BTB/POZ
A432Q,432,A,Q,0.1850644829256495,BTB/POZ
A432R,432,A,R,0.1793018890772586,BTB/POZ
A432S,432,A,S,0.0183117885686607,BTB/POZ
A432T,432,A,T,0.098432580527973,BTB/POZ
A432V,432,A,V,0.0381221240009688,BTB/POZ
A432W,432,A,W,0.1099782029547121,BTB/POZ
A432Y,432,A,Y,0.0940217062242675,BTB/POZ
E433A,433,E,A,0.0710122002906287,BTB/POZ
E433C,433,E,C,0.1002172136110453,BTB/POZ
E433D,433,E,D,0.0,BTB/POZ
E433F,433,E,F,0.0963527791232745,BTB/POZ
E433G,433,E,G,0.1435115948171472,BTB/POZ
E433H,433,E,H,0.1032226325986923,BTB/POZ
E433I,433,E,I,0.0532059820779864,BTB/POZ
E433K,433,E,K,0.0632719786873335,BTB/POZ
E433L,433,E,L,0.0664681218212657,BTB/POZ
E433M,433,E,M,0.0719802010171969,BTB/POZ
E433N,433,E,N,0.0058435759263744,BTB/POZ
E433P,433,E,P,0.2281840336643258,BTB/POZ
E433Q,433,E,Q,0.0379404819568917,BTB/POZ
E433R,433,E,R,0.0943660692661662,BTB/POZ
E433S,433,E,S,0.0689051525793185,BTB/POZ
E433T,433,E,T,0.0718364010656348,BTB/POZ
E433V,433,E,V,0.0639221058367658,BTB/POZ
E433W,433,E,W,0.1644587067086478,BTB/POZ
E433Y,433,E,Y,0.1114207435214339,BTB/POZ
F434A,434,F,A,0.0912213913780563,BTB/POZ
F434C,434,F,C,0.0648961612981352,BTB/POZ
F434D,434,F,D,0.0,BTB/POZ
F434E,434,F,E,0.1048021615403232,BTB/POZ
F434G,434,F,G,0.1084471118914993,BTB/POZ
F434H,434,F,H,0.0486263320416552,BTB/POZ
F434I,434,F,I,0.0945863102446114,BTB/POZ
F434K,434,F,K,0.1344022463066119,BTB/POZ
F434L,434,F,L,0.0921629026398645,BTB/POZ
F434M,434,F,M,0.077703439089368,BTB/POZ
F434N,434,F,N,0.0909375756841837,BTB/POZ
F434P,434,F,P,0.1449231048680055,BTB/POZ
F434Q,434,F,Q,0.1068812061031714,BTB/POZ
F434R,434,F,R,0.115030879147492,BTB/POZ
F434S,434,F,S,0.1053826592395254,BTB/POZ
F434T,434,F,T,0.0993407907483653,BTB/POZ
F434V,434,F,V,0.0698126059578591,BTB/POZ
F434W,434,F,W,0.0374008537176058,BTB/POZ
F434Y,434,F,Y,0.0621957495761686,BTB/POZ
Y435A,435,Y,A,0.1245148643739391,BTB/POZ
Y435C,435,Y,C,0.080983591668685,BTB/POZ
Y435D,435,Y,D,0.086603899249213,BTB/POZ
Y435E,435,Y,E,0.0483765742310487,BTB/POZ
Y435F,435,Y,F,0.0,BTB/POZ
Y435G,435,Y,G,0.1517785783482685,BTB/POZ
Y435H,435,Y,H,0.0659178977960766,BTB/POZ
Y435I,435,Y,I,0.0768709130540069,BTB/POZ
Y435K,435,Y,K,0.1205656635989331,BTB/POZ
Y435L,435,Y,L,0.0944228324049408,BTB/POZ
Y435M,435,Y,M,0.0282165778638896,BTB/POZ
Y435N,435,Y,N,0.0964186243642515,BTB/POZ
Y435P,435,Y,P,0.0984060910632101,BTB/POZ
Y435Q,435,Y,Q,0.0971270283361576,BTB/POZ
Y435R,435,Y,R,0.1239525308791476,BTB/POZ
Y435S,435,Y,S,0.1301450108985228,BTB/POZ
Y435T,435,Y,T,0.1625431399854688,BTB/POZ
Y435V,435,Y,V,0.1134241038992493,BTB/POZ
Y435W,435,Y,W,0.04666989585856,BTB/POZ
G436A,436,G,A,0.0217296863647358,BTB/POZ
G436C,436,G,C,0.0180241886655364,BTB/POZ
G436D,436,G,D,0.0292791838217486,BTB/POZ
G436E,436,G,E,0.047749909178978,BTB/POZ
G436F,436,G,F,0.0442729777185759,BTB/POZ
G436H,436,G,H,0.0739790203439076,BTB/POZ
G436I,436,G,I,0.0693176313877439,BTB/POZ
G436K,436,G,K,0.0654070295471045,BTB/POZ
G436L,436,G,L,0.0391567268103657,BTB/POZ
G436M,436,G,M,0.0149498970695069,BTB/POZ
G436N,436,G,N,0.0430567328651005,BTB/POZ
G436P,436,G,P,0.1228134838944055,BTB/POZ
G436Q,436,G,Q,0.0504699987890531,BTB/POZ
G436R,436,G,R,0.0462861770404456,BTB/POZ
G436S,436,G,S,0.0,BTB/POZ
G436T,436,G,T,0.0702992552676193,BTB/POZ
G436V,436,G,V,0.0404032453378528,BTB/POZ
G436W,436,G,W,0.0726939028820524,BTB/POZ
G436Y,436,G,Y,0.0735128057641062,BTB/POZ
I437A,437,I,A,0.0831209130540083,BTB/POZ
I437C,437,I,C,0.0995398401550013,BTB/POZ
I437D,437,I,D,0.0282097662872352,BTB/POZ
I437E,437,I,E,0.0060471663841109,BTB/POZ
I437F,437,I,F,0.0466169169290385,BTB/POZ
I437G,437,I,G,0.0842856926616615,BTB/POZ
I437H,437,I,H,0.0628844756599661,BTB/POZ
I437K,437,I,K,0.0650119581012352,BTB/POZ
I437L,437,I,L,0.0,BTB/POZ
I437M,437,I,M,0.0273076108016469,BTB/POZ
I437N,437,I,N,0.100672075563089,BTB/POZ
I437P,437,I,P,0.1310108379752968,BTB/POZ
I437Q,437,I,Q,0.0279229232259627,BTB/POZ
I437R,437,I,R,0.0937341063211418,BTB/POZ
I437S,437,I,S,0.0869475054492614,BTB/POZ
I437T,437,I,T,0.0722882356502772,BTB/POZ
I437V,437,I,V,0.0356207616856368,BTB/POZ
I437W,437,I,W,0.029592516347784,BTB/POZ
I437Y,437,I,Y,0.0516847299588278,BTB/POZ
K438A,438,K,A,0.0729769617340775,BTB/POZ
K438C,438,K,C,0.0957942298377346,BTB/POZ
K438D,438,K,D,0.0308496306611784,BTB/POZ
K438E,438,K,E,0.036723480261566,BTB/POZ
K438F,438,K,F,0.0411192177282649,BTB/POZ
K438G,438,K,G,0.0883264713005571,BTB/POZ
K438H,438,K,H,0.0308556853959811,BTB/POZ
K438I,438,K,I,0.0413742734318251,BTB/POZ
K438L,438,K,L,0.0427797287478823,BTB/POZ
K438M,438,K,M,0.0346096209736014,BTB/POZ
K438N,438,K,N,0.0229890712036827,BTB/POZ
K438P,438,K,P,0.0,BTB/POZ
K438Q,438,K,Q,0.0252671651731654,BTB/POZ
K438R,438,K,R,0.0429522886897568,BTB/POZ
K438S,438,K,S,0.0432315633325275,BTB/POZ
K438T,438,K,T,0.054279940663599,BTB/POZ
K438V,438,K,V,0.0675413235650279,BTB/POZ
K438W,438,K,W,0.0579286752240252,BTB/POZ
K438Y,438,K,Y,0.026267710099299,BTB/POZ
F439A,439,F,A,0.044231351416808,BTB/POZ
F439C,439,F,C,0.0397311697747653,BTB/POZ
F439D,439,F,D,0.0124863768466941,BTB/POZ
F439E,439,F,E,0.0021244550738691,BTB/POZ
F439G,439,F,G,0.0344945810123517,BTB/POZ
F439H,439,F,H,0.0652269011867295,BTB/POZ
F439I,439,F,I,0.0500537357713746,BTB/POZ
F439K,439,F,K,0.0704044562848162,BTB/POZ
F439L,439,F,L,0.0566798861709857,BTB/POZ
F439M,439,F,M,0.0052282635020586,BTB/POZ
F439N,439,F,N,0.0352756418018891,BTB/POZ
F439P,439,F,P,0.056532302010172,BTB/POZ
F439Q,439,F,Q,0.0420281847905062,BTB/POZ
F439R,439,F,R,0.0963194780818615,BTB/POZ
F439S,439,F,S,0.0285458040687818,BTB/POZ
F439T,439,F,T,0.0603717607168806,BTB/POZ
F439V,439,F,V,0.0526883022523614,BTB/POZ
F439W,439,F,W,0.0,BTB/POZ
F439Y,439,F,Y,0.0516907846936304,BTB/POZ
L440A,440,L,A,0.0016340215548544,BTB/POZ
L440C,440,L,C,0.0304257992249925,BTB/POZ
L440D,440,L,D,0.0041671712279002,BTB/POZ
L440E,440,L,E,0.0028063695810123,BTB/POZ
L440F,440,L,F,0.0112595362073127,BTB/POZ
L440G,440,L,G,0.0538765439573747,BTB/POZ
L440H,440,L,H,0.0271569992734318,BTB/POZ
L440I,440,L,I,0.0167632901428917,BTB/POZ
L440K,440,L,K,0.0404282211189136,BTB/POZ
L440M,440,L,M,0.0090563695810123,BTB/POZ
L440N,440,L,N,0.0134861649309746,BTB/POZ
L440P,440,L,P,0.0668367038023735,BTB/POZ
L440Q,440,L,Q,0.0,BTB/POZ
L440R,440,L,R,0.0506455860983275,BTB/POZ
L440S,440,L,S,0.023727748849599,BTB/POZ
L440T,440,L,T,0.0415468333736968,BTB/POZ
L440V,440,L,V,0.0253534451441013,BTB/POZ
L440W,440,L,W,0.0129026398643725,BTB/POZ
L440Y,440,L,Y,0.0013169048195689,BTB/POZ
P441A,441,P,A,0.0,BTB/POZ
P441C,441,P,C,0.0682103717607155,BTB/POZ
P441D,441,P,D,0.0174119036086205,BTB/POZ
P441E,441,P,E,0.0057747033179946,BTB/POZ
P441F,441,P,F,0.0583335856139487,BTB/POZ
P441G,441,P,G,0.0493317086461613,BTB/POZ
P441H,441,P,H,0.0389962763380964,BTB/POZ
P441I,441,P,I,0.0589746306611771,BTB/POZ
P441K,441,P,K,0.0430158634051815,BTB/POZ
P441L,441,P,L,0.05838278033422,BTB/POZ
P441M,441,P,M,0.0745224327924423,BTB/POZ
P441N,441,P,N,0.0240781666263003,BTB/POZ
P441Q,441,P,Q,0.0506743460886399,BTB/POZ
P441R,441,P,R,0.0516453741826094,BTB/POZ
P441S,441,P,S,0.0323860196173408,BTB/POZ
P441T,441,P,T,0.0768890772584147,BTB/POZ
P441V,441,P,V,0.0423831436183081,BTB/POZ
P441W,441,P,W,0.0527511201259385,BTB/POZ
P441Y,441,P,Y,0.0794994248001938,BTB/POZ
F442A,442,F,A,0.0135830406878193,BTB/POZ
F442C,442,F,C,0.0155349358198125,BTB/POZ
F442D,442,F,D,0.031218969484138,BTB/POZ
F442E,442,F,E,0.0171833373698246,BTB/POZ
F442G,442,F,G,0.0393050678130298,BTB/POZ
F442H,442,F,H,0.0042057701622668,BTB/POZ
F442I,442,F,I,0.048578651005086,BTB/POZ
F442K,442,F,K,0.0177600508597737,BTB/POZ
F442L,442,F,L,0.0,BTB/POZ
F442M,442,F,M,0.0067404335190118,BTB/POZ
F442N,442,F,N,0.0543003753935578,BTB/POZ
F442P,442,F,P,0.0284489283119399,BTB/POZ
F442Q,442,F,Q,0.0052244792928083,BTB/POZ
F442R,442,F,R,0.0420289416323565,BTB/POZ
F442S,442,F,S,0.0145737466698972,BTB/POZ
F442T,442,F,T,0.0027677706466456,BTB/POZ
F442V,442,F,V,0.0216706527004117,BTB/POZ
F442W,442,F,W,0.0334455982077999,BTB/POZ
F442Y,442,F,Y,0.0192336219423589,BTB/POZ
P443A,443,P,A,0.0,Kelch propeller
P443C,443,P,C,0.0454347299588278,Kelch propeller
P443D,443,P,D,0.0454627331072885,Kelch propeller
P443E,443,P,E,0.0279463853233214,Kelch propeller
P443F,443,P,F,0.0620595180431083,Kelch propeller
P443G,443,P,G,0.117018345846452,Kelch propeller
P443H,443,P,H,0.0571824291596028,Kelch propeller
P443I,443,P,I,0.0419910995398402,Kelch propeller
P443K,443,P,K,0.0683125454105097,Kelch propeller
P443L,443,P,L,0.0427819992734304,Kelch propeller
P443M,443,P,M,0.0174436909663357,Kelch propeller
P443N,443,P,N,0.0564793230806477,Kelch propeller
P443Q,443,P,Q,0.0364442056187939,Kelch propeller
P443R,443,P,R,0.045289416323565,Kelch propeller
P443S,443,P,S,0.0313007084039719,Kelch propeller
P443T,443,P,T,0.0274529244369082,Kelch propeller
P443V,443,P,V,0.0487572656817632,Kelch propeller
P443W,443,P,W,0.0227809396948414,Kelch propeller
P443Y,443,P,Y,0.040030122305643,Kelch propeller
L444A,444,L,A,0.0307164264955181,Kelch propeller
L444C,444,L,C,0.0687908694599177,Kelch propeller
L444D,444,L,D,0.0126808852022267,Kelch propeller
L444E,444,L,E,0.0266347783967062,Kelch propeller
L444F,444,L,F,0.0531454347299589,Kelch propeller
L444G,444,L,G,0.1881228808428193,Kelch propeller
L444H,444,L,H,0.081329468394283,Kelch propeller
L444I,444,L,I,0.0100576713489949,Kelch propeller
L444K,444,L,K,0.0465465306369567,Kelch propeller
L444M,444,L,M,0.044375908210219,Kelch propeller
L444N,444,L,N,0.0587437938968259,Kelch propeller
L444P,444,L,P,0.0698004964882539,Kelch propeller
L444Q,444,L,Q,0.0424603414870429,Kelch propeller
L444R,444,L,R,0.028474660934851,Kelch propeller
L444S,444,L,S,0.0453991583918625,Kelch propeller
L444T,444,L,T,0.0,Kelch propeller
L444V,444,L,V,0.0407218757568405,Kelch propeller
L444W,444,L,W,0.0176616614192298,Kelch propeller
L444Y,444,L,Y,0.0070484681520949,Kelch propeller
V445A,445,V,A,0.0177517255994187,Kelch propeller
V445C,445,V,C,0.0221338399128104,Kelch propeller
V445D,445,V,D,0.0323769375151354,Kelch propeller
V445E,445,V,E,0.0726083797529655,Kelch propeller
V445F,445,V,F,0.1064021252119144,Kelch propeller
V445G,445,V,G,0.0,Kelch propeller
V445H,445,V,H,0.09969877694357,Kelch propeller
V445I,445,V,I,0.0335409602809397,Kelch propeller
V445K,445,V,K,0.1154168684911602,Kelch propeller
V445L,445,V,L,0.0269079983046728,Kelch propeller
V445M,445,V,M,0.030928342213611,Kelch propeller
V445N,445,V,N,0.0403313453620731,Kelch propeller
V445P,445,V,P,0.1412668018890774,Kelch propeller
V445Q,445,V,Q,0.0482849963671591,Kelch propeller
V445R,445,V,R,0.0305249455073854,Kelch propeller
V445S,445,V,S,0.0595906999273432,Kelch propeller
V445T,445,V,T,0.0345483167837235,Kelch propeller
V445W,445,V,W,0.1135065996609336,Kelch propeller
V445Y,445,V,Y,0.1139924921288435,Kelch propeller
F446A,446,F,A,0.053166626301768,Kelch propeller
F446C,446,F,C,0.0690580346330817,Kelch propeller
F446D,446,F,D,0.089514713005569,Kelch propeller
F446E,446,F,E,0.10997668927101,Kelch propeller
F446G,446,F,G,0.0450275490433505,Kelch propeller
F446H,446,F,H,0.0242484560426239,Kelch propeller
F446I,446,F,I,0.0379798377331073,Kelch propeller
F446K,446,F,K,0.0567116735286981,Kelch propeller
F446L,446,F,L,0.0,Kelch propeller
F446M,446,F,M,0.0268996730443192,Kelch propeller
F446N,446,F,N,0.0676518224751756,Kelch propeller
F446P,446,F,P,0.2273787539355779,Kelch propeller
F446Q,446,F,Q,0.0879805945749577,Kelch propeller
F446R,446,F,R,0.0620837369823188,Kelch propeller
F446S,446,F,S,0.0904373032211176,Kelch propeller
F446T,446,F,T,0.0498501453136353,Kelch propeller
F446V,446,F,V,0.0420584584645193,Kelch propeller
F446W,446,F,W,0.0171893921046258,Kelch propeller
F446Y,446,F,Y,0.0114964277064664,Kelch propeller
C447A,447,C,A,0.0197285965124741,Kelch propeller
C447D,447,C,D,0.0914090881569402,Kelch propeller
C447E,447,C,E,0.0673566541535481,Kelch propeller
C447F,447,C,F,0.0776269980624863,Kelch propeller
C447G,447,C,G,0.0631357471542761,Kelch propeller
C447H,447,C,H,0.0524355170743522,Kelch propeller
C447I,447,C,I,0.0572513017679826,Kelch propeller
C447K,447,C,K,0.1173513562605959,Kelch propeller
C447L,447,C,L,0.0490963308307096,Kelch propeller
C447M,447,C,M,0.0,Kelch propeller
C447N,447,C,N,0.0515931520949383,Kelch propeller
C447P,447,C,P,0.1198565027851795,Kelch propeller
C447Q,447,C,Q,0.0399915233712763,Kelch propeller
C447R,447,C,R,0.1030886715911844,Kelch propeller
C447S,447,C,S,0.0174747214821991,Kelch propeller
C447T,447,C,T,0.0853180249455075,Kelch propeller
C447V,447,C,V,0.0598026156454362,Kelch propeller
C447W,447,C,W,0.110302888108501,Kelch propeller
C447Y,447,C,Y,0.0606374122063468,Kelch propeller
I448A,448,I,A,0.3575108985226452,Kelch propeller
I448C,448,I,C,0.1587044381206105,Kelch propeller
I448D,448,I,D,0.0669525006054735,Kelch propeller
I448E,448,I,E,0.0776996548801149,Kelch propeller
I448F,448,I,F,0.0142899309760218,Kelch propeller
I448G,448,I,G,0.9995262170016952,Kelch propeller
I448H,448,I,H,0.2436697747638657,Kelch propeller
I448K,448,I,K,0.046437545410511,Kelch propeller
I448L,448,I,L,0.0,Kelch propeller
I448M,448,I,M,0.2506009324291585,Kelch propeller
I448N,448,I,N,0.0986566057156683,Kelch propeller
I448P,448,I,P,0.1101598449987892,Kelch propeller
I448Q,448,I,Q,0.0703658573504481,Kelch propeller
I448R,448,I,R,0.02780409905546,Kelch propeller
I448S,448,I,S,0.2456511867280216,Kelch propeller
I448T,448,I,T,0.3049974267377079,Kelch propeller
I448V,448,I,V,0.0372827863889548,Kelch propeller
I448W,448,I,W,0.4472973177524816,Kelch propeller
I448Y,448,I,Y,0.7955459857108256,Kelch propeller
G449A,449,G,A,0.0922900520707208,Kelch propeller
G449C,449,G,C,0.1041891196415598,Kelch propeller
G449D,449,G,D,0.0881925102930507,Kelch propeller
G449E,449,G,E,0.126048225962703,Kelch propeller
G449F,449,G,F,0.1106230322111893,Kelch propeller
G449H,449,G,H,0.1020972087672561,Kelch propeller
G449I,449,G,I,0.0,Kelch propeller
G449K,449,G,K,0.1236308730927587,Kelch propeller
G449L,449,G,L,0.1080929099055477,Kelch propeller
G449M,449,G,M,0.1361717425526778,Kelch propeller
G449N,449,G,N,0.1309586158876243,Kelch propeller
G449P,449,G,P,0.2281968999757813,Kelch propeller
G449Q,449,G,Q,0.1124220452894178,Kelch propeller
G449R,449,G,R,0.1308541717122792,Kelch propeller
G449S,449,G,S,0.0988102446112875,Kelch propeller
G449T,449,G,T,0.1148779970937274,Kelch propeller
G449V,449,G,V,0.1381357471542748,Kelch propeller
G449W,449,G,W,0.1295259142649568,Kelch propeller
G449Y,449,G,Y,0.0995731411964171,Kelch propeller
G450A,450,G,A,0.0026474327924451,Kelch propeller
G450C,450,G,C,0.0118097602325018,Kelch propeller
G450D,450,G,D,0.0,Kelch propeller
G450E,450,G,E,0.0716804916444674,Kelch propeller
G450F,450,G,F,0.2074889501089869,Kelch propeller
G450H,450,G,H,0.0581519435698717,Kelch propeller
G450I,450,G,I,0.0197437333494793,Kelch propeller
G450K,450,G,K,0.0725205860983304,Kelch propeller
G450L,450,G,L,0.0727120670864631,Kelch propeller
G450M,450,G,M,0.0249470210704785,Kelch propeller
G450N,450,G,N,0.0194319145071446,Kelch propeller
G450P,450,G,P,0.0526353233228399,Kelch propeller
G450Q,450,G,Q,0.0136950532816676,Kelch propeller
G450R,450,G,R,0.0148242613223541,Kelch propeller
G450S,450,G,S,0.0149892528457253,Kelch propeller
G450T,450,G,T,0.0359598268345846,Kelch propeller
G450V,450,G,V,0.0105216154032467,Kelch propeller
G450W,450,G,W,0.0975440481956905,Kelch propeller
G450Y,450,G,Y,0.1503678251392605,Kelch propeller
F451A,451,F,A,0.0629677282635021,Kelch propeller
F451C,451,F,C,0.0932277791232745,Kelch propeller
F451D,451,F,D,0.0689588883506889,Kelch propeller
F451E,451,F,E,0.0960356623879861,Kelch propeller
F451G,451,F,G,0.0705111709857095,Kelch propeller
F451H,451,F,H,0.0669873153305886,Kelch propeller
F451I,451,F,I,0.1034761746185518,Kelch propeller
F451K,451,F,K,0.053173437878421,Kelch propeller
F451L,451,F,L,0.0656015379026385,Kelch propeller
F451M,451,F,M,0.0423271373213839,Kelch propeller
F451N,451,F,N,0.1304212581738921,Kelch propeller
F451P,451,F,P,0.1058973116977477,Kelch propeller
F451Q,451,F,Q,0.0900225538871398,Kelch propeller
F451R,451,F,R,0.0667171227900218,Kelch propeller
F451S,451,F,S,0.1012972269314605,Kelch propeller
F451T,451,F,T,0.0886503996124971,Kelch propeller
F451V,451,F,V,0.0754192903850798,Kelch propeller
F451W,451,F,W,0.075402639864374,Kelch propeller
F451Y,451,F,Y,0.0,Kelch propeller
D452A,452,D,A,0.0333873213853233,Kelch propeller
D452C,452,D,C,0.1325744732380723,Kelch propeller
D452E,452,D,E,0.0109166868491146,Kelch propeller
D452F,452,D,F,0.0928289234681522,Kelch propeller
D452G,452,D,G,0.0,Kelch propeller
D452H,452,D,H,0.0899181097117933,Kelch propeller
D452I,452,D,I,0.0502611104383614,Kelch propeller
D452K,452,D,K,0.015699170501332,Kelch propeller
D452L,452,D,L,0.0581527004117206,Kelch propeller
D452M,452,D,M,0.0910087188181159,Kelch propeller
D452N,452,D,N,0.0616705013320417,Kelch propeller
D452P,452,D,P,0.0660775914264956,Kelch propeller
D452Q,452,D,Q,0.0210818297408559,Kelch propeller
D452R,452,D,R,0.0659587672559928,Kelch propeller
D452S,452,D,S,0.1011231533058839,Kelch propeller
D452T,452,D,T,0.1200320900944526,Kelch propeller
D452V,452,D,V,0.0562219968515365,Kelch propeller
D452W,452,D,W,0.0533558367643483,Kelch propeller
D452Y,452,D,Y,0.0613745761685639,Kelch propeller
G453A,453,G,A,0.0661684124485362,Kelch propeller
G453C,453,G,C,0.0441337188181158,Kelch propeller
G453D,453,G,D,0.0119914022765817,Kelch propeller
G453E,453,G,E,0.0449261322354081,Kelch propeller
G453F,453,G,F,0.0157816662630191,Kelch propeller
G453H,453,G,H,0.0460167413417307,Kelch propeller
G453I,453,G,I,0.0925239162024718,Kelch propeller
G453K,453,G,K,0.034648219907968,Kelch propeller
G453L,453,G,L,0.0524680612739162,Kelch propeller
G453M,453,G,M,0.0524665475902156,Kelch propeller
G453N,453,G,N,0.0453953741826108,Kelch propeller
G453P,453,G,P,0.1699276459191104,Kelch propeller
G453Q,453,G,Q,0.0455520404456299,Kelch propeller
G453R,453,G,R,0.0,Kelch propeller
G453S,453,G,S,0.0679046076531863,Kelch propeller
G453T,453,G,T,0.0487671046258188,Kelch propeller
G453V,453,G,V,0.0833335856139502,Kelch propeller
G453W,453,G,W,0.0490244308549286,Kelch propeller
G453Y,453,G,Y,0.0155591547590229,Kelch propeller
V454A,454,V,A,0.0338399128118174,Kelch propeller
V454C,454,V,C,0.0823776943569872,Kelch propeller
V454D,454,V,D,0.0544146585129558,Kelch propeller
V454E,454,V,E,0.0235203741826108,Kelch propeller
V454F,454,V,F,0.0381357471542746,Kelch propeller
V454G,454,V,G,0.0525437454589475,Kelch propeller
V454H,454,V,H,0.0456534572535723,Kelch propeller
V454I,454,V,I,0.0248645253087901,Kelch propeller
V454K,454,V,K,0.0,Kelch propeller
V454L,454,V,L,0.0389228626786147,Kelch propeller
V454M,454,V,M,0.0218810547348012,Kelch propeller
V454N,454,V,N,0.0358856563332526,Kelch propeller
V454P,454,V,P,0.0591146464034876,Kelch propeller
V454Q,454,V,Q,0.0237693751513669,Kelch propeller
V454R,454,V,R,0.0110816783724858,Kelch propeller
V454S,454,V,S,0.0350614555582466,Kelch propeller
V454T,454,V,T,0.0373213853233214,Kelch propeller
V454W,454,V,W,0.033104262533301,Kelch propeller
V454Y,454,V,Y,0.0417912932913524,Kelch propeller
E455A,455,E,A,0.0064641862436425,Kelch propeller
E455C,455,E,C,0.0029312484863177,Kelch propeller
E455D,455,E,D,0.0381281787357714,Kelch propeller
E455F,455,E,F,0.0361672015015742,Kelch propeller
E455G,455,E,G,0.0227241765560682,Kelch propeller
E455H,455,E,H,0.0395941813998561,Kelch propeller
E455I,455,E,I,0.0,Kelch propeller
E455K,455,E,K,0.0288175102930492,Kelch propeller
E455L,455,E,L,0.0105980564301283,Kelch propeller
E455M,455,E,M,0.0346800072656832,Kelch propeller
E455N,455,E,N,0.0401042928069751,Kelch propeller
E455P,455,E,P,0.0447535722935336,Kelch propeller
E455Q,455,E,Q,0.0355382659239525,Kelch propeller
E455R,455,E,R,0.0190595483167851,Kelch propeller
E455S,455,E,S,0.0326130721724403,Kelch propeller
E455T,455,E,T,0.0221497335916687,Kelch propeller
E455V,455,E,V,0.0088512654395737,Kelch propeller
E455W,455,E,W,0.0406113768466955,Kelch propeller
E455Y,455,E,Y,0.0484000363284088,Kelch propeller
Y456A,456,Y,A,0.065155001210947,Kelch propeller
Y456C,456,Y,C,0.0432701622668927,Kelch propeller
Y456D,456,Y,D,0.0803940118672789,Kelch propeller
Y456E,456,Y,E,0.0882295955437139,Kelch propeller
Y456F,456,Y,F,0.0212392528457253,Kelch propeller
Y456G,456,Y,G,0.1622858137563562,Kelch propeller
Y456H,456,Y,H,0.0525853717607155,Kelch propeller
Y456I,456,Y,I,0.0786971724388472,Kelch propeller
Y456K,456,Y,K,0.0801056551223057,Kelch propeller
Y456L,456,Y,L,0.1258370670864604,Kelch propeller
Y456M,456,Y,M,0.1124878905303935,Kelch propeller
Y456N,456,Y,N,0.0523197202712507,Kelch propeller
Y456P,456,Y,P,0.0,Kelch propeller
Y456Q,456,Y,Q,0.0627497578106079,Kelch propeller
Y456R,456,Y,R,0.1016302373456044,Kelch propeller
Y456S,456,Y,S,0.0533898946476131,Kelch propeller
Y456T,456,Y,T,0.0923823867764579,Kelch propeller
Y456V,456,Y,V,0.0704831678372474,Kelch propeller
Y456W,456,Y,W,0.0693380661177041,Kelch propeller
L457A,457,L,A,0.087117794865585,Kelch propeller
L457C,457,L,C,0.0,Kelch propeller
L457D,457,L,D,0.0394511382901429,Kelch propeller
L457E,457,L,E,0.0450457132477584,Kelch propeller
L457F,457,L,F,0.0900566117704031,Kelch propeller
L457G,457,L,G,0.1106888774521677,Kelch propeller
L457H,457,L,H,0.0982221784935821,Kelch propeller
L457I,457,L,I,0.0908301041414387,Kelch propeller
L457K,457,L,K,0.0562870852506646,Kelch propeller
L457M,457,L,M,0.0638691269072415,Kelch propeller
L457N,457,L,N,0.080272917171228,Kelch propeller
L457P,457,L,P,0.1388759384838931,Kelch propeller
L457Q,457,L,Q,0.014855291838216,Kelch propeller
L457R,457,L,R,0.1025157423104869,Kelch propeller
L457S,457,L,S,0.0970150157423106,Kelch propeller
L457T,457,L,T,0.11243037054977,Kelch propeller
L457V,457,L,V,0.0974221966577865,Kelch propeller
L457W,457,L,W,0.0910526156454334,Kelch propeller
L457Y,457,L,Y,0.0777995580043595,Kelch propeller
N458A,458,N,A,0.0572089186243643,Kelch propeller
N458C,458,N,C,0.0,Kelch propeller
N458D,458,N,D,0.039395888835069,Kelch propeller
N458E,458,N,E,0.0676071688060078,Kelch propeller
N458F,458,N,F,0.0709198655848874,Kelch propeller
N458G,458,N,G,0.0578522341971436,Kelch propeller
N458H,458,N,H,0.0272894465972404,Kelch propeller
N458I,458,N,I,0.0486391983531122,Kelch propeller
N458K,458,N,K,0.0564785662388002,Kelch propeller
N458L,458,N,L,0.0644920077500606,Kelch propeller
N458M,458,N,M,0.0618362496972647,Kelch propeller
N458P,458,N,P,0.0749243158149674,Kelch propeller
N458Q,458,N,Q,0.0630994187454604,Kelch propeller
N458R,458,N,R,0.0498024642770647,Kelch propeller
N458S,458,N,S,0.0950631206103188,Kelch propeller
N458T,458,N,T,0.0560055400823458,Kelch propeller
N458V,458,N,V,0.020612587793656,Kelch propeller
N458W,458,N,W,0.0590329074836537,Kelch propeller
N458Y,458,N,Y,0.0538243218697021,Kelch propeller
S459A,459,S,A,0.0721050799224995,Kelch propeller
S459C,459,S,C,0.0301707435214338,Kelch propeller
S459D,459,S,D,0.0779478990070221,Kelch propeller
S459E,459,S,E,0.0620640590942103,Kelch propeller
S459F,459,S,F,0.0092433095180431,Kelch propeller
S459G,459,S,G,0.0893663720029064,Kelch propeller
S459H,459,S,H,0.0122199685153776,Kelch propeller
S459I,459,S,I,0.0679704528941619,Kelch propeller
S459K,459,S,K,0.0248554432065875,Kelch propeller
S459L,459,S,L,0.0639145374182611,Kelch propeller
S459M,459,S,M,0.0286797650762882,Kelch propeller
S459N,459,S,N,0.0548960099297651,Kelch propeller
S459P,459,S,P,0.0467675284572522,Kelch propeller
S459Q,459,S,Q,0.0430257023492371,Kelch propeller
S459R,459,S,R,0.0798839004601585,Kelch propeller
S459T,459,S,T,0.059175950593364,Kelch propeller
S459V,459,S,V,0.0509725417776702,Kelch propeller
S459W,459,S,W,0.0,Kelch propeller
S459Y,459,S,Y,0.0061985347541763,Kelch propeller
M460A,460,M,A,0.0746314180188894,Kelch propeller
M460C,460,M,C,0.1012866311455559,Kelch propeller
M460D,460,M,D,0.1465185274884948,Kelch propeller
M460E,460,M,E,0.1536668987648343,Kelch propeller
M460F,460,M,F,0.0929848328893195,Kelch propeller
M460G,460,M,G,0.1837112496972621,Kelch propeller
M460H,460,M,H,0.0569387260837976,Kelch propeller
M460I,460,M,I,0.0974668503269558,Kelch propeller
M460K,460,M,K,0.1949223480261567,Kelch propeller
M460L,460,M,L,0.0792617764591912,Kelch propeller
M460N,460,M,N,0.1357085553402763,Kelch propeller
M460P,460,M,P,0.1553069750544914,Kelch propeller
M460Q,460,M,Q,0.1199238617098572,Kelch propeller
M460R,460,M,R,0.3343318600145318,Kelch propeller
M460S,460,M,S,0.107610801646888,Kelch propeller
M460T,460,M,T,0.0685993884717836,Kelch propeller
M460V,460,M,V,0.1265121700169534,Kelch propeller
M460W,460,M,W,0.099381660208283,Kelch propeller
M460Y,460,M,Y,0.0,Kelch propeller
E461A,461,E,A,0.0054326108016468,Kelch propeller
E461C,461,E,C,0.0047113405182853,Kelch propeller
E461D,461,E,D,0.0354845301525793,Kelch propeller
E461F,461,E,F,0.077209221361103,Kelch propeller
E461G,461,E,G,0.0,Kelch propeller
E461H,461,E,H,0.051587854201986,Kelch propeller
E461I,461,E,I,0.0674459614918867,Kelch propeller
E461K,461,E,K,0.101350205860982,Kelch propeller
E461L,461,E,L,0.0619989706950822,Kelch propeller
E461M,461,E,M,0.0480920016953244,Kelch propeller
E461N,461,E,N,0.0637654395737467,Kelch propeller
E461P,461,E,P,0.1122699200774993,Kelch propeller
E461Q,461,E,Q,0.0168283785420198,Kelch propeller
E461R,461,E,R,0.1297332889319449,Kelch propeller
E461S,461,E,S,0.0415665112618067,Kelch propeller
E461T,461,E,T,0.0425133204165644,Kelch propeller
E461V,461,E,V,0.0639667595059323,Kelch propeller
E461W,461,E,W,0.1091653548074595,Kelch propeller
E461Y,461,E,Y,0.0871299043351888,Kelch propeller
L462A,462,L,A,0.0354868006781289,Kelch propeller
L462C,462,L,C,0.0078711552434003,Kelch propeller
L462D,462,L,D,0.0034459009445372,Kelch propeller
L462E,462,L,E,0.0623153305885189,Kelch propeller
L462F,462,L,F,0.0126067147008961,Kelch propeller
L462G,462,L,G,0.0410034209251621,Kelch propeller
L462H,462,L,H,0.0162857229353354,Kelch propeller
L462I,462,L,I,0.0015462279002165,Kelch propeller
L462K,462,L,K,0.0125227052555098,Kelch propeller
L462M,462,L,M,0.0107327742794865,Kelch propeller
L462N,462,L,N,0.0002225115039947,Kelch propeller
L462P,462,L,P,0.005775460159845,Kelch propeller
L462Q,462,L,Q,0.0148999455073853,Kelch propeller
L462R,462,L,R,0.0362027730685396,Kelch propeller
L462S,462,L,S,0.0276338096391378,Kelch propeller
L462T,462,L,T,0.0012911721966577,Kelch propeller
L462V,462,L,V,0.0,Kelch propeller
L462W,462,L,W,0.0431778275611528,Kelch propeller
L462Y,462,L,Y,0.0047438847178479,Kelch propeller
L463A,463,L,A,0.0272039234681507,Kelch propeller
L463C,463,L,C,0.0662047408573491,Kelch propeller
L463D,463,L,D,0.0294252542988617,Kelch propeller
L463E,463,L,E,0.0398779970937273,Kelch propeller
L463F,463,L,F,0.0098033724872836,Kelch propeller
L463G,463,L,G,0.0072111891499152,Kelch propeller
L463H,463,L,H,0.0155084463550496,Kelch propeller
L463I,463,L,I,0.032510141680793,Kelch propeller
L463K,463,L,K,0.0800920319689998,Kelch propeller
L463M,463,L,M,0.0473298619520465,Kelch propeller
L463N,463,L,N,0.049475508597722,Kelch propeller
L463P,463,L,P,0.0542791838217472,Kelch propeller
L463Q,463,L,Q,0.0372517558730928,Kelch propeller
L463R,463,L,R,0.0670705679341245,Kelch propeller
L463S,463,L,S,0.062344847420683,Kelch propeller
L463T,463,L,T,0.0862421288447567,Kelch propeller
L463V,463,L,V,0.0116213066117704,Kelch propeller
L463W,463,L,W,0.0,Kelch propeller
L463Y,463,L,Y,0.0287849660934837,Kelch propeller
D464A,464,D,A,0.1185789537418248,Kelch propeller
D464C,464,D,C,0.0292405848873819,Kelch propeller
D464E,464,D,E,0.0616932065875515,Kelch propeller
D464F,464,D,F,0.0856956890288206,Kelch propeller
D464G,464,D,G,0.1847049830467428,Kelch propeller
D464H,464,D,H,0.0493370065391136,Kelch propeller
D464I,464,D,I,0.057544956405908,Kelch propeller
D464K,464,D,K,0.1175768951319919,Kelch propeller
D464L,464,D,L,0.0413311334463536,Kelch propeller
D464M,464,D,M,0.0481298437878421,Kelch propeller
D464N,464,D,N,0.0,Kelch propeller
D464P,464,D,P,0.0928924981835797,Kelch propeller
D464Q,464,D,Q,0.0696203681278746,Kelch propeller
D464R,464,D,R,0.1057414022765804,Kelch propeller
D464S,464,D,S,0.0449685153790264,Kelch propeller
D464T,464,D,T,0.1017657120368129,Kelch propeller
D464V,464,D,V,0.0325820416565754,Kelch propeller
D464W,464,D,W,0.1070424134172924,Kelch propeller
D464Y,464,D,Y,0.0711022644708148,Kelch propeller
I465A,465,I,A,0.009357592637441,Kelch propeller
I465C,465,I,C,0.0205058730927585,Kelch propeller
I465D,465,I,D,0.052843454831677,Kelch propeller
I465E,465,I,E,0.0511034754177753,Kelch propeller
I465F,465,I,F,0.008296500363284,Kelch propeller
I465G,465,I,G,0.0177971361104383,Kelch propeller
I465H,465,I,H,0.0130063271978687,Kelch propeller
I465K,465,I,K,0.0108046742552676,Kelch propeller
I465L,465,I,L,0.0234613405182839,Kelch propeller
I465M,465,I,M,0.0064543472995868,Kelch propeller
I465N,465,I,N,0.0333040687817874,Kelch propeller
I465P,465,I,P,0.0,Kelch propeller
I465Q,465,I,Q,0.0050587309275853,Kelch propeller
I465R,465,I,R,0.0378685819811092,Kelch propeller
I465S,465,I,S,0.0144670319689983,Kelch propeller
I465T,465,I,T,0.0085386897553873,Kelch propeller
I465V,465,I,V,0.0293548680067813,Kelch propeller
I465W,465,I,W,0.0057595664809867,Kelch propeller
I465Y,465,I,Y,0.0215609106321129,Kelch propeller
S466A,466,S,A,0.0028585916686849,Kelch propeller
S466C,466,S,C,0.0288553523855641,Kelch propeller
S466D,466,S,D,0.0265326047469121,Kelch propeller
S466E,466,S,E,0.0122002906272691,Kelch propeller
S466F,466,S,F,0.0231427100992962,Kelch propeller
S466G,466,S,G,0.0243188423347057,Kelch propeller
S466H,466,S,H,0.0,Kelch propeller
S466I,466,S,I,0.037528759990311,Kelch propeller
S466K,466,S,K,0.037145798014047,Kelch propeller
S466L,466,S,L,0.050953620731412,Kelch propeller
S466M,466,S,M,0.0469771736497927,Kelch propeller
S466N,466,S,N,0.0068093061273916,Kelch propeller
S466P,466,S,P,0.0184571022039234,Kelch propeller
S466Q,466,S,Q,0.0067056187938954,Kelch propeller
S466R,466,S,R,0.0390855836764336,Kelch propeller
S466T,466,S,T,0.0194576471300543,Kelch propeller
S466V,466,S,V,0.0097602325018164,Kelch propeller
S466W,466,S,W,0.0881645071445871,Kelch propeller
S466Y,466,S,Y,0.0406355957859032,Kelch propeller
Q467A,467,Q,A,0.0,Kelch propeller
Q467C,467,Q,C,0.0493483591668685,Kelch propeller
Q467D,467,Q,D,0.0344960946960509,Kelch propeller
Q467E,467,Q,E,0.0179454771131024,Kelch propeller
Q467F,467,Q,F,0.0449079680309989,Kelch propeller
Q467G,467,Q,G,0.0511594817146995,Kelch propeller
Q467H,467,Q,H,0.0121768285299104,Kelch propeller
Q467I,467,Q,I,0.0426964761443449,Kelch propeller
Q467K,467,Q,K,0.0445015439573747,Kelch propeller
Q467L,467,Q,L,0.039159754177767,Kelch propeller
Q467M,467,Q,M,0.0131508839912812,Kelch propeller
Q467N,467,Q,N,0.0193297408573504,Kelch propeller
Q467P,467,Q,P,0.2992575381448282,Kelch propeller
Q467R,467,Q,R,0.0340578832647116,Kelch propeller
Q467S,467,Q,S,0.074801707435213,Kelch propeller
Q467T,467,Q,T,0.0499485347541778,Kelch propeller
Q467V,467,Q,V,0.0532718273189635,Kelch propeller
Q467W,467,Q,W,0.0680325139258901,Kelch propeller
Q467Y,467,Q,Y,0.0573201743763609,Kelch propeller
Q468A,468,Q,A,0.0441390167110681,Kelch propeller
Q468C,468,Q,C,0.0397213308307096,Kelch propeller
Q468D,468,Q,D,0.0257818176313863,Kelch propeller
Q468E,468,Q,E,0.0201478868975525,Kelch propeller
Q468F,468,Q,F,0.0515174679099056,Kelch propeller
Q468G,468,Q,G,0.0408414567691935,Kelch propeller
Q468H,468,Q,H,0.0203408815693872,Kelch propeller
Q468I,468,Q,I,0.0642240857350434,Kelch propeller
Q468K,468,Q,K,0.0,Kelch propeller
Q468L,468,Q,L,0.0454415415354808,Kelch propeller
Q468M,468,Q,M,0.045794986679582,Kelch propeller
Q468N,468,Q,N,0.0225675102930491,Kelch propeller
Q468P,468,Q,P,0.1638683700653899,Kelch propeller
Q468R,468,Q,R,0.0040680249455059,Kelch propeller
Q468S,468,Q,S,0.0379124788084282,Kelch propeller
Q468T,468,Q,T,0.0303872002906259,Kelch propeller
Q468V,468,Q,V,0.0656484620973602,Kelch propeller
Q468W,468,Q,W,0.024514864373939,Kelch propeller
Q468Y,468,Q,Y,0.0604376059578591,Kelch propeller
C469A,469,C,A,0.0359182005328181,Kelch propeller
C469D,469,C,D,0.0372426737708888,Kelch propeller
C469E,469,C,E,0.0339042443690966,Kelch propeller
C469F,469,C,F,0.0370988738193281,Kelch propeller
C469G,469,C,G,0.0417140954226219,Kelch propeller
C469H,469,C,H,0.0295985710825866,Kelch propeller
C469I,469,C,I,0.0644579498667973,Kelch propeller
C469K,469,C,K,0.021356563332526,Kelch propeller
C469L,469,C,L,0.0703015257931717,Kelch propeller
C469M,469,C,M,0.0466978990070235,Kelch propeller
C469N,469,C,N,0.0086673528699443,Kelch propeller
C469P,469,C,P,0.0703204468394299,Kelch propeller
C469Q,469,C,Q,0.0,Kelch propeller
C469R,469,C,R,0.0171636594817161,Kelch propeller
C469S,469,C,S,0.0256281787357728,Kelch propeller
C469T,469,C,T,0.0222700714458721,Kelch propeller
C469V,469,C,V,0.0704945204650037,Kelch propeller
C469W,469,C,W,0.0682572959554372,Kelch propeller
C469Y,469,C,Y,0.0246843969484136,Kelch propeller
W470A,470,W,A,0.056291626301768,Kelch propeller
W470C,470,W,C,0.0553084887381933,Kelch propeller
W470D,470,W,D,0.0469870125938484,Kelch propeller
W470E,470,W,E,0.0807096149188666,Kelch propeller
W470F,470,W,F,0.037091305400822,Kelch propeller
W470G,470,W,G,0.0,Kelch propeller
W470H,470,W,H,0.0875174073625562,Kelch propeller
W470I,470,W,I,0.0960038750302724,Kelch propeller
W470K,470,W,K,0.0840192843303464,Kelch propeller
W470L,470,W,L,0.0894746003875031,Kelch propeller
W470M,470,W,M,0.0325389016711068,Kelch propeller
W470N,470,W,N,0.0296500363284074,Kelch propeller
W470P,470,W,P,0.0473275914264941,Kelch propeller
W470Q,470,W,Q,0.089057580527973,Kelch propeller
W470R,470,W,R,0.0798937394042142,Kelch propeller
W470S,470,W,S,0.0109863162993461,Kelch propeller
W470T,470,W,T,0.0474327924436896,Kelch propeller
W470V,470,W,V,0.0903351295713249,Kelch propeller
W470Y,470,W,Y,0.0293427585371747,Kelch propeller
R471A,471,R,A,0.0660314240736242,Kelch propeller
R471C,471,R,C,0.0346111346573006,Kelch propeller
R471D,471,R,D,0.0369611286025658,Kelch propeller
R471E,471,R,E,0.0403237769435699,Kelch propeller
R471F,471,R,F,0.0538387018648569,Kelch propeller
R471G,471,R,G,0.0585341487042854,Kelch propeller
R471H,471,R,H,0.0581897856623866,Kelch propeller
R471I,471,R,I,0.0525921833373684,Kelch propeller
R471K,471,R,K,0.0408747578106065,Kelch propeller
R471L,471,R,L,0.0474184124485334,Kelch propeller
R471M,471,R,M,0.0488321930249441,Kelch propeller
R471N,471,R,N,0.0403782695567934,Kelch propeller
R471P,471,R,P,0.0,Kelch propeller
R471Q,471,R,Q,0.0485778941632357,Kelch propeller
R471S,471,R,S,0.0246034148704287,Kelch propeller
R471T,471,R,T,0.0545887321385324,Kelch propeller
R471V,471,R,V,0.0388819932186956,Kelch propeller
R471W,471,R,W,0.0587324412690725,Kelch propeller
R471Y,471,R,Y,0.0735900036328395,Kelch propeller
M472A,472,M,A,0.0296447384354579,Kelch propeller
M472C,472,M,C,0.0197180007265696,Kelch propeller
M472D,472,M,D,0.0522864192298392,Kelch propeller
M472E,472,M,E,0.0645116856381691,Kelch propeller
M472F,472,M,F,0.006208373698232,Kelch propeller
M472G,472,M,G,0.0001695325744746,Kelch propeller
M472H,472,M,H,0.0063536873334948,Kelch propeller
M472I,472,M,I,0.0225024218939224,Kelch propeller
M472K,472,M,K,0.0164037902639878,Kelch propeller
M472L,472,M,L,0.0323890469847435,Kelch propeller
M472N,472,M,N,0.0141892710099311,Kelch propeller
M472P,472,M,P,0.0490463792685895,Kelch propeller
M472Q,472,M,Q,0.0535760777427949,Kelch propeller
M472R,472,M,R,0.0092221179462339,Kelch propeller
M472S,472,M,S,0.0130744429643995,Kelch propeller
M472T,472,M,T,0.0296803100024219,Kelch propeller
M472V,472,M,V,0.020614858319207,Kelch propeller
M472W,472,M,W,0.0,Kelch propeller
M472Y,472,M,Y,0.0195189513199322,Kelch propeller
C473A,473,C,A,0.1494452349237119,Kelch propeller
C473D,473,C,D,0.1042670743521449,Kelch propeller
C473E,473,C,E,0.0617136413175117,Kelch propeller
C473F,473,C,F,0.1418639501089854,Kelch propeller
C473G,473,C,G,0.2105269132961993,Kelch propeller
C473H,473,C,H,0.0541172196657801,Kelch propeller
C473I,473,C,I,0.1183360075078713,Kelch propeller
C473K,473,C,K,0.0086665960280939,Kelch propeller
C473L,473,C,L,0.0879245882780349,Kelch propeller
C473M,473,C,M,0.100415506175831,Kelch propeller
C473N,473,C,N,0.1009021554855912,Kelch propeller
C473P,473,C,P,0.0459153245337854,Kelch propeller
C473Q,473,C,Q,0.0,Kelch propeller
C473R,473,C,R,0.0254276156454347,Kelch propeller
C473S,473,C,S,0.1055294865584888,Kelch propeller
C473T,473,C,T,0.0537509082102218,Kelch propeller
C473V,473,C,V,0.1263335553402762,Kelch propeller
C473W,473,C,W,0.1656068357955938,Kelch propeller
C473Y,473,C,Y,0.1176374424800209,Kelch propeller
T474A,474,T,A,0.1809972148219896,Kelch propeller
T474C,474,T,C,0.0045894889803826,Kelch propeller
T474D,474,T,D,0.1419630963913782,Kelch propeller
T474E,474,T,E,0.1528260474691196,Kelch propeller
T474F,474,T,F,0.0352953196899976,Kelch propeller
T474G,474,T,G,0.1560804674255255,Kelch propeller
T474H,474,T,H,0.0248251695325745,Kelch propeller
T474I,474,T,I,0.1500666020828275,Kelch propeller
T474K,474,T,K,0.1724358198110911,Kelch propeller
T474L,474,T,L,0.0456807035601827,Kelch propeller
T474M,474,T,M,0.0,Kelch propeller
T474N,474,T,N,0.1097201198837492,Kelch propeller
T474P,474,T,P,0.1386617522402506,Kelch propeller
T474Q,474,T,Q,0.0150467728263502,Kelch propeller
T474R,474,T,R,0.1675511625090809,Kelch propeller
T474S,474,T,S,0.1475871881811564,Kelch propeller
T474V,474,T,V,0.1581421046258162,Kelch propeller
T474W,474,T,W,0.151048225962703,Kelch propeller
T474Y,474,T,Y,0.1004049103899236,Kelch propeller
P475A,475,P,A,0.0268368551707421,Kelch propeller
P475C,475,P,C,0.0680249455073854,Kelch propeller
P475D,475,P,D,0.0493370065391122,Kelch propeller
P475E,475,P,E,0.0393731835795578,Kelch propeller
P475F,475,P,F,0.0658898946476131,Kelch propeller
P475G,475,P,G,0.0624636715911829,Kelch propeller
P475H,475,P,H,0.0650717486074096,Kelch propeller
P475I,475,P,I,0.0614033361588763,Kelch propeller
P475K,475,P,K,0.0556081981109228,Kelch propeller
P475L,475,P,L,0.0433852022281424,Kelch propeller
P475M,475,P,M,0.0613564119641546,Kelch propeller
P475N,475,P,N,0.0696506418018891,Kelch propeller
P475Q,475,P,Q,0.0676692298377332,Kelch propeller
P475R,475,P,R,0.0585545834342456,Kelch propeller
P475S,475,P,S,0.0,Kelch propeller
P475T,475,P,T,0.0460273371276324,Kelch propeller
P475V,475,P,V,0.0145964519254042,Kelch propeller
P475W,475,P,W,0.0969900399612498,Kelch propeller
P475Y,475,P,Y,0.0923922257205121,Kelch propeller
M476A,476,M,A,0.2879699987890534,Kelch propeller
M476C,476,M,C,0.0372820295471058,Kelch propeller
M476D,476,M,D,0.3679893739404205,Kelch propeller
M476E,476,M,E,0.1940209493824173,Kelch propeller
M476F,476,M,F,0.1137094332768226,Kelch propeller
M476G,476,M,G,0.1518383688544443,Kelch propeller
M476H,476,M,H,0.1681838822959556,Kelch propeller
M476I,476,M,I,0.0,Kelch propeller
M476K,476,M,K,0.1361611467667718,Kelch propeller
M476L,476,M,L,0.032715245822233,Kelch propeller
M476N,476,M,N,0.2505699019132951,Kelch propeller
M476P,476,M,P,0.069069387260838,Kelch propeller
M476Q,476,M,Q,0.1052267498183567,Kelch propeller
M476R,476,M,R,0.1177956224267378,Kelch propeller
M476S,476,M,S,0.2852370428675214,Kelch propeller
M476T,476,M,T,0.1355594574957618,Kelch propeller
M476V,476,M,V,0.0768436667473965,Kelch propeller
M476W,476,M,W,0.0811114979413902,Kelch propeller
M476Y,476,M,Y,0.0743211128602568,Kelch propeller
S477A,477,S,A,0.2315822535722924,Kelch propeller
S477C,477,S,C,0.0915619702107049,Kelch propeller
S477D,477,S,D,0.2085152276580274,Kelch propeller
S477E,477,S,E,0.2208161782513915,Kelch propeller
S477F,477,S,F,0.1506062303221107,Kelch propeller
S477G,477,S,G,0.1950941511261795,Kelch propeller
S477H,477,S,H,0.1877664083313153,Kelch propeller
S477I,477,S,I,0.1050541898764835,Kelch propeller
S477K,477,S,K,0.1569894344877682,Kelch propeller
S477L,477,S,L,0.1150286086219411,Kelch propeller
S477M,477,S,M,0.1338141801889065,Kelch propeller
S477N,477,S,N,0.1621881811576641,Kelch propeller
S477P,477,S,P,0.0,Kelch propeller
S477Q,477,S,Q,0.1682913538387021,Kelch propeller
S477R,477,S,R,0.1146903003148449,Kelch propeller
S477T,477,S,T,0.2048256236376835,Kelch propeller
S477V,477,S,V,0.1286600871881799,Kelch propeller
S477W,477,S,W,0.1838542928069753,Kelch propeller
S477Y,477,S,Y,0.1926979898280458,Kelch propeller
T478A,478,T,A,0.0466464337612027,Kelch propeller
T478C,478,T,C,0.023302403729718,Kelch propeller
T478D,478,T,D,0.0500870368127876,Kelch propeller
T478E,478,T,E,0.031656424073627,Kelch propeller
T478F,478,T,F,0.0,Kelch propeller
T478G,478,T,G,0.0553107592637443,Kelch propeller
T478H,478,T,H,0.0316428009203211,Kelch propeller
T478I,478,T,I,0.0292103112133688,Kelch propeller
T478K,478,T,K,0.0241220634536221,Kelch propeller
T478L,478,T,L,0.0444485650278518,Kelch propeller
T478M,478,T,M,0.0381925102930492,Kelch propeller
T478N,478,T,N,0.0341638411237588,Kelch propeller
T478P,478,T,P,0.3959206224267397,Kelch propeller
T478Q,478,T,Q,0.0196892407362557,Kelch propeller
T478R,478,T,R,0.0651777064664582,Kelch propeller
T478S,478,T,S,0.0347882356502799,Kelch propeller
T478V,478,T,V,0.0394746003875044,Kelch propeller
T478W,478,T,W,0.003715336643255,Kelch propeller
T478Y,478,T,Y,0.0375862799709387,Kelch propeller
K479A,479,K,A,0.048808730927584,Kelch propeller
K479C,479,K,C,0.0158406999273417,Kelch propeller
K479D,479,K,D,0.0261223964640349,Kelch propeller
K479E,479,K,E,0.0255320598207798,Kelch propeller
K479F,479,K,F,0.0320386292080407,Kelch propeller
K479G,479,K,G,0.0820552797287465,Kelch propeller
K479H,479,K,H,0.0637586279970938,Kelch propeller
K479I,479,K,I,0.0066579377573248,Kelch propeller
K479L,479,K,L,0.0125567631387731,Kelch propeller
K479M,479,K,M,0.038018436667474,Kelch propeller
K479N,479,K,N,0.0466123758779352,Kelch propeller
K479P,479,K,P,0.0167935638169034,Kelch propeller
K479Q,479,K,Q,0.011936152821505,Kelch propeller
K479R,479,K,R,0.0616894223782985,Kelch propeller
K479S,479,K,S,0.0654955800435927,Kelch propeller
K479T,479,K,T,0.0343939210462582,Kelch propeller
K479V,479,K,V,0.0,Kelch propeller
K479W,479,K,W,0.13256917534512,Kelch propeller
K479Y,479,K,Y,0.083400187696779,Kelch propeller
K480A,480,K,A,0.003000121094696,Kelch propeller
K480C,480,K,C,0.0449715427464291,Kelch propeller
K480D,480,K,D,0.0649900096875771,Kelch propeller
K480E,480,K,E,0.0672847541777685,Kelch propeller
K480F,480,K,F,0.0157869641559699,Kelch propeller
K480G,480,K,G,0.0305726265439588,Kelch propeller
K480H,480,K,H,0.0234590699927343,Kelch propeller
K480I,480,K,I,0.0,Kelch propeller
K480L,480,K,L,0.0321014470816192,Kelch propeller
K480M,480,K,M,0.0370194054250424,Kelch propeller
K480N,480,K,N,0.0601961734076048,Kelch propeller
K480P,480,K,P,0.0846800072656833,Kelch propeller
K480Q,480,K,Q,0.0329438120610317,Kelch propeller
K480R,480,K,R,0.0078348268345846,Kelch propeller
K480S,480,K,S,0.0279335190118687,Kelch propeller
K480T,480,K,T,0.0069084524097858,Kelch propeller
K480V,480,K,V,0.021796288447566,Kelch propeller
K480W,480,K,W,0.0209577076774051,Kelch propeller
K480Y,480,K,Y,0.0196703196899976,Kelch propeller
A481C,481,A,C,0.0,Kelch propeller
A481D,481,A,D,0.0841343242915947,Kelch propeller
A481E,481,A,E,0.0877701925405654,Kelch propeller
A481F,481,A,F,0.0337415233712749,Kelch propeller
A481G,481,A,G,0.0309828348268346,Kelch propeller
A481H,481,A,H,0.0326463732138518,Kelch propeller
A481I,481,A,I,0.0899264349721483,Kelch propeller
A481K,481,A,K,0.0392104625817389,Kelch propeller
A481L,481,A,L,0.0859575563090337,Kelch propeller
A481M,481,A,M,0.0267619278275611,Kelch propeller
A481N,481,A,N,0.0501188241705014,Kelch propeller
A481P,481,A,P,0.0632606260595786,Kelch propeller
A481Q,481,A,Q,0.0467932610801633,Kelch propeller
A481R,481,A,R,0.0163144829256464,Kelch propeller
A481S,481,A,S,0.03210977234197,Kelch propeller
A481T,481,A,T,0.0450177100992977,Kelch propeller
A481V,481,A,V,0.0997237527246308,Kelch propeller
A481W,481,A,W,0.055611982320173,Kelch propeller
A481Y,481,A,Y,0.0280871579074822,Kelch propeller
Y482A,482,Y,A,0.0292723722450957,Kelch propeller
Y482C,482,Y,C,0.0406666263017694,Kelch propeller
Y482D,482,Y,D,0.0474509566481002,Kelch propeller
Y482E,482,Y,E,0.0321566965366917,Kelch propeller
Y482F,482,Y,F,0.0169850448050389,Kelch propeller
Y482G,482,Y,G,0.029187605957859,Kelch propeller
Y482H,482,Y,H,0.0102536933882296,Kelch propeller
Y482I,482,Y,I,0.0370557338338595,Kelch propeller
Y482K,482,Y,K,0.0103853838701879,Kelch propeller
Y482L,482,Y,L,0.0425239162024718,Kelch propeller
Y482M,482,Y,M,0.0431172802131267,Kelch propeller
Y482N,482,Y,N,0.0363715488011625,Kelch propeller
Y482P,482,Y,P,0.1331625393557778,Kelch propeller
Y482Q,482,Y,Q,0.0197785480745957,Kelch propeller
Y482R,482,Y,R,0.0245390833131523,Kelch propeller
Y482S,482,Y,S,0.0263055521918154,Kelch propeller
Y482T,482,Y,T,0.0280319084524112,Kelch propeller
Y482V,482,Y,V,0.0187265379026413,Kelch propeller
Y482W,482,Y,W,0.0,Kelch propeller
F483A,483,F,A,0.1085197687091306,Kelch propeller
F483C,483,F,C,0.0892233288931946,Kelch propeller
F483D,483,F,D,0.1129790808912571,Kelch propeller
F483E,483,F,E,0.1032271736497957,Kelch propeller
F483G,483,F,G,0.1184063937999531,Kelch propeller
F483H,483,F,H,0.0843500242189407,Kelch propeller
F483I,483,F,I,0.0361944478081874,Kelch propeller
F483K,483,F,K,0.0354656091063211,Kelch propeller
F483L,483,F,L,0.0427335613950123,Kelch propeller
F483M,483,F,M,0.063663265923954,Kelch propeller
F483N,483,F,N,0.0852370428675225,Kelch propeller
F483P,483,F,P,0.1620186485831923,Kelch propeller
F483Q,483,F,Q,0.100102930491646,Kelch propeller
F483R,483,F,R,0.0174747214821991,Kelch propeller
F483S,483,F,S,0.104531212157909,Kelch propeller
F483T,483,F,T,0.1031575441995656,Kelch propeller
F483V,483,F,V,0.0633824775974827,Kelch propeller
F483W,483,F,W,0.11330982077985,Kelch propeller
F483Y,483,F,Y,0.0,Kelch propeller
G484A,484,G,A,0.0,Kelch propeller
G484C,484,G,C,0.008989767498185,Kelch propeller
G484D,484,G,D,0.1263638290142907,Kelch propeller
G484E,484,G,E,0.0472549346088642,Kelch propeller
G484F,484,G,F,0.0921856078953757,Kelch propeller
G484H,484,G,H,0.1249296137079197,Kelch propeller
G484I,484,G,I,0.0965503148462112,Kelch propeller
G484K,484,G,K,0.0669078469363042,Kelch propeller
G484L,484,G,L,0.1067078893194493,Kelch propeller
G484M,484,G,M,0.1118218697021072,Kelch propeller
G484N,484,G,N,0.0450623637684684,Kelch propeller
G484P,484,G,P,0.0946158270767755,Kelch propeller
G484Q,484,G,Q,0.0316193388229596,Kelch propeller
G484R,484,G,R,0.0967819084524099,Kelch propeller
G484S,484,G,S,0.0260845543715185,Kelch propeller
G484T,484,G,T,0.0397516045047227,Kelch propeller
G484V,484,G,V,0.0376854262533301,Kelch propeller
G484W,484,G,W,0.1479444175345122,Kelch propeller
G484Y,484,G,Y,0.0817797892952289,Kelch propeller
S485A,485,S,A,0.0927963792685881,Kelch propeller
S485C,485,S,C,0.0869656696536693,Kelch propeller
S485D,485,S,D,0.1016597541777671,Kelch propeller
S485E,485,S,E,0.0394367582949867,Kelch propeller
S485F,485,S,F,0.080559003390653,Kelch propeller
S485G,485,S,G,0.1109234984257691,Kelch propeller
S485H,485,S,H,0.0596663841123773,Kelch propeller
S485I,485,S,I,0.2208631024461131,Kelch propeller
S485K,485,S,K,0.0876475841608138,Kelch propeller
S485L,485,S,L,0.1385399007023494,Kelch propeller
S485M,485,S,M,0.0754881629934609,Kelch propeller
S485N,485,S,N,0.0471459493824171,Kelch propeller
S485P,485,S,P,0.2155250968757571,Kelch propeller
S485Q,485,S,Q,0.0,Kelch propeller
S485R,485,S,R,0.1304000666020844,Kelch propeller
S485T,485,S,T,0.121628269556795,Kelch propeller
S485V,485,S,V,0.2191193388229612,Kelch propeller
S485W,485,S,W,0.1066526398643755,Kelch propeller
S485Y,485,S,Y,0.1456602688302268,Kelch propeller
A486C,486,A,C,0.0,Kelch propeller
A486D,486,A,D,0.1890833131508842,Kelch propeller
A486E,486,A,E,0.157447323807216,Kelch propeller
A486F,486,A,F,0.1555794381206105,Kelch propeller
A486G,486,A,G,0.0379601598449974,Kelch propeller
A486H,486,A,H,0.2559510474691212,Kelch propeller
A486I,486,A,I,0.1537145798014035,Kelch propeller
A486K,486,A,K,0.2569341850326959,Kelch propeller
A486L,486,A,L,0.2589269496246068,Kelch propeller
A486M,486,A,M,0.1834683034633085,Kelch propeller
A486N,486,A,N,0.1893837793654626,Kelch propeller
A486P,486,A,P,0.1426109530152567,Kelch propeller
A486Q,486,A,Q,0.1738768466941136,Kelch propeller
A486R,486,A,R,0.2664340639379984,Kelch propeller
A486S,486,A,S,0.0567116735286995,Kelch propeller
A486T,486,A,T,0.0475644829256479,Kelch propeller
A486V,486,A,V,0.0595339367885687,Kelch propeller
A486W,486,A,W,0.2551760414143864,Kelch propeller
A486Y,486,A,Y,0.2330732320174365,Kelch propeller
V487A,487,V,A,0.0072331375635747,Kelch propeller
V487C,487,V,C,0.027611104383628,Kelch propeller
V487D,487,V,D,0.0230768648583192,Kelch propeller
V487E,487,V,E,0.024011564543473,Kelch propeller
V487F,487,V,F,0.0491614192298392,Kelch propeller
V487G,487,V,G,0.0,Kelch propeller
V487H,487,V,H,0.0203204468394298,Kelch propeller
V487I,487,V,I,0.0125817389198367,Kelch propeller
V487K,487,V,K,0.0034890409300086,Kelch propeller
V487L,487,V,L,0.0413674618551722,Kelch propeller
V487M,487,V,M,0.0228815996609348,Kelch propeller
V487N,487,V,N,0.0147826350205875,Kelch propeller
V487P,487,V,P,0.0672953499636716,Kelch propeller
V487Q,487,V,Q,0.0145404456284814,Kelch propeller
V487R,487,V,R,0.019068630418989,Kelch propeller
V487S,487,V,S,0.0225425345119884,Kelch propeller
V487T,487,V,T,0.0214761443448791,Kelch propeller
V487W,487,V,W,0.0831443751513699,Kelch propeller
V487Y,487,V,Y,0.0462271433761216,Kelch propeller
L488A,488,L,A,0.0658967062242688,Kelch propeller
L488C,488,L,C,0.0675352688302253,Kelch propeller
L488D,488,L,D,0.1984673952530896,Kelch propeller
L488E,488,L,E,0.1795069932186972,Kelch propeller
L488F,488,L,F,0.0998425768951335,Kelch propeller
L488G,488,L,G,0.1650323928311942,Kelch propeller
L488H,488,L,H,0.1779009748123034,Kelch propeller
L488I,488,L,I,0.0,Kelch propeller
L488K,488,L,K,0.1550753814482927,Kelch propeller
L488M,488,L,M,0.0605390227658043,Kelch propeller
L488N,488,L,N,0.1825926374424802,Kelch propeller
L488P,488,L,P,0.1095286388956165,Kelch propeller
L488Q,488,L,Q,0.1299081193993719,Kelch propeller
L488R,488,L,R,0.0868801465245823,Kelch propeller
L488S,488,L,S,0.1628489040930009,Kelch propeller
L488T,488,L,T,0.1137162448534755,Kelch propeller
L488V,488,L,V,0.0456670804068796,Kelch propeller
L488W,488,L,W,0.1129639440542519,Kelch propeller
L488Y,488,L,Y,0.1579990615161072,Kelch propeller
N489A,489,N,A,0.0,Kelch propeller
N489C,489,N,C,0.0379450230079923,Kelch propeller
N489D,489,N,D,0.0370322717364965,Kelch propeller
N489E,489,N,E,0.0516786752240238,Kelch propeller
N489F,489,N,F,0.023613465730201,Kelch propeller
N489G,489,N,G,0.0125582768224737,Kelch propeller
N489H,489,N,H,0.0340465306369581,Kelch propeller
N489I,489,N,I,0.0120383264713005,Kelch propeller
N489K,489,N,K,0.0152382538144829,Kelch propeller
N489L,489,N,L,0.0533823262291098,Kelch propeller
N489M,489,N,M,0.013438483894404,Kelch propeller
N489P,489,N,P,0.1336582707677405,Kelch propeller
N489Q,489,N,Q,0.0243309518043095,Kelch propeller
N489R,489,N,R,0.0461491886655351,Kelch propeller
N489S,489,N,S,0.0195575502542974,Kelch propeller
N489T,489,N,T,0.0254192903850797,Kelch propeller
N489V,489,N,V,0.0592803947687078,Kelch propeller
N489W,489,N,W,0.0553569266166128,Kelch propeller
N489Y,489,N,Y,0.0352249333979158,Kelch propeller
N490A,490,N,A,0.0068274703317994,Kelch propeller
N490C,490,N,C,0.0241197929280711,Kelch propeller
N490D,490,N,D,0.0415945144102702,Kelch propeller
N490E,490,N,E,0.0177971361104397,Kelch propeller
N490F,490,N,F,0.0538190239767499,Kelch propeller
N490G,490,N,G,0.016766317510293,Kelch propeller
N490H,490,N,H,0.0316791293291368,Kelch propeller
N490I,490,N,I,0.0496753148462098,Kelch propeller
N490K,490,N,K,0.0125567631387759,Kelch propeller
N490L,490,N,L,0.0290082344393316,Kelch propeller
N490M,490,N,M,0.0239351235165914,Kelch propeller
N490P,490,N,P,0.1820045713247762,Kelch propeller
N490Q,490,N,Q,0.0173460583676435,Kelch propeller
N490R,490,N,R,0.0207647130055703,Kelch propeller
N490S,490,N,S,0.0,Kelch propeller
N490T,490,N,T,0.0333373698232017,Kelch propeller
N490V,490,N,V,0.0709887381932686,Kelch propeller
N490W,490,N,W,0.0589867401307823,Kelch propeller
N490Y,490,N,Y,0.0600811334463551,Kelch propeller
F491A,491,F,A,0.0,Kelch propeller
F491C,491,F,C,0.013647372245097,Kelch propeller
F491D,491,F,D,0.0766476447081633,Kelch propeller
F491E,491,F,E,0.0641506720755645,Kelch propeller
F491G,491,F,G,0.0591017800920334,Kelch propeller
F491H,491,F,H,0.0064218031000242,Kelch propeller
F491I,491,F,I,0.0752459736013577,Kelch propeller
F491K,491,F,K,0.0143618309518043,Kelch propeller
F491L,491,F,L,0.0372010474691209,Kelch propeller
F491M,491,F,M,0.0395850992976522,Kelch propeller
F491N,491,F,N,0.0380396282392845,Kelch propeller
F491P,491,F,P,0.0518784814725129,Kelch propeller
F491Q,491,F,Q,0.0175912751271494,Kelch propeller
F491R,491,F,R,0.0302191813998547,Kelch propeller
F491S,491,F,S,0.0313779062727067,Kelch propeller
F491T,491,F,T,0.0581262109469606,Kelch propeller
F491V,491,F,V,0.072155031484621,Kelch propeller
F491W,491,F,W,0.0260171954468408,Kelch propeller
F491Y,491,F,Y,0.0351129208040702,Kelch propeller
L492A,492,L,A,0.0536706829740858,Kelch propeller
L492C,492,L,C,0.0,Kelch propeller
L492D,492,L,D,0.0145056309033678,Kelch propeller
L492E,492,L,E,0.058511443448777,Kelch propeller
L492F,492,L,F,0.0644715730201018,Kelch propeller
L492G,492,L,G,0.0217902337127634,Kelch propeller
L492H,492,L,H,0.0463179643981608,Kelch propeller
L492I,492,L,I,0.0222783967062243,Kelch propeller
L492K,492,L,K,0.0681422559941889,Kelch propeller
L492M,492,L,M,0.0700199806248487,Kelch propeller
L492N,492,L,N,0.0157915052070733,Kelch propeller
L492P,492,L,P,0.1897833918624367,Kelch propeller
L492Q,492,L,Q,0.0369142044078484,Kelch propeller
L492R,492,L,R,0.0394473540808927,Kelch propeller
L492S,492,L,S,0.0146448898038266,Kelch propeller
L492T,492,L,T,0.0096058367643497,Kelch propeller
L492V,492,L,V,0.0224865282150642,Kelch propeller
L492W,492,L,W,0.0801321445870672,Kelch propeller
L492Y,492,L,Y,0.0621314180188922,Kelch propeller
Y493A,493,Y,A,0.0849645798014062,Kelch propeller
Y493C,493,Y,C,0.0530039053039491,Kelch propeller
Y493D,493,Y,D,0.1066685335432323,Kelch propeller
Y493E,493,Y,E,0.0914158997335932,Kelch propeller
Y493F,493,Y,F,0.0,Kelch propeller
Y493G,493,Y,G,0.1103134838944055,Kelch propeller
Y493H,493,Y,H,0.0618082465488012,Kelch propeller
Y493I,493,Y,I,0.0304197444901927,Kelch propeller
Y493K,493,Y,K,0.0864351235165915,Kelch propeller
Y493L,493,Y,L,0.0108288931944795,Kelch propeller
Y493M,493,Y,M,0.0624084221361119,Kelch propeller
Y493N,493,Y,N,0.0669184427222102,Kelch propeller
Y493P,493,Y,P,0.1920244005812562,Kelch propeller
Y493Q,493,Y,Q,0.0754079377573263,Kelch propeller
Y493R,493,Y,R,0.0460825865827091,Kelch propeller
Y493S,493,Y,S,0.0879503209009446,Kelch propeller
Y493T,493,Y,T,0.0938453620731427,Kelch propeller
Y493V,493,Y,V,0.0601424376362316,Kelch propeller
Y493W,493,Y,W,0.0533951925405668,Kelch propeller
V494A,494,V,A,0.0745103233228399,Kelch propeller
V494C,494,V,C,0.0652579317025929,Kelch propeller
V494D,494,V,D,0.0749439937030759,Kelch propeller
V494E,494,V,E,0.0986588762412221,Kelch propeller
V494F,494,V,F,0.064962006539115,Kelch propeller
V494G,494,V,G,0.1954256478566241,Kelch propeller
V494H,494,V,H,0.0703272584160828,Kelch propeller
V494I,494,V,I,0.0,Kelch propeller
V494K,494,V,K,0.0964920380237361,Kelch propeller
V494L,494,V,L,0.0370557338338595,Kelch propeller
V494M,494,V,M,0.0594923104868007,Kelch propeller
V494N,494,V,N,0.0370269738435471,Kelch propeller
V494P,494,V,P,0.1499152337127635,Kelch propeller
V494Q,494,V,Q,0.1018073383385823,Kelch propeller
V494R,494,V,R,0.083559881327198,Kelch propeller
V494S,494,V,S,0.069839095422622,Kelch propeller
V494T,494,V,T,0.0497646221845497,Kelch propeller
V494W,494,V,W,0.123401550012111,Kelch propeller
V494Y,494,V,Y,0.0279796863647386,Kelch propeller
F495A,495,F,A,0.222859651247277,Kelch propeller
F495C,495,F,C,0.2389364858319223,Kelch propeller
F495D,495,F,D,0.2471580588520226,Kelch propeller
F495E,495,F,E,0.1300602446112876,Kelch propeller
F495G,495,F,G,0.372458525066604,Kelch propeller
F495H,495,F,H,0.2336552434003408,Kelch propeller
F495I,495,F,I,0.1609257689513215,Kelch propeller
F495K,495,F,K,0.2131607229353371,Kelch propeller
F495L,495,F,L,0.1064815936062002,Kelch propeller
F495M,495,F,M,0.0854209554371519,Kelch propeller
F495N,495,F,N,0.192119762654396,Kelch propeller
F495P,495,F,P,0.2552842697989831,Kelch propeller
F495Q,495,F,Q,0.1502921409542278,Kelch propeller
F495R,495,F,R,0.2005600629692422,Kelch propeller
F495S,495,F,S,0.232950623637685,Kelch propeller
F495T,495,F,T,0.2222602325018167,Kelch propeller
F495V,495,F,V,0.2296137079195948,Kelch propeller
F495W,495,F,W,0.0,Kelch propeller
F495Y,495,F,Y,0.0774695749576169,Kelch propeller
G496A,496,G,A,0.0290513744248002,Kelch propeller
G496C,496,G,C,0.0239691813998547,Kelch propeller
G496D,496,G,D,0.1031863041898766,Kelch propeller
G496E,496,G,E,0.1363874424800209,Kelch propeller
G496F,496,G,F,0.0535117461855171,Kelch propeller
G496H,496,G,H,0.1164439028820553,Kelch propeller
G496I,496,G,I,0.0621745580043609,Kelch propeller
G496K,496,G,K,0.0774014591910875,Kelch propeller
G496L,496,G,L,0.054130842819086,Kelch propeller
G496M,496,G,M,0.041978233228386,Kelch propeller
G496N,496,G,N,0.057400399612497,Kelch propeller
G496P,496,G,P,0.0679795349963672,Kelch propeller
G496Q,496,G,Q,0.109635353596514,Kelch propeller
G496R,496,G,R,0.1100538871397448,Kelch propeller
G496S,496,G,S,0.0,Kelch propeller
G496T,496,G,T,0.0090291232744005,Kelch propeller
G496V,496,G,V,0.0693539597965624,Kelch propeller
G496W,496,G,W,0.1028351295713249,Kelch propeller
G496Y,496,G,Y,0.1157317147008976,Kelch propeller
G497A,497,G,A,0.0486672015015728,Kelch propeller
G497C,497,G,C,0.051425890046016,Kelch propeller
G497D,497,G,D,0.0286638713974328,Kelch propeller
G497E,497,G,E,0.1553773613465732,Kelch propeller
G497F,497,G,F,0.0715919411479764,Kelch propeller
G497H,497,G,H,0.1111921772826337,Kelch propeller
G497I,497,G,I,0.0119134475659966,Kelch propeller
G497K,497,G,K,0.0,Kelch propeller
G497L,497,G,L,0.0831617825139246,Kelch propeller
G497M,497,G,M,0.0266347783967048,Kelch propeller
G497N,497,G,N,0.0430400823443919,Kelch propeller
G497P,497,G,P,0.0517566299346075,Kelch propeller
G497Q,497,G,Q,0.0868914991523372,Kelch propeller
G497R,497,G,R,0.0589950653911345,Kelch propeller
G497S,497,G,S,0.0751044441753438,Kelch propeller
G497T,497,G,T,0.0100077197868733,Kelch propeller
G497V,497,G,V,0.0118930128360363,Kelch propeller
G497W,497,G,W,0.0381357471542746,Kelch propeller
G497Y,497,G,Y,0.0953756962945024,Kelch propeller
N498A,498,N,A,0.0907271736497956,Kelch propeller
N498C,498,N,C,0.0923975236134658,Kelch propeller
N498D,498,N,D,0.0607516953257448,Kelch propeller
N498E,498,N,E,0.0741727718575927,Kelch propeller
N498F,498,N,F,0.0353740312424316,Kelch propeller
N498G,498,N,G,0.1017361952046501,Kelch propeller
N498H,498,N,H,0.0492711612981366,Kelch propeller
N498I,498,N,I,0.0466396221845497,Kelch propeller
N498K,498,N,K,0.0384286449503526,Kelch propeller
N498L,498,N,L,0.0225273976749832,Kelch propeller
N498M,498,N,M,0.0310229474449033,Kelch propeller
N498P,498,N,P,0.2264955194962478,Kelch propeller
N498Q,498,N,Q,0.0419131448292565,Kelch propeller
N498R,498,N,R,0.0455444720271266,Kelch propeller
N498S,498,N,S,0.0886791596028109,Kelch propeller
N498T,498,N,T,0.0353165112618081,Kelch propeller
N498V,498,N,V,0.0759785965124742,Kelch propeller
N498W,498,N,W,0.0,Kelch propeller
N498Y,498,N,Y,0.0161320840397204,Kelch propeller
N499A,499,N,A,0.0354754480503768,Kelch propeller
N499C,499,N,C,0.0413205376604505,Kelch propeller
N499D,499,N,D,0.0669441753451199,Kelch propeller
N499E,499,N,E,0.0671227900217971,Kelch propeller
N499F,499,N,F,0.0540839186243643,Kelch propeller
N499G,499,N,G,0.0600046924194735,Kelch propeller
N499H,499,N,H,0.0337256296924195,Kelch propeller
N499I,499,N,I,0.0653215064180189,Kelch propeller
N499K,499,N,K,0.0085636655364509,Kelch propeller
N499L,499,N,L,0.0557830285783497,Kelch propeller
N499M,499,N,M,0.05625,Kelch propeller
N499P,499,N,P,0.050452591426497,Kelch propeller
N499Q,499,N,Q,0.0323496912085265,Kelch propeller
N499R,499,N,R,0.0033989767498197,Kelch propeller
N499S,499,N,S,0.0,Kelch propeller
N499T,499,N,T,0.0465510716880615,Kelch propeller
N499V,499,N,V,0.0439921893921061,Kelch propeller
N499W,499,N,W,0.0715276095907,Kelch propeller
N499Y,499,N,Y,0.0569553766045048,Kelch propeller
Y500A,500,Y,A,0.0603732744005799,Kelch propeller
Y500C,500,Y,C,0.0210772886897554,Kelch propeller
Y500D,500,Y,D,0.0467546621457966,Kelch propeller
Y500E,500,Y,E,0.0613639803826579,Kelch propeller
Y500F,500,Y,F,0.0,Kelch propeller
Y500G,500,Y,G,0.0531469484136581,Kelch propeller
Y500H,500,Y,H,0.0184427222087658,Kelch propeller
Y500I,500,Y,I,0.0436107410995399,Kelch propeller
Y500K,500,Y,K,0.0523439392104626,Kelch propeller
Y500L,500,Y,L,0.0302872971663841,Kelch propeller
Y500M,500,Y,M,0.0295985710825866,Kelch propeller
Y500N,500,Y,N,0.0248887442480005,Kelch propeller
Y500P,500,Y,P,0.0336181581496716,Kelch propeller
Y500Q,500,Y,Q,0.037537085250666,Kelch propeller
Y500R,500,Y,R,0.0481230322111892,Kelch propeller
Y500S,500,Y,S,0.0455724751755873,Kelch propeller
Y500T,500,Y,T,0.0359840457737951,Kelch propeller
Y500V,500,Y,V,0.0443236861225478,Kelch propeller
Y500W,500,Y,W,0.0151739222572051,Kelch propeller
D501A,501,D,A,0.0123781484620959,Kelch propeller
D501C,501,D,C,0.0185577621700155,Kelch propeller
D501E,501,D,E,0.0073262291111635,Kelch propeller
D501F,501,D,F,0.0160321809154759,Kelch propeller
D501G,501,D,G,0.0291845785904577,Kelch propeller
D501H,501,D,H,0.0200767437636217,Kelch propeller
D501I,501,D,I,0.0128837188181157,Kelch propeller
D501K,501,D,K,0.0,Kelch propeller
D501L,501,D,L,0.0121639622184548,Kelch propeller
D501M,501,D,M,0.0291754964882524,Kelch propeller
D501N,501,D,N,0.0270502845725357,Kelch propeller
D501P,501,D,P,0.0121034148704286,Kelch propeller
D501Q,501,D,Q,0.0248531726810366,Kelch propeller
D501R,501,D,R,0.023607410995397,Kelch propeller
D501S,501,D,S,0.0236755267619264,Kelch propeller
D501T,501,D,T,0.0339019738435457,Kelch propeller
D501V,501,D,V,0.019334281908451,Kelch propeller
D501W,501,D,W,0.0230844332768211,Kelch propeller
D501Y,501,D,Y,0.0047559941874531,Kelch propeller
Y502A,502,Y,A,0.0,Kelch propeller
Y502C,502,Y,C,0.0140522826350191,Kelch propeller
Y502D,502,Y,D,0.0276981411964156,Kelch propeller
Y502E,502,Y,E,0.0111649309760232,Kelch propeller
Y502F,502,Y,F,0.0059987285056914,Kelch propeller
Y502G,502,Y,G,0.0159920682974085,Kelch propeller
Y502H,502,Y,H,0.0149869823201729,Kelch propeller
Y502I,502,Y,I,0.002641378057641,Kelch propeller
Y502K,502,Y,K,0.0189891620247033,Kelch propeller
Y502L,502,Y,L,0.0075563090336629,Kelch propeller
Y502M,502,Y,M,0.0072513017679825,Kelch propeller
Y502N,502,Y,N,0.0248281968999744,Kelch propeller
Y502P,502,Y,P,0.0174694235892468,Kelch propeller
Y502Q,502,Y,Q,0.0216123758779351,Kelch propeller
Y502R,502,Y,R,0.0228808428190845,Kelch propeller
Y502S,502,Y,S,0.0255002724630647,Kelch propeller
Y502T,502,Y,T,0.0155349358198097,Kelch propeller
Y502V,502,Y,V,0.0186743158149673,Kelch propeller
Y502W,502,Y,W,0.0267869036086219,Kelch propeller
K503A,503,K,A,0.0245504359409058,Kelch propeller
K503C,503,K,C,0.028691117704046,Kelch propeller
K503D,503,K,D,0.0281953862920804,Kelch propeller
K503E,503,K,E,0.0702447626543958,Kelch propeller
K503F,503,K,F,0.0156484620973601,Kelch propeller
K503G,503,K,G,0.0356404395737467,Kelch propeller
K503H,503,K,H,0.0,Kelch propeller
K503I,503,K,I,0.0323095785904591,Kelch propeller
K503L,503,K,L,0.0214685759263744,Kelch propeller
K503M,503,K,M,0.014233924679099,Kelch propeller
K503N,503,K,N,0.0270063877452182,Kelch propeller
K503P,503,K,P,0.0845293957374682,Kelch propeller
K503Q,503,K,Q,0.0521002361346587,Kelch propeller
K503R,503,K,R,0.0029698474206843,Kelch propeller
K503S,503,K,S,0.0522372245095679,Kelch propeller
K503T,503,K,T,0.0168283785420212,Kelch propeller
K503V,503,K,V,0.0217266589973359,Kelch propeller
K503W,503,K,W,0.0189634294017922,Kelch propeller
K503Y,503,K,Y,0.0097730988132734,Kelch propeller
A504C,504,A,C,0.1157074957616858,Kelch propeller
A504D,504,A,D,0.1658936788568663,Kelch propeller
A504E,504,A,E,0.1277246306611758,Kelch propeller
A504F,504,A,F,0.100006811576653,Kelch propeller
A504G,504,A,G,0.0923369762654397,Kelch propeller
A504H,504,A,H,0.0935032695567935,Kelch propeller
A504I,504,A,I,0.185196173407605,Kelch propeller
A504K,504,A,K,0.0,Kelch propeller
A504L,504,A,L,0.201378965851296,Kelch propeller
A504M,504,A,M,0.1201251816420442,Kelch propeller
A504N,504,A,N,0.0898522644708163,Kelch propeller
A504P,504,A,P,0.0861626604504709,Kelch propeller
A504Q,504,A,Q,0.079245125938484,Kelch propeller
A504R,504,A,R,0.0357849963671591,Kelch propeller
A504S,504,A,S,0.1064074231048681,Kelch propeller
A504T,504,A,T,0.1687757326229099,Kelch propeller
A504V,504,A,V,0.1756592092516336,Kelch propeller
A504W,504,A,W,0.0930960886413162,Kelch propeller
A504Y,504,A,Y,0.0992522402518756,Kelch propeller
L505A,505,L,A,0.00726870913054,Kelch propeller
L505C,505,L,C,0.0422015015742325,Kelch propeller
L505D,505,L,D,0.0434343969484151,Kelch propeller
L505E,505,L,E,0.0464345180431111,Kelch propeller
L505F,505,L,F,0.0435032695567934,Kelch propeller
L505G,505,L,G,0.0945938786631147,Kelch propeller
L505H,505,L,H,0.0127088883506916,Kelch propeller
L505I,505,L,I,0.0227711007507885,Kelch propeller
L505K,505,L,K,0.0,Kelch propeller
L505M,505,L,M,0.0419411479777186,Kelch propeller
L505N,505,L,N,0.0275505570356032,Kelch propeller
L505P,505,L,P,0.0009089670622426,Kelch propeller
L505Q,505,L,Q,0.0327515742310487,Kelch propeller
L505R,505,L,R,0.0916104080891258,Kelch propeller
L505S,505,L,S,0.1221315693872624,Kelch propeller
L505T,505,L,T,0.0467440663598949,Kelch propeller
L505V,505,L,V,0.0100024218939224,Kelch propeller
L505W,505,L,W,0.0289522281424074,Kelch propeller
L505Y,505,L,Y,0.0821513986437409,Kelch propeller
F506A,506,F,A,0.1088989464761431,Kelch propeller
F506C,506,F,C,0.0390348752724631,Kelch propeller
F506D,506,F,D,0.0566511261806733,Kelch propeller
F506E,506,F,E,0.0649786570598208,Kelch propeller
F506G,506,F,G,0.09780061758295,Kelch propeller
F506H,506,F,H,0.0150709917655606,Kelch propeller
F506I,506,F,I,0.0326721058367629,Kelch propeller
F506K,506,F,K,0.0573459069992735,Kelch propeller
F506L,506,F,L,0.0573322838459676,Kelch propeller
F506M,506,F,M,0.018909693630419,Kelch propeller
F506N,506,F,N,0.0292587490917884,Kelch propeller
F506P,506,F,P,0.0303493581981109,Kelch propeller
F506Q,506,F,Q,0.0217470937272933,Kelch propeller
F506R,506,F,R,0.0148325865827076,Kelch propeller
F506S,506,F,S,0.0848654335190119,Kelch propeller
F506T,506,F,T,0.0313234136594803,Kelch propeller
F506V,506,F,V,0.0546197626543958,Kelch propeller
F506W,506,F,W,0.0367779728747881,Kelch propeller
F506Y,506,F,Y,0.0,Kelch propeller
E507A,507,E,A,0.0238049467183337,Kelch propeller
E507C,507,E,C,0.0347594756599661,Kelch propeller
E507D,507,E,D,0.0608016468878664,Kelch propeller
E507F,507,E,F,0.0366538508113345,Kelch propeller
E507G,507,E,G,0.031857744005814,Kelch propeller
E507H,507,E,H,0.0262858743037069,Kelch propeller
E507I,507,E,I,0.0375582768224752,Kelch propeller
E507K,507,E,K,0.0,Kelch propeller
E507L,507,E,L,0.0294986679583434,Kelch propeller
E507M,507,E,M,0.0179522886897568,Kelch propeller
E507N,507,E,N,0.0310774400581269,Kelch propeller
E507P,507,E,P,0.0133968575926374,Kelch propeller
E507Q,507,E,Q,0.0206405909421181,Kelch propeller
E507R,507,E,R,0.0099683640106577,Kelch propeller
E507S,507,E,S,0.0106094090578832,Kelch propeller
E507T,507,E,T,0.0144587067086475,Kelch propeller
E507V,507,E,V,0.0387495458948898,Kelch propeller
E507W,507,E,W,0.0534534693630433,Kelch propeller
E507Y,507,E,Y,0.0273265318479065,Kelch propeller
T508A,508,T,A,0.0539439028820538,Kelch propeller
T508C,508,T,C,0.0432535117461855,Kelch propeller
T508D,508,T,D,0.0090752906272691,Kelch propeller
T508E,508,T,E,0.0069705134415112,Kelch propeller
T508F,508,T,F,0.1680347844514412,Kelch propeller
T508G,508,T,G,0.1082654698474194,Kelch propeller
T508H,508,T,H,0.0565989040929994,Kelch propeller
T508I,508,T,I,0.1672295047226933,Kelch propeller
T508K,508,T,K,0.0197921712278988,Kelch propeller
T508L,508,T,L,0.1439066662630178,Kelch propeller
T508M,508,T,M,0.1065217062242675,Kelch propeller
T508N,508,T,N,0.0147379813514168,Kelch propeller
T508P,508,T,P,0.0172484257689513,Kelch propeller
T508Q,508,T,Q,0.0,Kelch propeller
T508R,508,T,R,0.0211893012836038,Kelch propeller
T508S,508,T,S,0.0479822596270284,Kelch propeller
T508V,508,T,V,0.1102733712763382,Kelch propeller
T508W,508,T,W,0.178697172438846,Kelch propeller
T508Y,508,T,Y,0.0964216517316542,Kelch propeller
E509A,509,E,A,0.0934676979898281,Kelch propeller
E509C,509,E,C,0.1023325865827078,Kelch propeller
E509D,509,E,D,0.0306808549285541,Kelch propeller
E509F,509,E,F,0.2192843303463311,Kelch propeller
E509G,509,E,G,0.1127807883264714,Kelch propeller
E509H,509,E,H,0.0818789355776218,Kelch propeller
E509I,509,E,I,0.1445416565754408,Kelch propeller
E509K,509,E,K,0.1036691692903838,Kelch propeller
E509L,509,E,L,0.1272152760959057,Kelch propeller
E509M,509,E,M,0.1051223056430115,Kelch propeller
E509N,509,E,N,0.0411820356018406,Kelch propeller
E509P,509,E,P,0.3372229958827794,Kelch propeller
E509Q,509,E,Q,0.0,Kelch propeller
E509R,509,E,R,0.1345142589004603,Kelch propeller
E509S,509,E,S,0.0771448898038267,Kelch propeller
E509T,509,E,T,0.1498206284814713,Kelch propeller
E509V,509,E,V,0.2121866674739649,Kelch propeller
E509W,509,E,W,0.1387026217001697,Kelch propeller
E509Y,509,E,Y,0.2264531363526266,Kelch propeller
V510A,510,V,A,0.1275445023007994,Kelch propeller
V510C,510,V,C,0.0418087006539114,Kelch propeller
V510D,510,V,D,0.0939475357229354,Kelch propeller
V510E,510,V,E,0.0970846451925407,Kelch propeller
V510F,510,V,F,0.0689354262533288,Kelch propeller
V510G,510,V,G,0.1096731956890275,Kelch propeller
V510H,510,V,H,0.0045902458222329,Kelch propeller
V510I,510,V,I,0.0123811758294986,Kelch propeller
V510K,510,V,K,0.0,Kelch propeller
V510L,510,V,L,0.0073428796318721,Kelch propeller
V510M,510,V,M,0.0751104989101464,Kelch propeller
V510N,510,V,N,0.0692722208767257,Kelch propeller
V510P,510,V,P,0.2166429522886886,Kelch propeller
V510Q,510,V,Q,0.0427729171712279,Kelch propeller
V510R,510,V,R,0.008856563332526,Kelch propeller
V510S,510,V,S,0.2072149733591671,Kelch propeller
V510T,510,V,T,0.1273242613223528,Kelch propeller
V510W,510,V,W,0.033189785662388,Kelch propeller
V510Y,510,V,Y,0.0619770222814241,Kelch propeller
Y511A,511,Y,A,0.0,Kelch propeller
Y511C,511,Y,C,0.0020669350932429,Kelch propeller
Y511D,511,Y,D,0.1432436728021314,Kelch propeller
Y511E,511,Y,E,0.1652533906514882,Kelch propeller
Y511F,511,Y,F,0.0735847057398886,Kelch propeller
Y511G,511,Y,G,0.0383824775974812,Kelch propeller
Y511H,511,Y,H,0.0570484681520936,Kelch propeller
Y511I,511,Y,I,0.0806990191329621,Kelch propeller
Y511K,511,Y,K,0.0709637624122064,Kelch propeller
Y511L,511,Y,L,0.0245443812061032,Kelch propeller
Y511M,511,Y,M,0.0227385565512216,Kelch propeller
Y511N,511,Y,N,0.072826350205861,Kelch propeller
Y511P,511,Y,P,0.2209614918866542,Kelch propeller
Y511Q,511,Y,Q,0.0582238435456527,Kelch propeller
Y511R,511,Y,R,0.0833403971906031,Kelch propeller
Y511S,511,Y,S,0.0512624122063454,Kelch propeller
Y511T,511,Y,T,0.07484106321143,Kelch propeller
Y511V,511,Y,V,0.0782127936546366,Kelch propeller
Y511W,511,Y,W,0.0728831133446356,Kelch propeller
D512A,512,D,A,0.0163122124000969,Kelch propeller
D512C,512,D,C,0.0189429946718334,Kelch propeller
D512E,512,D,E,0.0313930431097118,Kelch propeller
D512F,512,D,F,0.029743127875999,Kelch propeller
D512G,512,D,G,0.0367340760474677,Kelch propeller
D512H,512,D,H,0.0,Kelch propeller
D512I,512,D,I,0.047308670380236,Kelch propeller
D512K,512,D,K,0.0175443509324277,Kelch propeller
D512L,512,D,L,0.0391589973359153,Kelch propeller
D512M,512,D,M,0.0348571082586583,Kelch propeller
D512N,512,D,N,0.0082412509082102,Kelch propeller
D512P,512,D,P,0.0848359166868478,Kelch propeller
D512Q,512,D,Q,0.0439831072899007,Kelch propeller
D512R,512,D,R,0.0519511382901415,Kelch propeller
D512S,512,D,S,0.0350599418745459,Kelch propeller
D512T,512,D,T,0.0395593666747382,Kelch propeller
D512V,512,D,V,0.0262101901186714,Kelch propeller
D512W,512,D,W,0.0509135081133432,Kelch propeller
D512Y,512,D,Y,0.0216070779849842,Kelch propeller
R513A,513,R,A,0.0237829983046728,Kelch propeller
R513C,513,R,C,0.0889319447808173,Kelch propeller
R513D,513,R,D,0.0268209614918852,Kelch propeller
R513E,513,R,E,0.0324791111649296,Kelch propeller
R513F,513,R,F,0.0906166747396451,Kelch propeller
R513G,513,R,G,0.0186864252845725,Kelch propeller
R513H,513,R,H,0.0278714579801405,Kelch propeller
R513I,513,R,I,0.055963913780575,Kelch propeller
R513K,513,R,K,0.0,Kelch propeller
R513L,513,R,L,0.0325093848389441,Kelch propeller
R513M,513,R,M,0.0555506781302965,Kelch propeller
R513N,513,R,N,0.0194886776459177,Kelch propeller
R513P,513,R,P,0.0487375877936532,Kelch propeller
R513Q,513,R,Q,0.0256773734560412,Kelch propeller
R513S,513,R,S,0.0310600326955665,Kelch propeller
R513T,513,R,T,0.0603573807217244,Kelch propeller
R513V,513,R,V,0.075709160813755,Kelch propeller
R513W,513,R,W,0.0065020283361588,Kelch propeller
R513Y,513,R,Y,0.0485892467909892,Kelch propeller
L514A,514,L,A,0.00798619520465,Kelch propeller
L514C,514,L,C,0.0073103354323094,Kelch propeller
L514D,514,L,D,0.0432550254298862,Kelch propeller
L514E,514,L,E,0.028282423104868,Kelch propeller
L514F,514,L,F,0.0117204528941646,Kelch propeller
L514G,514,L,G,0.0252414325502557,Kelch propeller
L514H,514,L,H,0.0272258718818116,Kelch propeller
L514I,514,L,I,0.0282029547105837,Kelch propeller
L514K,514,L,K,0.0366372002906287,Kelch propeller
L514M,514,L,M,0.0050102930491658,Kelch propeller
L514N,514,L,N,0.0411282998304688,Kelch propeller
L514P,514,L,P,0.0190784693630433,Kelch propeller
L514Q,514,L,Q,0.0396093182368626,Kelch propeller
L514R,514,L,R,0.0182966517316555,Kelch propeller
L514S,514,L,S,0.0366848813271979,Kelch propeller
L514T,514,L,T,0.0196370186485846,Kelch propeller
L514V,514,L,V,0.0078545047226945,Kelch propeller
L514W,514,L,W,0.0379737829983061,Kelch propeller
L514Y,514,L,Y,0.0,Kelch propeller
R515A,515,R,A,0.0399423286510051,Kelch propeller
R515C,515,R,C,0.03631932671349,Kelch propeller
R515D,515,R,D,0.0372033179946718,Kelch propeller
R515E,515,R,E,0.0295319689997564,Kelch propeller
R515F,515,R,F,0.0360544320658755,Kelch propeller
R515G,515,R,G,0.0467478505691437,Kelch propeller
R515H,515,R,H,0.0450298195689029,Kelch propeller
R515I,515,R,I,0.0446029607653185,Kelch propeller
R515K,515,R,K,0.0112739162024703,Kelch propeller
R515L,515,R,L,0.0381592092516348,Kelch propeller
R515M,515,R,M,0.0513547469120839,Kelch propeller
R515N,515,R,N,0.052101749818358,Kelch propeller
R515P,515,R,P,0.099959130540081,Kelch propeller
R515Q,515,R,Q,0.0158505388713974,Kelch propeller
R515S,515,R,S,0.0807981654153535,Kelch propeller
R515T,515,R,T,0.0407180915475902,Kelch propeller
R515V,515,R,V,0.0,Kelch propeller
R515W,515,R,W,0.0524839549527731,Kelch propeller
R515Y,515,R,Y,0.008856563332526,Kelch propeller
D516A,516,D,A,0.0310842516347784,Kelch propeller
D516C,516,D,C,0.0121261201259399,Kelch propeller
D516E,516,D,E,0.0097261746185531,Kelch propeller
D516F,516,D,F,0.0445802555098087,Kelch propeller
D516G,516,D,G,0.0,Kelch propeller
D516H,516,D,H,0.0086325381448306,Kelch propeller
D516I,516,D,I,0.0864260414143875,Kelch propeller
D516K,516,D,K,0.0321211249697277,Kelch propeller
D516L,516,D,L,0.0342758537176086,Kelch propeller
D516M,516,D,M,0.0516075320900959,Kelch propeller
D516N,516,D,N,0.0547067994671848,Kelch propeller
D516P,516,D,P,0.0101931460402048,Kelch propeller
D516Q,516,D,Q,0.0128413356744974,Kelch propeller
D516R,516,D,R,0.0347776398643754,Kelch propeller
D516S,516,D,S,0.0190504662145812,Kelch propeller
D516T,516,D,T,0.0251029304916459,Kelch propeller
D516V,516,D,V,0.0669207132477598,Kelch propeller
D516W,516,D,W,0.0277488496003889,Kelch propeller
D516Y,516,D,Y,0.0433042201501589,Kelch propeller
V517A,517,V,A,0.0262079195931218,Kelch propeller
V517C,517,V,C,0.0225682671348981,Kelch propeller
V517D,517,V,D,0.0,Kelch propeller
V517E,517,V,E,0.0172915657544185,Kelch propeller
V517F,517,V,F,0.0285321809154759,Kelch propeller
V517G,517,V,G,0.0315300314846196,Kelch propeller
V517H,517,V,H,0.032321688060063,Kelch propeller
V517I,517,V,I,0.0102521797045289,Kelch propeller
V517K,517,V,K,0.020801041414386,Kelch propeller
V517L,517,V,L,0.0246616916929024,Kelch propeller
V517M,517,V,M,0.0129752966820039,Kelch propeller
V517N,517,V,N,0.03152776095907,Kelch propeller
V517P,517,V,P,0.0817245398401551,Kelch propeller
V517Q,517,V,Q,0.0320900944538615,Kelch propeller
V517R,517,V,R,0.0322248123032211,Kelch propeller
V517S,517,V,S,0.0386821869702107,Kelch propeller
V517T,517,V,T,0.0406787357713718,Kelch propeller
V517W,517,V,W,0.0122260232501816,Kelch propeller
V517Y,517,V,Y,0.0354580406878179,Kelch propeller
W518A,518,W,A,0.1450441995640607,Kelch propeller
W518C,518,W,C,0.0223253209009459,Kelch propeller
W518D,518,W,D,0.1931959917655623,Kelch propeller
W518E,518,W,E,0.2109726931460405,Kelch propeller
W518F,518,W,F,0.0,Kelch propeller
W518G,518,W,G,0.1326024763865358,Kelch propeller
W518H,518,W,H,0.0165347239040944,Kelch propeller
W518I,518,W,I,0.0888903184790507,Kelch propeller
W518K,518,W,K,0.1075903669169291,Kelch propeller
W518L,518,W,L,0.1419736921772828,Kelch propeller
W518M,518,W,M,0.0763176616614207,Kelch propeller
W518N,518,W,N,0.0747865705982079,Kelch propeller
W518P,518,W,P,0.2148492371034151,Kelch propeller
W518Q,518,W,Q,0.098047348026158,Kelch propeller
W518R,518,W,R,0.1452530879147495,Kelch propeller
W518S,518,W,S,0.0638358258658285,Kelch propeller
W518T,518,W,T,0.1300617582949882,Kelch propeller
W518V,518,W,V,0.0517672257205149,Kelch propeller
W518Y,518,W,Y,0.0036214882538144,Kelch propeller
Y519A,519,Y,A,0.0,Kelch propeller
Y519C,519,Y,C,0.0300829498667972,Kelch propeller
Y519D,519,Y,D,0.0319076955679355,Kelch propeller
Y519E,519,Y,E,0.0315587914749348,Kelch propeller
Y519F,519,Y,F,0.0461068055219182,Kelch propeller
Y519G,519,Y,G,0.0495345422620489,Kelch propeller
Y519H,519,Y,H,0.0417171227900218,Kelch propeller
Y519I,519,Y,I,0.0339314906757098,Kelch propeller
Y519K,519,Y,K,0.0228422438847192,Kelch propeller
Y519L,519,Y,L,0.0374561031726825,Kelch propeller
Y519M,519,Y,M,0.0257053766045047,Kelch propeller
Y519N,519,Y,N,0.015863405182853,Kelch propeller
Y519P,519,Y,P,0.0302661055945764,Kelch propeller
Y519Q,519,Y,Q,0.0274256781302993,Kelch propeller
Y519R,519,Y,R,0.0259755691450714,Kelch propeller
Y519S,519,Y,S,0.0398870791959326,Kelch propeller
Y519T,519,Y,T,0.0317427040445643,Kelch propeller
Y519V,519,Y,V,0.0397425224025188,Kelch propeller
Y519W,519,Y,W,0.0217259021554856,Kelch propeller
V520A,520,V,A,0.0679310971179449,Kelch propeller
V520C,520,V,C,0.0475622124000969,Kelch propeller
V520D,520,V,D,0.0760277912327427,Kelch propeller
V520E,520,V,E,0.0793034027609591,Kelch propeller
V520F,520,V,F,0.0536139198353098,Kelch propeller
V520G,520,V,G,0.0718371579074823,Kelch propeller
V520H,520,V,H,0.0547923225962703,Kelch propeller
V520I,520,V,I,0.0469983652216033,Kelch propeller
V520K,520,V,K,0.0,Kelch propeller
V520L,520,V,L,0.0909905546137066,Kelch propeller
V520M,520,V,M,0.0545675405667218,Kelch propeller
V520N,520,V,N,0.0537834524097845,Kelch propeller
V520P,520,V,P,0.0721565451683217,Kelch propeller
V520Q,520,V,Q,0.0353967364979414,Kelch propeller
V520R,520,V,R,0.0401936001453136,Kelch propeller
V520S,520,V,S,0.0597950472269301,Kelch propeller
V520T,520,V,T,0.0552471845483168,Kelch propeller
V520W,520,V,W,0.044777791232744,Kelch propeller
V520Y,520,V,Y,0.0358152700411722,Kelch propeller
S521A,521,S,A,0.0554371518527489,Kelch propeller
S521C,521,S,C,0.0639584342455815,Kelch propeller
S521D,521,S,D,0.0590117159118431,Kelch propeller
S521E,521,S,E,0.0425224025187711,Kelch propeller
S521F,521,S,F,0.0604012775490434,Kelch propeller
S521G,521,S,G,0.0589269496246079,Kelch propeller
S521H,521,S,H,0.0606366553644965,Kelch propeller
S521I,521,S,I,0.0412516650520721,Kelch propeller
S521K,521,S,K,0.0366727718575941,Kelch propeller
S521L,521,S,L,0.0433723359166883,Kelch propeller
S521M,521,S,M,0.069241947202714,Kelch propeller
S521N,521,S,N,0.0548014046984756,Kelch propeller
S521P,521,S,P,0.0,Kelch propeller
S521Q,521,S,Q,0.0591600569145086,Kelch propeller
S521R,521,S,R,0.0285700230079922,Kelch propeller
S521T,521,S,T,0.0237133688544456,Kelch propeller
S521V,521,S,V,0.059108591668685,Kelch propeller
S521W,521,S,W,0.0949934911600873,Kelch propeller
S521Y,521,S,Y,0.0797484257689528,Kelch propeller
S522A,522,S,A,0.0326751332041642,Kelch propeller
S522C,522,S,C,0.0571672923225949,Kelch propeller
S522D,522,S,D,0.0441602082828772,Kelch propeller
S522E,522,S,E,0.0305105655122291,Kelch propeller
S522F,522,S,F,0.0227105534027595,Kelch propeller
S522G,522,S,G,0.0255517377088869,Kelch propeller
S522H,522,S,H,0.0092410389924907,Kelch propeller
S522I,522,S,I,0.0213323443933141,Kelch propeller
S522K,522,S,K,0.0,Kelch propeller
S522L,522,S,L,0.0433632538144829,Kelch propeller
S522M,522,S,M,0.0299073625575186,Kelch propeller
S522N,522,S,N,0.0392165173165415,Kelch propeller
S522P,522,S,P,0.0129086945991765,Kelch propeller
S522Q,522,S,Q,0.0303274097844514,Kelch propeller
S522R,522,S,R,0.0171916626301768,Kelch propeller
S522T,522,S,T,0.0253632840881569,Kelch propeller
S522V,522,S,V,0.0159095725357229,Kelch propeller
S522W,522,S,W,0.0540642407362558,Kelch propeller
S522Y,522,S,Y,0.02645843424558,Kelch propeller
N523A,523,N,A,0.0320098692177283,Kelch propeller
N523C,523,N,C,0.0307065875514652,Kelch propeller
N523D,523,N,D,0.0191942661661433,Kelch propeller
N523E,523,N,E,0.03386564543473,Kelch propeller
N523F,523,N,F,0.0288137260837989,Kelch propeller
N523G,523,N,G,0.0342508779365478,Kelch propeller
N523H,523,N,H,0.0121995337854216,Kelch propeller
N523I,523,N,I,0.0283142104625831,Kelch propeller
N523K,523,N,K,0.0211257265681777,Kelch propeller
N523L,523,N,L,0.016654304916446,Kelch propeller
N523M,523,N,M,0.0257734923710341,Kelch propeller
N523P,523,N,P,0.0595922136110453,Kelch propeller
N523Q,523,N,Q,0.0126846694114797,Kelch propeller
N523R,523,N,R,0.0,Kelch propeller
N523S,523,N,S,0.0333684003390652,Kelch propeller
N523T,523,N,T,0.016297832404942,Kelch propeller
N523V,523,N,V,0.0313695810123517,Kelch propeller
N523W,523,N,W,0.0166512775490433,Kelch propeller
N523Y,523,N,Y,0.0274415718091562,Kelch propeller
L524A,524,L,A,0.1570310607895376,Kelch propeller
L524C,524,L,C,0.0814331557277792,Kelch propeller
L524D,524,L,D,0.1418964943085481,Kelch propeller
L524E,524,L,E,0.1114351235165901,Kelch propeller
L524F,524,L,F,0.0804583434245581,Kelch propeller
L524G,524,L,G,0.3348518103657064,Kelch propeller
L524H,524,L,H,0.0575366311455559,Kelch propeller
L524I,524,L,I,0.0753602567207557,Kelch propeller
L524K,524,L,K,0.0,Kelch propeller
L524M,524,L,M,0.0738844151126181,Kelch propeller
L524N,524,L,N,0.0441443146040204,Kelch propeller
L524P,524,L,P,0.1255055703560171,Kelch propeller
L524Q,524,L,Q,0.0441094998789053,Kelch propeller
L524R,524,L,R,0.007975599418744,Kelch propeller
L524S,524,L,S,0.1864782635020574,Kelch propeller
L524T,524,L,T,0.0825222511503983,Kelch propeller
L524V,524,L,V,0.0723412145798015,Kelch propeller
L524W,524,L,W,0.0451403184790506,Kelch propeller
L524Y,524,L,Y,0.1086007507871156,Kelch propeller
N525A,525,N,A,0.0141340215548559,Kelch propeller
N525C,525,N,C,0.024641256962945,Kelch propeller
N525D,525,N,D,0.0157657725841608,Kelch propeller
N525E,525,N,E,0.0356048680067827,Kelch propeller
N525F,525,N,F,0.072165627270527,Kelch propeller
N525G,525,N,G,0.0597435819811093,Kelch propeller
N525H,525,N,H,0.0399498970695084,Kelch propeller
N525I,525,N,I,0.0158944356987164,Kelch propeller
N525K,525,N,K,0.0209796560910646,Kelch propeller
N525L,525,N,L,0.0290377512714943,Kelch propeller
N525M,525,N,M,0.0142997699200789,Kelch propeller
N525P,525,N,P,0.0728430007265696,Kelch propeller
N525Q,525,N,Q,0.044187454589489,Kelch propeller
N525R,525,N,R,0.0,Kelch propeller
N525S,525,N,S,0.0491674739646418,Kelch propeller
N525T,525,N,T,0.0241266045047241,Kelch propeller
N525V,525,N,V,0.0173127573262305,Kelch propeller
N525W,525,N,W,0.0536949019132976,Kelch propeller
N525Y,525,N,Y,0.0610801646887881,Kelch propeller
I526A,526,I,A,0.0682852991038993,Kelch propeller
I526C,526,I,C,0.1070999333979159,Kelch propeller
I526D,526,I,D,0.1060252179704516,Kelch propeller
I526E,526,I,E,0.0718825684185033,Kelch propeller
I526F,526,I,F,0.0385224933397917,Kelch propeller
I526G,526,I,G,0.1758022523613468,Kelch propeller
I526H,526,I,H,0.0440247335916673,Kelch propeller
I526K,526,I,K,0.0,Kelch propeller
I526L,526,I,L,0.0328552615645435,Kelch propeller
I526M,526,I,M,0.0770465003632827,Kelch propeller
I526N,526,I,N,0.044384233470574,Kelch propeller
I526P,526,I,P,0.6959501392589,Kelch propeller
I526Q,526,I,Q,0.0547401005085978,Kelch propeller
I526R,526,I,R,0.0102287176071688,Kelch propeller
I526S,526,I,S,0.0880403850811335,Kelch propeller
I526T,526,I,T,0.0659829861952033,Kelch propeller
I526V,526,I,V,0.029905092031969,Kelch propeller
I526W,526,I,W,0.0684593727294745,Kelch propeller
I526Y,526,I,Y,0.0438075199806235,Kelch propeller
P527A,527,P,A,0.0516854868006782,Kelch propeller
P527C,527,P,C,0.0664075744732367,Kelch propeller
P527D,527,P,D,0.0311962642286268,Kelch propeller
P527E,527,P,E,0.0576319932186956,Kelch propeller
P527F,527,P,F,0.0676987466698945,Kelch propeller
P527G,527,P,G,0.0370163780576411,Kelch propeller
P527H,527,P,H,0.0392967425526762,Kelch propeller
P527I,527,P,I,0.084342455800436,Kelch propeller
P527K,527,P,K,0.0,Kelch propeller
P527L,527,P,L,0.1028487527246308,Kelch propeller
P527M,527,P,M,0.0772394950351161,Kelch propeller
P527N,527,P,N,0.0156280273673999,Kelch propeller
P527Q,527,P,Q,0.0245072959554371,Kelch propeller
P527R,527,P,R,0.0082064361830951,Kelch propeller
P527S,527,P,S,0.0431800980867038,Kelch propeller
P527T,527,P,T,0.058235953015258,Kelch propeller
P527V,527,P,V,0.0683579559215293,Kelch propeller
P527W,527,P,W,0.0813794199564046,Kelch propeller
P527Y,527,P,Y,0.0550466214579788,Kelch propeller
R528A,528,R,A,0.3652208464519259,Kelch propeller
R528C,528,R,C,0.1732002300799213,Kelch propeller
R528D,528,R,D,0.1968303463308295,Kelch propeller
R528E,528,R,E,0.1992878118188426,Kelch propeller
R528F,528,R,F,0.2045153184790509,Kelch propeller
R528G,528,R,G,0.3534701198837496,Kelch propeller
R528H,528,R,H,0.1710394465972378,Kelch propeller
R528I,528,R,I,0.1052638350690227,Kelch propeller
R528K,528,R,K,0.0,Kelch propeller
R528L,528,R,L,0.1406719241947204,Kelch propeller
R528M,528,R,M,0.0635921227900204,Kelch propeller
R528N,528,R,N,0.1294313090336631,Kelch propeller
R528P,528,R,P,0.6222670440784688,Kelch propeller
R528Q,528,R,Q,0.0525104444175345,Kelch propeller
R528S,528,R,S,0.1948216880600632,Kelch propeller
R528T,528,R,T,0.0694992734318237,Kelch propeller
R528V,528,R,V,0.1355647553887141,Kelch propeller
R528W,528,R,W,0.2251074715427453,Kelch propeller
R528Y,528,R,Y,0.2490289719060308,Kelch propeller
R529A,529,R,A,0.2011609953984032,Kelch propeller
R529C,529,R,C,0.0709009445386293,Kelch propeller
R529D,529,R,D,0.0495882780334222,Kelch propeller
R529E,529,R,E,0.0598714882538145,Kelch propeller
R529F,529,R,F,0.0664597965609107,Kelch propeller
R529G,529,R,G,0.1660261261806749,Kelch propeller
R529H,529,R,H,0.0,Kelch propeller
R529I,529,R,I,0.1607494248001953,Kelch propeller
R529K,529,R,K,0.0296689573746684,Kelch propeller
R529L,529,R,L,0.074103142407364,Kelch propeller
R529M,529,R,M,0.0673301646887881,Kelch propeller
R529N,529,R,N,0.0514576774037297,Kelch propeller
R529P,529,R,P,0.085223419714218,Kelch propeller
R529Q,529,R,Q,0.0533581072899007,Kelch propeller
R529S,529,R,S,0.0886458585613951,Kelch propeller
R529T,529,R,T,0.1340995095664811,Kelch propeller
R529V,529,R,V,0.1682852991039009,Kelch propeller
R529W,529,R,W,0.0524256781302993,Kelch propeller
R529Y,529,R,Y,0.0411373819326714,Kelch propeller
N530A,530,N,A,0.1033588641317511,Kelch propeller
N530C,530,N,C,0.1119845906999275,Kelch propeller
N530D,530,N,D,0.0802403729716639,Kelch propeller
N530E,530,N,E,0.044150369338823,Kelch propeller
N530F,530,N,F,0.0541982017437622,Kelch propeller
N530G,530,N,G,0.0856828227173651,Kelch propeller
N530H,530,N,H,0.0579551646887867,Kelch propeller
N530I,530,N,I,0.1332223298619522,Kelch propeller
N530K,530,N,K,0.0677373456042612,Kelch propeller
N530L,530,N,L,0.0862179099055462,Kelch propeller
N530M,530,N,M,0.054277670138048,Kelch propeller
N530P,530,N,P,0.1480155606684429,Kelch propeller
N530Q,530,N,Q,0.0,Kelch propeller
N530R,530,N,R,0.0528593485105339,Kelch propeller
N530S,530,N,S,0.0227877512714929,Kelch propeller
N530T,530,N,T,0.0502732199079681,Kelch propeller
N530V,530,N,V,0.1371314180188895,Kelch propeller
N530W,530,N,W,0.0724063029789282,Kelch propeller
N530Y,530,N,Y,0.0532097662872352,Kelch propeller
N531A,531,N,A,0.0411941450714445,Kelch propeller
N531C,531,N,C,0.1489812908694587,Kelch propeller
N531D,531,N,D,0.0965389622184535,Kelch propeller
N531E,531,N,E,0.045849479292807,Kelch propeller
N531F,531,N,F,0.1418185395979658,Kelch propeller
N531G,531,N,G,0.1668102143376122,Kelch propeller
N531H,531,N,H,0.1035185577621701,Kelch propeller
N531I,531,N,I,0.1825275490433507,Kelch propeller
N531K,531,N,K,0.0639940058125455,Kelch propeller
N531L,531,N,L,0.1440270041172198,Kelch propeller
N531M,531,N,M,0.1653896221845485,Kelch propeller
N531P,531,N,P,0.1883839912811807,Kelch propeller
N531Q,531,N,Q,0.0742885686606927,Kelch propeller
N531R,531,N,R,0.1272402518769679,Kelch propeller
N531S,531,N,S,0.0,Kelch propeller
N531T,531,N,T,0.1723419714216505,Kelch propeller
N531V,531,N,V,0.167589761443449,Kelch propeller
N531W,531,N,W,0.2176094393315575,Kelch propeller
N531Y,531,N,Y,0.1784156272705258,Kelch propeller
C532A,532,C,A,0.061404093000728,Kelch propeller
C532D,532,C,D,0.2253193872608397,Kelch propeller
C532E,532,C,E,0.1702712521191574,Kelch propeller
C532F,532,C,F,0.187892044078471,Kelch propeller
C532G,532,C,G,0.0503587430370564,Kelch propeller
C532H,532,C,H,0.1945605776217018,Kelch propeller
C532I,532,C,I,0.2372631085008494,Kelch propeller
C532K,532,C,K,0.1324488374909194,Kelch propeller
C532L,532,C,L,0.2909754177767018,Kelch propeller
C532M,532,C,M,0.1905720210704788,Kelch propeller
C532N,532,C,N,0.0408195083555354,Kelch propeller
C532P,532,C,P,0.4175405667231795,Kelch propeller
C532Q,532,C,Q,0.1030175284572551,Kelch propeller
C532R,532,C,R,0.0407809094211688,Kelch propeller
C532S,532,C,S,0.0,Kelch propeller
C532T,532,C,T,0.0051805824654894,Kelch propeller
C532V,532,C,V,0.0825146827318978,Kelch propeller
C532W,532,C,W,0.2306248486316302,Kelch propeller
C532Y,532,C,Y,0.1855753511746188,Kelch propeller
G533A,533,G,A,0.0,Kelch propeller
G533C,533,G,C,0.1083199624606443,Kelch propeller
G533D,533,G,D,0.1728127270525553,Kelch propeller
G533E,533,G,E,0.0545720816178238,Kelch propeller
G533F,533,G,F,0.0096663841123758,Kelch propeller
G533H,533,G,H,0.1434805643012838,Kelch propeller
G533I,533,G,I,0.0804000666020815,Kelch propeller
G533K,533,G,K,0.1080815572777913,Kelch propeller
G533L,533,G,L,0.0963209917655608,Kelch propeller
G533M,533,G,M,0.0855549164446584,Kelch propeller
G533N,533,G,N,0.1655235831920564,Kelch propeller
G533P,533,G,P,0.2290445628481476,Kelch propeller
G533Q,533,G,Q,0.0661933882295956,Kelch propeller
G533R,533,G,R,0.1365115645434731,Kelch propeller
G533S,533,G,S,0.0235816783724873,Kelch propeller
G533T,533,G,T,0.0784201683216276,Kelch propeller
G533V,533,G,V,0.1251453136352629,Kelch propeller
G533W,533,G,W,0.1181467970452881,Kelch propeller
G533Y,533,G,Y,0.1806384717849346,Kelch propeller
V534A,534,V,A,0.1561955073867752,Kelch propeller
V534C,534,V,C,0.0,Kelch propeller
V534D,534,V,D,0.1598639198353114,Kelch propeller
V534E,534,V,E,0.1615289719060293,Kelch propeller
V534F,534,V,F,0.1931134960038739,Kelch propeller
V534G,534,V,G,0.1642248425768953,Kelch propeller
V534H,534,V,H,0.1863556551223059,Kelch propeller
V534I,534,V,I,0.1162168503269544,Kelch propeller
V534K,534,V,K,0.2057830285783471,Kelch propeller
V534L,534,V,L,0.0390553100024219,Kelch propeller
V534M,534,V,M,0.0452826047469121,Kelch propeller
V534N,534,V,N,0.1688120610317256,Kelch propeller
V534P,534,V,P,0.2578908331315092,Kelch propeller
V534Q,534,V,Q,0.1498403063695812,Kelch propeller
V534R,534,V,R,0.1797696173407607,Kelch propeller
V534S,534,V,S,0.1225311818842336,Kelch propeller
V534T,534,V,T,0.0628443630418974,Kelch propeller
V534W,534,V,W,0.2095679946718322,Kelch propeller
V534Y,534,V,Y,0.1992196960523131,Kelch propeller
T535A,535,T,A,0.2485831920561897,Kelch propeller
T535C,535,T,C,0.121221845483168,Kelch propeller
T535D,535,T,D,0.2006690481956907,Kelch propeller
T535E,535,T,E,0.1367492128844772,Kelch propeller
T535F,535,T,F,0.2580210099297668,Kelch propeller
T535G,535,T,G,0.416290263986438,Kelch propeller
T535H,535,T,H,0.1510293049164448,Kelch propeller
T535I,535,T,I,0.1901958706708663,Kelch propeller
T535K,535,T,K,0.0,Kelch propeller
T535L,535,T,L,0.1222942903850827,Kelch propeller
T535M,535,T,M,0.181010081133448,Kelch propeller
T535N,535,T,N,0.1146464034875274,Kelch propeller
T535P,535,T,P,0.0922809699685169,Kelch propeller
T535Q,535,T,Q,0.0983107289900703,Kelch propeller
T535R,535,T,R,0.0583396403487542,Kelch propeller
T535S,535,T,S,0.2625105957859063,Kelch propeller
T535V,535,T,V,0.1820552797287481,Kelch propeller
T535W,535,T,W,0.1739548014047001,Kelch propeller
T535Y,535,T,Y,0.0960553402760974,Kelch propeller
S536A,536,S,A,0.0561947505449262,Kelch propeller
S536C,536,S,C,0.0788538387018649,Kelch propeller
S536D,536,S,D,0.119758870186486,Kelch propeller
S536E,536,S,E,0.1825933942843306,Kelch propeller
S536F,536,S,F,0.1270427161540312,Kelch propeller
S536G,536,S,G,0.0,Kelch propeller
S536H,536,S,H,0.0058481169774763,Kelch propeller
S536I,536,S,I,0.2019087551465248,Kelch propeller
S536K,536,S,K,0.1231480079922501,Kelch propeller
S536L,536,S,L,0.1598525672075551,Kelch propeller
S536M,536,S,M,0.1178675224025189,Kelch propeller
S536N,536,S,N,0.0088724570113815,Kelch propeller
S536P,536,S,P,0.2001771009929754,Kelch propeller
S536Q,536,S,Q,0.2246503390651478,Kelch propeller
S536R,536,S,R,0.0836779486558489,Kelch propeller
S536T,536,S,T,0.0937674073625562,Kelch propeller
S536V,536,S,V,0.1506690481956878,Kelch propeller
S536W,536,S,W,0.1022372245095652,Kelch propeller
S536Y,536,S,Y,0.0669509869217729,Kelch propeller
N537A,537,N,A,0.0075684185032709,Kelch propeller
N537C,537,N,C,0.0258363102446127,Kelch propeller
N537D,537,N,D,0.0972723419714232,Kelch propeller
N537E,537,N,E,0.0539787176071688,Kelch propeller
N537F,537,N,F,0.1585212823928328,Kelch propeller
N537G,537,N,G,0.0991561213368855,Kelch propeller
N537H,537,N,H,0.0420259142649566,Kelch propeller
N537I,537,N,I,0.0709524097844529,Kelch propeller
N537K,537,N,K,0.0049505025429886,Kelch propeller
N537L,537,N,L,0.0,Kelch propeller
N537M,537,N,M,0.0379654577379525,Kelch propeller
N537P,537,N,P,0.1993725781060792,Kelch propeller
N537Q,537,N,Q,0.0346792504238314,Kelch propeller
N537R,537,N,R,0.0115161055945763,Kelch propeller
N537S,537,N,S,0.0738707919593122,Kelch propeller
N537T,537,N,T,0.0632969544683943,Kelch propeller
N537V,537,N,V,0.0735075078711553,Kelch propeller
N537W,537,N,W,0.1599486861225494,Kelch propeller
N537Y,537,N,Y,0.0872101295713263,Kelch propeller
G538A,538,G,A,0.05414673649794,Kelch propeller
G538C,538,G,C,0.0930272160329364,Kelch propeller
G538D,538,G,D,0.0,Kelch propeller
G538E,538,G,E,0.0554712097360136,Kelch propeller
G538F,538,G,F,0.2102128239283108,Kelch propeller
G538H,538,G,H,0.0743211128602554,Kelch propeller
G538I,538,G,I,0.1856972027125214,Kelch propeller
G538K,538,G,K,0.0699208343424559,Kelch propeller
G538L,538,G,L,0.1038084281908439,Kelch propeller
G538M,538,G,M,0.1082450351174606,Kelch propeller
G538N,538,G,N,0.0604224691208525,Kelch propeller
G538P,538,G,P,0.5788561092274153,Kelch propeller
G538Q,538,G,Q,0.0389402700411722,Kelch propeller
G538R,538,G,R,0.0577008658270768,Kelch propeller
G538S,538,G,S,0.0636367764591897,Kelch propeller
G538T,538,G,T,0.024601901186728,Kelch propeller
G538V,538,G,V,0.1630963913780564,Kelch propeller
G538W,538,G,W,0.1539295228868977,Kelch propeller
G538Y,538,G,Y,0.1778063695810126,Kelch propeller
R539A,539,R,A,0.1553826592395255,Kelch propeller
R539C,539,R,C,0.1332140046015986,Kelch propeller
R539D,539,R,D,0.1301048982804569,Kelch propeller
R539E,539,R,E,0.1158611346573035,Kelch propeller
R539F,539,R,F,0.1985105352385582,Kelch propeller
R539G,539,R,G,0.0943986134657317,Kelch propeller
R539H,539,R,H,0.137093575926376,Kelch propeller
R539I,539,R,I,0.2707730382659243,Kelch propeller
R539K,539,R,K,0.0,Kelch propeller
R539L,539,R,L,0.0526262412206346,Kelch propeller
R539M,539,R,M,0.0526898159360634,Kelch propeller
R539N,539,R,N,0.1561107410995414,Kelch propeller
R539P,539,R,P,0.2156136473722468,Kelch propeller
R539Q,539,R,Q,0.0903797832404942,Kelch propeller
R539S,539,R,S,0.2150089307338341,Kelch propeller
R539T,539,R,T,0.2384415112618085,Kelch propeller
R539V,539,R,V,0.2056642044078486,Kelch propeller
R539W,539,R,W,0.1321150702349239,Kelch propeller
R539Y,539,R,Y,0.1629821082586599,Kelch propeller
I540A,540,I,A,0.1123130600629694,Kelch propeller
I540C,540,I,C,0.1238223540808914,Kelch propeller
I540D,540,I,D,0.2371344453862924,Kelch propeller
I540E,540,I,E,0.2208585613950112,Kelch propeller
I540F,540,I,F,0.1873001937515139,Kelch propeller
I540G,540,I,G,0.0965351780092047,Kelch propeller
I540H,540,I,H,0.2686538810850102,Kelch propeller
I540K,540,I,K,0.2842410389924939,Kelch propeller
I540L,540,I,L,0.0,Kelch propeller
I540M,540,I,M,0.1022697687091306,Kelch propeller
I540N,540,I,N,0.2876649915233731,Kelch propeller
I540P,540,I,P,0.3637472753693393,Kelch propeller
I540Q,540,I,Q,0.2650142286267865,Kelch propeller
I540R,540,I,R,0.2022584160813759,Kelch propeller
I540S,540,I,S,0.3175617582949871,Kelch propeller
I540T,540,I,T,0.3071302070719306,Kelch propeller
I540V,540,I,V,0.0328991583918638,Kelch propeller
I540W,540,I,W,0.2767694962460648,Kelch propeller
I540Y,540,I,Y,0.2423960099297668,Kelch propeller
Y541A,541,Y,A,0.2160276398643756,Kelch propeller
Y541C,541,Y,C,0.1848238072172455,Kelch propeller
Y541D,541,Y,D,0.1055317570840398,Kelch propeller
Y541E,541,Y,E,0.1699276459191104,Kelch propeller
Y541F,541,Y,F,0.0189127209978217,Kelch propeller
Y541G,541,Y,G,0.2010247638653444,Kelch propeller
Y541H,541,Y,H,0.0591994126907256,Kelch propeller
Y541I,541,Y,I,0.1014849237103416,Kelch propeller
Y541K,541,Y,K,0.1562227536933898,Kelch propeller
Y541L,541,Y,L,0.1708797529668217,Kelch propeller
Y541M,541,Y,M,0.1286457071930251,Kelch propeller
Y541N,541,Y,N,0.1794789900702366,Kelch propeller
Y541P,541,Y,P,0.2086953560184081,Kelch propeller
Y541Q,541,Y,Q,0.2108743037054994,Kelch propeller
Y541R,541,Y,R,0.1318403366432566,Kelch propeller
Y541S,541,Y,S,0.219061062000486,Kelch propeller
Y541T,541,Y,T,0.1911116493097619,Kelch propeller
Y541V,541,Y,V,0.1417595059336403,Kelch propeller
Y541W,541,Y,W,0.0,Kelch propeller
C542A,542,C,A,0.1043692480019362,Kelch propeller
C542D,542,C,D,0.0923801162509083,Kelch propeller
C542E,542,C,E,0.0915498607410996,Kelch propeller
C542F,542,C,F,0.2956474025187687,Kelch propeller
C542G,542,C,G,0.2080732320174365,Kelch propeller
C542H,542,C,H,0.1040922438847165,Kelch propeller
C542I,542,C,I,0.123478747880843,Kelch propeller
C542K,542,C,K,0.0064664567691921,Kelch propeller
C542L,542,C,L,0.1214996064422365,Kelch propeller
C542M,542,C,M,0.1484901005085965,Kelch propeller
C542N,542,C,N,0.0587165475902156,Kelch propeller
C542P,542,C,P,0.3116228202954701,Kelch propeller
C542Q,542,C,Q,0.1123130600629694,Kelch propeller
C542R,542,C,R,0.0,Kelch propeller
C542S,542,C,S,0.0896819750544913,Kelch propeller
C542T,542,C,T,0.0988836582707664,Kelch propeller
C542V,542,C,V,0.1332707677403731,Kelch propeller
C542W,542,C,W,0.1979799891014762,Kelch propeller
C542Y,542,C,Y,0.2238352203923471,Kelch propeller
I543A,543,I,A,0.2564096936304193,Kelch propeller
I543C,543,I,C,0.1387994974570116,Kelch propeller
I543D,543,I,D,0.1836582707677406,Kelch propeller
I543E,543,I,E,0.1112375877936548,Kelch propeller
I543F,543,I,F,0.1058390348752712,Kelch propeller
I543G,543,I,G,1.0,Kelch propeller
I543H,543,I,H,0.1697180007265684,Kelch propeller
I543K,543,I,K,0.1448678554129317,Kelch propeller
I543L,543,I,L,0.0,Kelch propeller
I543M,543,I,M,0.0664908270767741,Kelch propeller
I543N,543,I,N,0.145701138290143,Kelch propeller
I543P,543,I,P,0.2115130782271739,Kelch propeller
I543Q,543,I,Q,0.1171576047469108,Kelch propeller
I543R,543,I,R,0.1850440481956878,Kelch propeller
I543S,543,I,S,0.1880502240251879,Kelch propeller
I543T,543,I,T,0.1773515076289661,Kelch propeller
I543V,543,I,V,0.0031711673528699,Kelch propeller
I543W,543,I,W,0.2080679341244856,Kelch propeller
I543Y,543,I,Y,0.1469060305158636,Kelch propeller
G544A,544,G,A,0.0230617280213141,Kelch propeller
G544C,544,G,C,0.027418109711796,Kelch propeller
G544D,544,G,D,0.1146850024218955,Kelch propeller
G544E,544,G,E,0.1144783845967548,Kelch propeller
G544F,544,G,F,0.1728195386292083,Kelch propeller
G544H,544,G,H,0.0791649007023507,Kelch propeller
G544I,544,G,I,0.1796015984499895,Kelch propeller
G544K,544,G,K,0.2797862678614695,Kelch propeller
G544L,544,G,L,0.1755615766529428,Kelch propeller
G544M,544,G,M,0.085109893436669,Kelch propeller
G544N,544,G,N,0.0289552555098101,Kelch propeller
G544P,544,G,P,0.3446718333737001,Kelch propeller
G544Q,544,G,Q,0.1001188241705028,Kelch propeller
G544R,544,G,R,0.2522031666263021,Kelch propeller
G544S,544,G,S,0.0279426011140712,Kelch propeller
G544T,544,G,T,0.0,Kelch propeller
G544V,544,G,V,0.1134854080891272,Kelch propeller
G544W,544,G,W,0.2415286691692921,Kelch propeller
G544Y,544,G,Y,0.0933541717122805,Kelch propeller
G545A,545,G,A,0.1019125393557763,Kelch propeller
G545C,545,G,C,0.0626188241705,Kelch propeller
G545D,545,G,D,0.0,Kelch propeller
G545E,545,G,E,0.1073633143618311,Kelch propeller
G545F,545,G,F,0.1431853959796563,Kelch propeller
G545H,545,G,H,0.0359121457980126,Kelch propeller
G545I,545,G,I,0.2174444478081863,Kelch propeller
G545K,545,G,K,0.1774521675950595,Kelch propeller
G545L,545,G,L,0.1526080770162269,Kelch propeller
G545M,545,G,M,0.0943842334705741,Kelch propeller
G545N,545,G,N,0.0673203257447324,Kelch propeller
G545P,545,G,P,0.125613041898765,Kelch propeller
G545Q,545,G,Q,0.1299618551707437,Kelch propeller
G545R,545,G,R,0.1875158936788571,Kelch propeller
G545S,545,G,S,0.1267233288931932,Kelch propeller
G545T,545,G,T,0.1667723722450945,Kelch propeller
G545V,545,G,V,0.2247464579801407,Kelch propeller
G545W,545,G,W,0.0571286933882296,Kelch propeller
G545Y,545,G,Y,0.1195287902639866,Kelch propeller
Y546A,546,Y,A,0.2054212581738922,Kelch propeller
Y546C,546,Y,C,0.166563483894407,Kelch propeller
Y546D,546,Y,D,0.1882765197384371,Kelch propeller
Y546E,546,Y,E,0.1665438060062985,Kelch propeller
Y546F,546,Y,F,0.0,Kelch propeller
Y546G,546,Y,G,0.1778744853475434,Kelch propeller
Y546H,546,Y,H,0.0420236437394042,Kelch propeller
Y546I,546,Y,I,0.0974237103414871,Kelch propeller
Y546K,546,Y,K,0.1576599963671593,Kelch propeller
Y546L,546,Y,L,0.1397546318721242,Kelch propeller
Y546M,546,Y,M,0.1638214458706711,Kelch propeller
Y546N,546,Y,N,0.0331186425284573,Kelch propeller
Y546P,546,Y,P,0.2171432247517561,Kelch propeller
Y546Q,546,Y,Q,0.159716335674499,Kelch propeller
Y546R,546,Y,R,0.1993370065391138,Kelch propeller
Y546S,546,Y,S,0.183662811818844,Kelch propeller
Y546T,546,Y,T,0.1641817025914281,Kelch propeller
Y546V,546,Y,V,0.1284262230564317,Kelch propeller
Y546W,546,Y,W,0.1323587733107306,Kelch propeller
D547A,547,D,A,0.044508355534029,Kelch propeller
D547C,547,D,C,0.1613980382659242,Kelch propeller
D547E,547,D,E,0.1667632901428934,Kelch propeller
D547F,547,D,F,0.1870231896342956,Kelch propeller
D547G,547,D,G,0.1843833252603538,Kelch propeller
D547H,547,D,H,0.2003193872608382,Kelch propeller
D547I,547,D,I,0.1625370852506676,Kelch propeller
D547K,547,D,K,0.2147266287236636,Kelch propeller
D547L,547,D,L,0.1688847178493598,Kelch propeller
D547M,547,D,M,0.1529388169048197,Kelch propeller
D547N,547,D,N,0.1704937636231535,Kelch propeller
D547P,547,D,P,0.0,Kelch propeller
D547Q,547,D,Q,0.1954400278517817,Kelch propeller
D547R,547,D,R,0.2008544744490194,Kelch propeller
D547S,547,D,S,0.0716668684911615,Kelch propeller
D547T,547,D,T,0.0517952288689756,Kelch propeller
D547V,547,D,V,0.1889599479292809,Kelch propeller
D547W,547,D,W,0.2104436606926619,Kelch propeller
D547Y,547,D,Y,0.2083653729716641,Kelch propeller
G548A,548,G,A,0.0416368975538886,Kelch propeller
G548C,548,G,C,0.0,Kelch propeller
G548D,548,G,D,0.0973752724630676,Kelch propeller
G548E,548,G,E,0.0909731472511519,Kelch propeller
G548F,548,G,F,0.0529516832162752,Kelch propeller
G548H,548,G,H,0.0598162387987407,Kelch propeller
G548I,548,G,I,0.0867923528699458,Kelch propeller
G548K,548,G,K,0.0603694901913297,Kelch propeller
G548L,548,G,L,0.0385293049164447,Kelch propeller
G548M,548,G,M,0.0463156938726084,Kelch propeller
G548N,548,G,N,0.0301351719544698,Kelch propeller
G548P,548,G,P,0.1055771675950608,Kelch propeller
G548Q,548,G,Q,0.0079581920561879,Kelch propeller
G548R,548,G,R,0.0895745035117463,Kelch propeller
G548S,548,G,S,0.0127739767498183,Kelch propeller
G548T,548,G,T,0.0653260474691223,Kelch propeller
G548V,548,G,V,0.0465866432550255,Kelch propeller
G548W,548,G,W,0.0579430552191828,Kelch propeller
G548Y,548,G,Y,0.099658664325504,Kelch propeller
S549A,549,S,A,0.0577326531847905,Kelch propeller
S549C,549,S,C,0.0,Kelch propeller
S549D,549,S,D,0.027956981109226,Kelch propeller
S549E,549,S,E,0.0596694114797772,Kelch propeller
S549F,549,S,F,0.0745088096391365,Kelch propeller
S549G,549,S,G,0.0706216698958572,Kelch propeller
S549H,549,S,H,0.0583161782513926,Kelch propeller
S549I,549,S,I,0.1080588520222815,Kelch propeller
S549K,549,S,K,0.0864389077258417,Kelch propeller
S549L,549,S,L,0.0567252966820039,Kelch propeller
S549M,549,S,M,0.0711242128844743,Kelch propeller
S549N,549,S,N,0.0273984318236847,Kelch propeller
S549P,549,S,P,0.238402912327439,Kelch propeller
S549Q,549,S,Q,0.0932542685880345,Kelch propeller
S549R,549,S,R,0.0551919350932429,Kelch propeller
S549T,549,S,T,0.0764841668684912,Kelch propeller
S549V,549,S,V,0.0799391499152324,Kelch propeller
S549W,549,S,W,0.0567169714216518,Kelch propeller
S549Y,549,S,Y,0.0718212642286268,Kelch propeller
S550A,550,S,A,0.0211635686606912,Kelch propeller
S550C,550,S,C,0.0421689573746656,Kelch propeller
S550D,550,S,D,0.0398711855170744,Kelch propeller
S550E,550,S,E,0.0534867704044549,Kelch propeller
S550F,550,S,F,0.0286994429643982,Kelch propeller
S550G,550,S,G,0.0434154759021541,Kelch propeller
S550H,550,S,H,0.0231480079922499,Kelch propeller
S550I,550,S,I,0.0127823020101719,Kelch propeller
S550K,550,S,K,0.0525929401792188,Kelch propeller
S550L,550,S,L,0.0,Kelch propeller
S550M,550,S,M,0.0264508658270768,Kelch propeller
S550N,550,S,N,0.0701312363768467,Kelch propeller
S550P,550,S,P,0.2452137321385312,Kelch propeller
S550Q,550,S,Q,0.0606639016711054,Kelch propeller
S550R,550,S,R,0.0937272947444903,Kelch propeller
S550T,550,S,T,0.0462755812545397,Kelch propeller
S550V,550,S,V,0.0418291353838688,Kelch propeller
S550W,550,S,W,0.1224350629692421,Kelch propeller
S550Y,550,S,Y,0.0455815572777898,Kelch propeller
I551A,551,I,A,0.0485483773310729,Kelch propeller
I551C,551,I,C,0.0331564846209736,Kelch propeller
I551D,551,I,D,0.0987118551707436,Kelch propeller
I551E,551,I,E,0.0843878663114556,Kelch propeller
I551F,551,I,F,0.0994921591184293,Kelch propeller
I551G,551,I,G,0.1659315209493826,Kelch propeller
I551H,551,I,H,0.078005418987647,Kelch propeller
I551K,551,I,K,0.0286419229837733,Kelch propeller
I551L,551,I,L,0.0717720695083556,Kelch propeller
I551M,551,I,M,0.0725205860983275,Kelch propeller
I551N,551,I,N,0.0671205194962447,Kelch propeller
I551P,551,I,P,0.0561667473964641,Kelch propeller
I551Q,551,I,Q,0.0547605352385566,Kelch propeller
I551R,551,I,R,0.0564218031000243,Kelch propeller
I551S,551,I,S,0.0524294623395496,Kelch propeller
I551T,551,I,T,0.035754722693146,Kelch propeller
I551V,551,I,V,0.0,Kelch propeller
I551W,551,I,W,0.2114056066844261,Kelch propeller
I551Y,551,I,Y,0.1362035299103901,Kelch propeller
I552A,552,I,A,0.2218545652700415,Kelch propeller
I552C,552,I,C,0.0646963550496489,Kelch propeller
I552D,552,I,D,0.1899960644223799,Kelch propeller
I552E,552,I,E,0.1328053100024235,Kelch propeller
I552F,552,I,F,0.1696983228384613,Kelch propeller
I552G,552,I,G,0.3170993279244388,Kelch propeller
I552H,552,I,H,0.1120640590942118,Kelch propeller
I552K,552,I,K,0.0144057277791232,Kelch propeller
I552L,552,I,L,0.0439028820537675,Kelch propeller
I552M,552,I,M,0.0714640348752739,Kelch propeller
I552N,552,I,N,0.1329294320658771,Kelch propeller
I552P,552,I,P,0.2299512593848392,Kelch propeller
I552Q,552,I,Q,0.0,Kelch propeller
I552R,552,I,R,0.0501490978445144,Kelch propeller
I552S,552,I,S,0.1535707798498442,Kelch propeller
I552T,552,I,T,0.1064498062484878,Kelch propeller
I552V,552,I,V,0.0287395555824669,Kelch propeller
I552W,552,I,W,0.1668806006296926,Kelch propeller
I552Y,552,I,Y,0.1956769193509327,Kelch propeller
P553A,553,P,A,0.0120315148946476,Kelch propeller
P553C,553,P,C,0.034340185274885,Kelch propeller
P553D,553,P,D,0.0228384596754662,Kelch propeller
P553E,553,P,E,0.0449859227415825,Kelch propeller
P553F,553,P,F,0.0733175405667232,Kelch propeller
P553G,553,P,G,0.0412032271736484,Kelch propeller
P553H,553,P,H,0.0642240857350434,Kelch propeller
P553I,553,P,I,0.0,Kelch propeller
P553K,553,P,K,0.0010769859530152,Kelch propeller
P553L,553,P,L,0.0733765742310473,Kelch propeller
P553M,553,P,M,0.0774665475902142,Kelch propeller
P553N,553,P,N,0.0311992915960281,Kelch propeller
P553Q,553,P,Q,0.0219158694599176,Kelch propeller
P553R,553,P,R,0.01953711552434,Kelch propeller
P553S,553,P,S,0.0513070658755133,Kelch propeller
P553T,553,P,T,0.0382644102688302,Kelch propeller
P553V,553,P,V,0.0016249394526519,Kelch propeller
P553W,553,P,W,0.1408066420440786,Kelch propeller
P553Y,553,P,Y,0.112191965366917,Kelch propeller
N554A,554,N,A,0.0099418745458963,Kelch propeller
N554C,554,N,C,0.002732955921532,Kelch propeller
N554D,554,N,D,0.0542110680552206,Kelch propeller
N554E,554,N,E,0.039562394042141,Kelch propeller
N554F,554,N,F,0.0895033603778169,Kelch propeller
N554G,554,N,G,0.0643330709614933,Kelch propeller
N554H,554,N,H,0.0529796863647387,Kelch propeller
N554I,554,N,I,0.0504942177282649,Kelch propeller
N554K,554,N,K,0.0,Kelch propeller
N554L,554,N,L,0.0730541596028095,Kelch propeller
N554M,554,N,M,0.0468106684427236,Kelch propeller
N554P,554,N,P,0.0692676798256251,Kelch propeller
N554Q,554,N,Q,0.0225546439815936,Kelch propeller
N554R,554,N,R,0.0084107834826848,Kelch propeller
N554S,554,N,S,0.0229572838459689,Kelch propeller
N554T,554,N,T,0.0263827500605487,Kelch propeller
N554V,554,N,V,0.0226946597239055,Kelch propeller
N554W,554,N,W,0.1119422075563106,Kelch propeller
N554Y,554,N,Y,0.1170410511019633,Kelch propeller
V555A,555,V,A,0.1143088520222815,Kelch propeller
V555C,555,V,C,0.0752747335916688,Kelch propeller
V555D,555,V,D,0.0875749273431825,Kelch propeller
V555E,555,V,E,0.1244323686122549,Kelch propeller
V555F,555,V,F,0.0814066662630177,Kelch propeller
V555G,555,V,G,0.2213807822717368,Kelch propeller
V555H,555,V,H,0.1151398643739391,Kelch propeller
V555I,555,V,I,0.0474956103172667,Kelch propeller
V555K,555,V,K,0.1186402579317013,Kelch propeller
V555L,555,V,L,0.0879760535238557,Kelch propeller
V555M,555,V,M,0.0677078287720998,Kelch propeller
V555N,555,V,N,0.0324291596028094,Kelch propeller
V555P,555,V,P,0.1676011140712025,Kelch propeller
V555Q,555,V,Q,0.0817631387745217,Kelch propeller
V555R,555,V,R,0.1077651973843533,Kelch propeller
V555S,555,V,S,0.0868476023250168,Kelch propeller
V555T,555,V,T,0.0,Kelch propeller
V555W,555,V,W,0.1797506962945011,Kelch propeller
V555Y,555,V,Y,0.1733402458222318,Kelch propeller
E556A,556,E,A,0.0767944720271253,Kelch propeller
E556C,556,E,C,0.074099358198111,Kelch propeller
E556D,556,E,D,0.0296795531605716,Kelch propeller
E556F,556,E,F,0.135841002664082,Kelch propeller
E556G,556,E,G,0.1083388835069011,Kelch propeller
E556H,556,E,H,0.048288023734559,Kelch propeller
E556I,556,E,I,0.1069871639622171,Kelch propeller
E556K,556,E,K,0.1110778941632344,Kelch propeller
E556L,556,E,L,0.0800647856623866,Kelch propeller
E556M,556,E,M,0.0393292867522403,Kelch propeller
E556N,556,E,N,0.0477953196899976,Kelch propeller
E556P,556,E,P,0.1488813877452169,Kelch propeller
E556Q,556,E,Q,0.0,Kelch propeller
E556R,556,E,R,0.0746427706466457,Kelch propeller
E556S,556,E,S,0.0523689149915234,Kelch propeller
E556T,556,E,T,0.1021191571809156,Kelch propeller
E556V,556,E,V,0.1461870307580516,Kelch propeller
E556W,556,E,W,0.1098404577379498,Kelch propeller
E556Y,556,E,Y,0.1079771131024448,Kelch propeller
A557C,557,A,C,0.0557133991281182,Kelch propeller
A557D,557,A,D,0.0979194417534513,Kelch propeller
A557E,557,A,E,0.0917799406635976,Kelch propeller
A557F,557,A,F,0.0532582041656576,Kelch propeller
A557G,557,A,G,0.0,Kelch propeller
A557H,557,A,H,0.0416535480745943,Kelch propeller
A557I,557,A,I,0.0908755146524569,Kelch propeller
A557K,557,A,K,0.0882765197384355,Kelch propeller
A557L,557,A,L,0.0720944841365949,Kelch propeller
A557M,557,A,M,0.0374727536933868,Kelch propeller
A557N,557,A,N,0.1065111104383615,Kelch propeller
A557P,557,A,P,0.1133075502542976,Kelch propeller
A557Q,557,A,Q,0.0767475478324036,Kelch propeller
A557R,557,A,R,0.0404607653184791,Kelch propeller
A557S,557,A,S,0.0660760777427935,Kelch propeller
A557T,557,A,T,0.0855662690724133,Kelch propeller
A557V,557,A,V,0.073371276338095,Kelch propeller
A557W,557,A,W,0.0511284511988361,Kelch propeller
A557Y,557,A,Y,0.0438771494308535,Kelch propeller
Y558A,558,Y,A,0.0051094393315572,Kelch propeller
Y558C,558,Y,C,0.010437605957859,Kelch propeller
Y558D,558,Y,D,0.051797499394528,Kelch propeller
Y558E,558,Y,E,0.0435842516347784,Kelch propeller
Y558F,558,Y,F,0.0285003935577636,Kelch propeller
Y558G,558,Y,G,0.0617053160571567,Kelch propeller
Y558H,558,Y,H,0.0,Kelch propeller
Y558I,558,Y,I,0.0224887987406166,Kelch propeller
Y558K,558,Y,K,0.0877936546379283,Kelch propeller
Y558L,558,Y,L,0.0455316057156711,Kelch propeller
Y558M,558,Y,M,0.0037826955679341,Kelch propeller
Y558N,558,Y,N,0.0620292443690967,Kelch propeller
Y558P,558,Y,P,0.0989018224751771,Kelch propeller
Y558Q,558,Y,Q,0.0544979111164945,Kelch propeller
Y558R,558,Y,R,0.1188226568176329,Kelch propeller
Y558S,558,Y,S,0.0339965790748379,Kelch propeller
Y558T,558,Y,T,0.0731601174618566,Kelch propeller
Y558V,558,Y,V,0.0205520404456299,Kelch propeller
Y558W,558,Y,W,0.0067139440542518,Kelch propeller
D559A,559,D,A,0.0074170501332055,Kelch propeller
D559C,559,D,C,0.0433360075078726,Kelch propeller
D559E,559,D,E,0.0017271131024475,Kelch propeller
D559F,559,D,F,0.0796205194962475,Kelch propeller
D559G,559,D,G,0.0093674315814967,Kelch propeller
D559H,559,D,H,0.0710212823928327,Kelch propeller
D559I,559,D,I,0.0257091608137578,Kelch propeller
D559K,559,D,K,0.0265076289658527,Kelch propeller
D559L,559,D,L,0.0252255388713974,Kelch propeller
D559M,559,D,M,0.0131463429401806,Kelch propeller
D559N,559,D,N,0.0150725054492627,Kelch propeller
D559P,559,D,P,0.1163606502785193,Kelch propeller
D559Q,559,D,Q,0.0,Kelch propeller
D559R,559,D,R,0.0211930854928568,Kelch propeller
D559S,559,D,S,0.0215329074836536,Kelch propeller
D559T,559,D,T,0.0284284935819811,Kelch propeller
D559V,559,D,V,0.0379276156454347,Kelch propeller
D559W,559,D,W,0.0490183761201274,Kelch propeller
D559Y,559,D,Y,0.0687954105110211,Kelch propeller
H560A,560,H,A,0.0068812061031726,Kelch propeller
H560C,560,H,C,0.0234522584160814,Kelch propeller
H560D,560,H,D,0.0437749757810608,Kelch propeller
H560E,560,H,E,0.0369732380721724,Kelch propeller
H560F,560,H,F,0.0319841365948171,Kelch propeller
H560G,560,H,G,0.0184957011382901,Kelch propeller
H560I,560,H,I,0.0364207435214324,Kelch propeller
H560K,560,H,K,0.0054545592153063,Kelch propeller
H560L,560,H,L,0.0515500121094696,Kelch propeller
H560M,560,H,M,0.0298082162751257,Kelch propeller
H560N,560,H,N,0.0259294017922015,Kelch propeller
H560P,560,H,P,0.0094491705013306,Kelch propeller
H560Q,560,H,Q,0.0089110559457495,Kelch propeller
H560R,560,H,R,0.0,Kelch propeller
H560S,560,H,S,0.0210008476628709,Kelch propeller
H560T,560,H,T,0.0556513380963914,Kelch propeller
H560V,560,H,V,0.0544017922015016,Kelch propeller
H560W,560,H,W,0.0370201622668927,Kelch propeller
H560Y,560,H,Y,0.0590245822232972,Kelch propeller
R561A,561,R,A,0.0093628905303947,Kelch propeller
R561C,561,R,C,0.0232827258416081,Kelch propeller
R561D,561,R,D,0.0167436122547832,Kelch propeller
R561E,561,R,E,0.0297370731411978,Kelch propeller
R561F,561,R,F,0.0535813756357472,Kelch propeller
R561G,561,R,G,0.0119437212400111,Kelch propeller
R561H,561,R,H,0.0295455921530651,Kelch propeller
R561I,561,R,I,0.0294169290385095,Kelch propeller
R561K,561,R,K,0.0031757084039719,Kelch propeller
R561L,561,R,L,0.0318986134657302,Kelch propeller
R561M,561,R,M,0.0384104807459447,Kelch propeller
R561N,561,R,N,0.0092077379510777,Kelch propeller
R561P,561,R,P,0.0,Kelch propeller
R561Q,561,R,Q,0.0155462884475674,Kelch propeller
R561S,561,R,S,0.0262230564301283,Kelch propeller
R561T,561,R,T,0.0071657786388956,Kelch propeller
R561V,561,R,V,0.0181800980867052,Kelch propeller
R561W,561,R,W,0.0621473116977491,Kelch propeller
R561Y,561,R,Y,0.0392255994187455,Kelch propeller
M562A,562,M,A,0.0358546258173892,Kelch propeller
M562C,562,M,C,0.020127452167595,Kelch propeller
M562D,562,M,D,0.0325918806006311,Kelch propeller
M562E,562,M,E,0.0144344877694371,Kelch propeller
M562F,562,M,F,0.0302555098086704,Kelch propeller
M562G,562,M,G,0.0246821264228641,Kelch propeller
M562H,562,M,H,0.0277791232744006,Kelch propeller
M562I,562,M,I,0.0376869399370308,Kelch propeller
M562K,562,M,K,0.0113745761685638,Kelch propeller
M562L,562,M,L,0.0111043836279971,Kelch propeller
M562N,562,M,N,0.0260459554371533,Kelch propeller
M562P,562,M,P,0.0,Kelch propeller
M562Q,562,M,Q,0.0066337188181171,Kelch propeller
M562R,562,M,R,0.025874152337129,Kelch propeller
M562S,562,M,S,0.0036018103657073,Kelch propeller
M562T,562,M,T,0.036673528699443,Kelch propeller
M562V,562,M,V,0.0166406817631402,Kelch propeller
M562W,562,M,W,0.0239729656091077,Kelch propeller
M562Y,562,M,Y,0.0320484681520963,Kelch propeller
K563A,563,K,A,0.0176064119641574,Kelch propeller
K563C,563,K,C,0.0440474388471785,Kelch propeller
K563D,563,K,D,0.073591517316543,Kelch propeller
K563E,563,K,E,0.0413636776459205,Kelch propeller
K563F,563,K,F,0.0441776156454347,Kelch propeller
K563G,563,K,G,0.009960795592153,Kelch propeller
K563H,563,K,H,0.0,Kelch propeller
K563I,563,K,I,0.0332700108985226,Kelch propeller
K563L,563,K,L,0.0499886473722451,Kelch propeller
K563M,563,K,M,0.0500779547105851,Kelch propeller
K563N,563,K,N,0.0374704831678387,Kelch propeller
K563P,563,K,P,0.0897379813514183,Kelch propeller
K563Q,563,K,Q,0.010214337612014,Kelch propeller
K563R,563,K,R,0.0165188302252375,Kelch propeller
K563S,563,K,S,0.0151716517316555,Kelch propeller
K563T,563,K,T,0.0155182852991053,Kelch propeller
K563V,563,K,V,0.0292428554129329,Kelch propeller
K563W,563,K,W,0.0935834947929296,Kelch propeller
K563Y,563,K,Y,0.0405826168563831,Kelch propeller
A564C,564,A,C,0.0266673225962717,Kelch propeller
A564D,564,A,D,0.0117492128844756,Kelch propeller
A564E,564,A,E,0.017411146766773,Kelch propeller
A564F,564,A,F,0.0389448110922756,Kelch propeller
A564G,564,A,G,0.0,Kelch propeller
A564H,564,A,H,0.008742280213128,Kelch propeller
A564I,564,A,I,0.0165173165415369,Kelch propeller
A564K,564,A,K,0.0285102325018164,Kelch propeller
A564L,564,A,L,0.030851901186728,Kelch propeller
A564M,564,A,M,0.0199427827561167,Kelch propeller
A564N,564,A,N,0.0152753390651503,Kelch propeller
A564P,564,A,P,0.0768118793896828,Kelch propeller
A564Q,564,A,Q,0.0109333373698246,Kelch propeller
A564R,564,A,R,0.0049943993703075,Kelch propeller
A564S,564,A,S,0.0116023855655136,Kelch propeller
A564T,564,A,T,0.0202856321143134,Kelch propeller
A564V,564,A,V,0.0187174558004359,Kelch propeller
A564W,564,A,W,0.0481919048195689,Kelch propeller
A564Y,564,A,Y,0.0182663780576425,Kelch propeller
W565A,565,W,A,0.1243112739162012,Kelch propeller
W565C,565,W,C,0.0861331436183082,Kelch propeller
W565D,565,W,D,0.1497646221845471,Kelch propeller
W565E,565,W,E,0.1909814725115028,Kelch propeller
W565F,565,W,F,0.0,Kelch propeller
W565G,565,W,G,0.1293972511503983,Kelch propeller
W565H,565,W,H,0.0460144708161783,Kelch propeller
W565I,565,W,I,0.1726431944780821,Kelch propeller
W565K,565,W,K,0.135261261806733,Kelch propeller
W565L,565,W,L,0.1358985226447069,Kelch propeller
W565M,565,W,M,0.0704642467909906,Kelch propeller
W565N,565,W,N,0.0903585916686836,Kelch propeller
W565P,565,W,P,0.0935592758537177,Kelch propeller
W565Q,565,W,Q,0.1455997214821978,Kelch propeller
W565R,565,W,R,0.0956663235650265,Kelch propeller
W565S,565,W,S,0.0769746003875017,Kelch propeller
W565T,565,W,T,0.1219234378784211,Kelch propeller
W565V,565,W,V,0.1413175102930479,Kelch propeller
W565Y,565,W,Y,0.0364828045531592,Kelch propeller
V566A,566,V,A,0.0145714761443448,Kelch propeller
V566C,566,V,C,0.0219529547105837,Kelch propeller
V566D,566,V,D,0.0146078045531605,Kelch propeller
V566E,566,V,E,0.0375794683942829,Kelch propeller
V566F,566,V,F,0.0561569084524098,Kelch propeller
V566G,566,V,G,0.0588073686122548,Kelch propeller
V566H,566,V,H,0.012141256962945,Kelch propeller
V566I,566,V,I,0.0121019011867266,Kelch propeller
V566K,566,V,K,0.0174255267619278,Kelch propeller
V566L,566,V,L,0.0337120065391136,Kelch propeller
V566M,566,V,M,0.0299368793896827,Kelch propeller
V566N,566,V,N,0.0246995337854188,Kelch propeller
V566P,566,V,P,0.0867878118188424,Kelch propeller
V566Q,566,V,Q,0.0431013865342698,Kelch propeller
V566R,566,V,R,0.0244997275369339,Kelch propeller
V566S,566,V,S,0.0,Kelch propeller
V566T,566,V,T,0.0305870065391122,Kelch propeller
V566W,566,V,W,0.0539567691935094,Kelch propeller
V566Y,566,V,Y,0.0593023431823687,Kelch propeller
E567A,567,E,A,0.0133590155001211,Kelch propeller
E567C,567,E,C,0.0021365645434715,Kelch propeller
E567D,567,E,D,0.0072861164930962,Kelch propeller
E567F,567,E,F,0.0247744611286026,Kelch propeller
E567G,567,E,G,0.0298483288931931,Kelch propeller
E567H,567,E,H,0.0306309033664325,Kelch propeller
E567I,567,E,I,0.0343311031726796,Kelch propeller
E567K,567,E,K,0.0054083918624364,Kelch propeller
E567L,567,E,L,0.0263464216517302,Kelch propeller
E567M,567,E,M,0.0343076410753195,Kelch propeller
E567N,567,E,N,0.0096277851780092,Kelch propeller
E567P,567,E,P,0.0134596754662145,Kelch propeller
E567Q,567,E,Q,0.0,Kelch propeller
E567R,567,E,R,0.0056467970452894,Kelch propeller
E567S,567,E,S,0.017864495035116,Kelch propeller
E567T,567,E,T,0.0124568600145313,Kelch propeller
E567V,567,E,V,0.0098275914264955,Kelch propeller
E567W,567,E,W,0.0489086340518271,Kelch propeller
E567Y,567,E,Y,0.0424338520222814,Kelch propeller
V568A,568,V,A,0.0009142649551949,Kelch propeller
V568C,568,V,C,0.0151655969968515,Kelch propeller
V568D,568,V,D,0.0100455618793882,Kelch propeller
V568E,568,V,E,0.0,Kelch propeller
V568F,568,V,F,0.0828416384112362,Kelch propeller
V568G,568,V,G,0.0215132295955437,Kelch propeller
V568H,568,V,H,0.0797355594574944,Kelch propeller
V568I,568,V,I,0.0559086643255026,Kelch propeller
V568K,568,V,K,0.0634521070477114,Kelch propeller
V568L,568,V,L,0.1227605049648813,Kelch propeller
V568M,568,V,M,0.0381122850569131,Kelch propeller
V568N,568,V,N,0.03125,Kelch propeller
V568P,568,V,P,0.1196846996851525,Kelch propeller
V568Q,568,V,Q,0.0026315391135868,Kelch propeller
V568R,568,V,R,0.0293745458948898,Kelch propeller
V568S,568,V,S,0.0095990251876967,Kelch propeller
V568T,568,V,T,0.0304946718333737,Kelch propeller
V568W,568,V,W,0.0104512291111635,Kelch propeller
V568Y,568,V,Y,0.0626021736497942,Kelch propeller
A569C,569,A,C,0.0208615887624136,Kelch propeller
A569D,569,A,D,0.0349850145313649,Kelch propeller
A569E,569,A,E,0.0040074775974826,Kelch propeller
A569F,569,A,F,0.0404880116250922,Kelch propeller
A569G,569,A,G,0.0253587430370564,Kelch propeller
A569H,569,A,H,0.05870368127876,Kelch propeller
A569I,569,A,I,0.0397758234439346,Kelch propeller
A569K,569,A,K,0.0329680310002436,Kelch propeller
A569L,569,A,L,0.0375401126180673,Kelch propeller
A569M,569,A,M,0.0324579195931218,Kelch propeller
A569N,569,A,N,0.0391597541777684,Kelch propeller
A569P,569,A,P,0.0418828711552434,Kelch propeller
A569Q,569,A,Q,0.0320636049891029,Kelch propeller
A569R,569,A,R,0.0,Kelch propeller
A569S,569,A,S,0.0204309457495776,Kelch propeller
A569T,569,A,T,0.0151451622668927,Kelch propeller
A569V,569,A,V,0.0141536994429644,Kelch propeller
A569W,569,A,W,0.035479232259627,Kelch propeller
A569Y,569,A,Y,0.0397084645192555,Kelch propeller
P570A,570,P,A,0.018061273916201,Kelch propeller
P570C,570,P,C,0.0183140590942102,Kelch propeller
P570D,570,P,D,0.0371140106563333,Kelch propeller
P570E,570,P,E,0.0598079135383856,Kelch propeller
P570F,570,P,F,0.0424626120125925,Kelch propeller
P570G,570,P,G,0.0915377512714944,Kelch propeller
P570H,570,P,H,0.0307951380479521,Kelch propeller
P570I,570,P,I,0.0504185335432308,Kelch propeller
P570K,570,P,K,0.0278608621942345,Kelch propeller
P570L,570,P,L,0.0352589912811805,Kelch propeller
P570M,570,P,M,0.0419108743037055,Kelch propeller
P570N,570,P,N,0.0340298801162495,Kelch propeller
P570Q,570,P,Q,0.0355299406635975,Kelch propeller
P570R,570,P,R,0.0216471906030502,Kelch propeller
P570S,570,P,S,0.0,Kelch propeller
P570T,570,P,T,0.0495027549043352,Kelch propeller
P570V,570,P,V,0.0292315027851766,Kelch propeller
P570W,570,P,W,0.0613019193509311,Kelch propeller
P570Y,570,P,Y,0.0433291959312168,Kelch propeller
L571A,571,L,A,0.1304257992249955,Kelch propeller
L571C,571,L,C,0.2610218878663118,Kelch propeller
L571D,571,L,D,0.420891105594577,Kelch propeller
L571E,571,L,E,0.267970452894165,Kelch propeller
L571F,571,L,F,0.0552539961249712,Kelch propeller
L571G,571,L,G,0.5862133688544464,Kelch propeller
L571H,571,L,H,0.0398598328893209,Kelch propeller
L571I,571,L,I,0.0,Kelch propeller
L571K,571,L,K,0.2507091608137567,Kelch propeller
L571M,571,L,M,0.0143466941147992,Kelch propeller
L571N,571,L,N,0.3420380237345623,Kelch propeller
L571P,571,L,P,0.0307542685880358,Kelch propeller
L571Q,571,L,Q,0.0697376786146767,Kelch propeller
L571R,571,L,R,0.2432141559699702,Kelch propeller
L571S,571,L,S,0.1508514470816194,Kelch propeller
L571T,571,L,T,0.0515817994671834,Kelch propeller
L571V,571,L,V,0.0654948232017438,Kelch propeller
L571W,571,L,W,0.0471580588520223,Kelch propeller
L571Y,571,L,Y,0.0652518769677903,Kelch propeller
N572A,572,N,A,0.0,Kelch propeller
N572C,572,N,C,0.0133559881327183,Kelch propeller
N572D,572,N,D,0.066145707193025,Kelch propeller
N572E,572,N,E,0.082092364979414,Kelch propeller
N572F,572,N,F,0.1274597360135613,Kelch propeller
N572G,572,N,G,0.0585560971179463,Kelch propeller
N572H,572,N,H,0.0804961855170744,Kelch propeller
N572I,572,N,I,0.0506289355776203,Kelch propeller
N572K,572,N,K,0.0203242310486786,Kelch propeller
N572L,572,N,L,0.0236914204407847,Kelch propeller
N572M,572,N,M,0.0320174376362301,Kelch propeller
N572P,572,N,P,0.0820234923710328,Kelch propeller
N572Q,572,N,Q,0.0248130600629678,Kelch propeller
N572R,572,N,R,0.0184253148462097,Kelch propeller
N572S,572,N,S,0.0049505025429886,Kelch propeller
N572T,572,N,T,0.007936243642527,Kelch propeller
N572V,572,N,V,0.0034451441026868,Kelch propeller
N572W,572,N,W,0.07752633809639,Kelch propeller
N572Y,572,N,Y,0.0575131690481943,Kelch propeller
T573A,573,T,A,0.0815292746427707,Kelch propeller
T573C,573,T,C,0.0636731048680068,Kelch propeller
T573D,573,T,D,0.0604837733107276,Kelch propeller
T573E,573,T,E,0.0452538447565983,Kelch propeller
T573F,573,T,F,0.0691624788084268,Kelch propeller
T573G,573,T,G,0.2053039476870916,Kelch propeller
T573H,573,T,H,0.0409496851537889,Kelch propeller
T573I,573,T,I,0.0390280636958101,Kelch propeller
T573K,573,T,K,0.031642044078468,Kelch propeller
T573L,573,T,L,0.0,Kelch propeller
T573M,573,T,M,0.0266499152337128,Kelch propeller
T573N,573,T,N,0.0723775429886172,Kelch propeller
T573P,573,T,P,0.5034050314846202,Kelch propeller
T573Q,573,T,Q,0.0687341063211432,Kelch propeller
T573R,573,T,R,0.0758325260353597,Kelch propeller
T573S,573,T,S,0.0964375454105111,Kelch propeller
T573V,573,T,V,0.0285359651247261,Kelch propeller
T573W,573,T,W,0.0639750847662873,Kelch propeller
T573Y,573,T,Y,0.0627119157180902,Kelch propeller
P574A,574,P,A,0.0344234378784195,Kelch propeller
P574C,574,P,C,0.0177002603535965,Kelch propeller
P574D,574,P,D,0.08963278033422,Kelch propeller
P574E,574,P,E,0.0490312424315801,Kelch propeller
P574F,574,P,F,0.1344476568176301,Kelch propeller
P574G,574,P,G,0.0451024763865343,Kelch propeller
P574H,574,P,H,0.1323156333252605,Kelch propeller
P574I,574,P,I,0.0,Kelch propeller
P574K,574,P,K,0.0540460765318479,Kelch propeller
P574L,574,P,L,0.1317313514168081,Kelch propeller
P574M,574,P,M,0.0735165899733578,Kelch propeller
P574N,574,P,N,0.1367908391862424,Kelch propeller
P574Q,574,P,Q,0.0525482865100495,Kelch propeller
P574R,574,P,R,0.0471391378057641,Kelch propeller
P574S,574,P,S,0.1435237042867524,Kelch propeller
P574T,574,P,T,0.0764818963429388,Kelch propeller
P574V,574,P,V,0.0162100387503013,Kelch propeller
P574W,574,P,W,0.1693925587309278,Kelch propeller
P574Y,574,P,Y,0.1108190542504239,Kelch propeller
R575A,575,R,A,0.105747457011383,Kelch propeller
R575C,575,R,C,0.010796348994914,Kelch propeller
R575D,575,R,D,0.1869724812303237,Kelch propeller
R575E,575,R,E,0.0636889985468651,Kelch propeller
R575F,575,R,F,0.0776345664809896,Kelch propeller
R575G,575,R,G,0.1151905727779139,Kelch propeller
R575H,575,R,H,0.0629684851053524,Kelch propeller
R575I,575,R,I,0.0368763623153306,Kelch propeller
R575K,575,R,K,0.0,Kelch propeller
R575L,575,R,L,0.0275952107047711,Kelch propeller
R575M,575,R,M,0.0259316723177539,Kelch propeller
R575N,575,R,N,0.0781757084039734,Kelch propeller
R575P,575,R,P,0.3008688544441757,Kelch propeller
R575Q,575,R,Q,0.0655160147735544,Kelch propeller
R575S,575,R,S,0.1215276095907015,Kelch propeller
R575T,575,R,T,0.0009013986437408,Kelch propeller
R575V,575,R,V,0.0644783845967561,Kelch propeller
R575W,575,R,W,0.1017808488738208,Kelch propeller
R575Y,575,R,Y,0.0888744248001938,Kelch propeller
S576A,576,S,A,0.0738904698474207,Kelch propeller
S576C,576,S,C,0.0471981714700896,Kelch propeller
S576D,576,S,D,0.0015416868491146,Kelch propeller
S576E,576,S,E,0.003510232501815,Kelch propeller
S576F,576,S,F,0.1027390106563334,Kelch propeller
S576G,576,S,G,0.0993324654880117,Kelch propeller
S576H,576,S,H,0.0789900702349238,Kelch propeller
S576I,576,S,I,0.1126415294260113,Kelch propeller
S576K,576,S,K,0.0749969726325988,Kelch propeller
S576L,576,S,L,0.1670455921530639,Kelch propeller
S576M,576,S,M,0.0591789779607654,Kelch propeller
S576N,576,S,N,0.0,Kelch propeller
S576P,576,S,P,0.1198602869944284,Kelch propeller
S576Q,576,S,Q,0.0600175587309262,Kelch propeller
S576R,576,S,R,0.0788689755388715,Kelch propeller
S576T,576,S,T,0.0151368370065391,Kelch propeller
S576V,576,S,V,0.0589337612012594,Kelch propeller
S576W,576,S,W,0.1341948716396223,Kelch propeller
S576Y,576,S,Y,0.0944803523855642,Kelch propeller
S577A,577,S,A,0.0216312969241933,Kelch propeller
S577C,577,S,C,0.0474184124485348,Kelch propeller
S577D,577,S,D,0.0751218515379027,Kelch propeller
S577E,577,S,E,0.0171061395010898,Kelch propeller
S577F,577,S,F,0.0200411721966578,Kelch propeller
S577G,577,S,G,0.0598048861709857,Kelch propeller
S577H,577,S,H,0.0099418745458949,Kelch propeller
S577I,577,S,I,0.0665324533785407,Kelch propeller
S577K,577,S,K,0.019217728263502,Kelch propeller
S577L,577,S,L,0.033218545652699,Kelch propeller
S577M,577,S,M,0.0207177888108501,Kelch propeller
S577N,577,S,N,0.0479413901671107,Kelch propeller
S577P,577,S,P,0.4608690058125446,Kelch propeller
S577Q,577,S,Q,0.0,Kelch propeller
S577R,577,S,R,0.0346073504480504,Kelch propeller
S577T,577,S,T,0.0366614192298377,Kelch propeller
S577V,577,S,V,0.0362988919835311,Kelch propeller
S577W,577,S,W,0.0620966032937744,Kelch propeller
S577Y,577,S,Y,0.0330444720271252,Kelch propeller
A578C,578,A,C,0.0,Kelch propeller
A578D,578,A,D,0.1916830649067587,Kelch propeller
A578E,578,A,E,0.2679356381690499,Kelch propeller
A578F,578,A,F,0.370267467909906,Kelch propeller
A578G,578,A,G,0.0424149309760247,Kelch propeller
A578H,578,A,H,0.1104050617582965,Kelch propeller
A578I,578,A,I,0.2407975599418763,Kelch propeller
A578K,578,A,K,0.2747161843061277,Kelch propeller
A578L,578,A,L,0.0565973904093015,Kelch propeller
A578M,578,A,M,0.0979731775248259,Kelch propeller
A578N,578,A,N,0.0911373819326714,Kelch propeller
A578P,578,A,P,0.1082541172196659,Kelch propeller
A578Q,578,A,Q,0.1261405606684429,Kelch propeller
A578R,578,A,R,0.2768482077985002,Kelch propeller
A578S,578,A,S,0.125061304189878,Kelch propeller
A578T,578,A,T,0.0723616493097617,Kelch propeller
A578V,578,A,V,0.129815784693632,Kelch propeller
A578W,578,A,W,0.3736286025672095,Kelch propeller
A578Y,578,A,Y,0.3890416868491165,Kelch propeller
M579A,579,M,A,0.1050874909178979,Kelch propeller
M579C,579,M,C,0.0588648885928797,Kelch propeller
M579D,579,M,D,0.2511708343424561,Kelch propeller
M579E,579,M,E,0.0626089852264471,Kelch propeller
M579F,579,M,F,0.0278381569387261,Kelch propeller
M579G,579,M,G,0.1021153729716639,Kelch propeller
M579H,579,M,H,0.0046439815936062,Kelch propeller
M579I,579,M,I,0.0147326834584645,Kelch propeller
M579K,579,M,K,0.0427933519011853,Kelch propeller
M579L,579,M,L,0.044342607168806,Kelch propeller
M579N,579,M,N,0.055620307580528,Kelch propeller
M579P,579,M,P,0.205599872850568,Kelch propeller
M579Q,579,M,Q,0.025317116735287,Kelch propeller
M579R,579,M,R,0.0,Kelch propeller
M579S,579,M,S,0.0630025429886171,Kelch propeller
M579T,579,M,T,0.0639516226689271,Kelch propeller
M579V,579,M,V,0.0040619702107033,Kelch propeller
M579W,579,M,W,0.0635603354323067,Kelch propeller
M579Y,579,M,Y,0.0267089488980368,Kelch propeller
C580A,580,C,A,0.0945446839428434,Kelch propeller
C580D,580,C,D,0.2580331193993707,Kelch propeller
C580E,580,C,E,0.1865743824170504,Kelch propeller
C580F,580,C,F,0.099167473964639,Kelch propeller
C580G,580,C,G,0.1941004177767002,Kelch propeller
C580H,580,C,H,0.189705437151853,Kelch propeller
C580I,580,C,I,0.0610196173407591,Kelch propeller
C580K,580,C,K,0.2315133809639141,Kelch propeller
C580L,580,C,L,0.0097390409300072,Kelch propeller
C580M,580,C,M,0.003715336643255,Kelch propeller
C580N,580,C,N,0.1211711370791961,Kelch propeller
C580P,580,C,P,0.2347080104141427,Kelch propeller
C580Q,580,C,Q,0.0629571324775961,Kelch propeller
C580R,580,C,R,0.1463119096633569,Kelch propeller
C580S,580,C,S,0.1200184669411467,Kelch propeller
C580T,580,C,T,0.0,Kelch propeller
C580V,580,C,V,0.0763532332283832,Kelch propeller
C580W,580,C,W,0.1753216577863877,Kelch propeller
C580Y,580,C,Y,0.3400021191571813,Kelch propeller
V581A,581,V,A,0.1290733228384584,Kelch propeller
V581C,581,V,C,0.0424262836037768,Kelch propeller
V581D,581,V,D,0.0707064361830952,Kelch propeller
V581E,581,V,E,0.0463580770162253,Kelch propeller
V581F,581,V,F,0.0087680128360363,Kelch propeller
V581G,581,V,G,0.1062242673770876,Kelch propeller
V581H,581,V,H,0.0343152094938242,Kelch propeller
V581I,581,V,I,0.0362973782998305,Kelch propeller
V581K,581,V,K,0.069417534511987,Kelch propeller
V581L,581,V,L,0.0433488738193253,Kelch propeller
V581M,581,V,M,0.0,Kelch propeller
V581N,581,V,N,0.0526277549043352,Kelch propeller
V581P,581,V,P,0.3587074654880121,Kelch propeller
V581Q,581,V,Q,0.0542103112133675,Kelch propeller
V581R,581,V,R,0.0270131993218683,Kelch propeller
V581S,581,V,S,0.0820704165657545,Kelch propeller
V581T,581,V,T,0.0419820174376362,Kelch propeller
V581W,581,V,W,0.0717887200290628,Kelch propeller
V581Y,581,V,Y,0.0214534390893665,Kelch propeller
A582C,582,A,C,0.0,Kelch propeller
A582D,582,A,D,0.1283429704528943,Kelch propeller
A582E,582,A,E,0.0751718031000229,Kelch propeller
A582F,582,A,F,0.1092546621457967,Kelch propeller
A582G,582,A,G,0.030060244611286,Kelch propeller
A582H,582,A,H,0.1090730201017197,Kelch propeller
A582I,582,A,I,0.1936735589731158,Kelch propeller
A582K,582,A,K,0.096681248486315,Kelch propeller
A582L,582,A,L,0.1421076531847907,Kelch propeller
A582M,582,A,M,0.1122600811334465,Kelch propeller
A582N,582,A,N,0.0633839912811819,Kelch propeller
A582P,582,A,P,0.0904955800435928,Kelch propeller
A582Q,582,A,Q,0.1140401731654141,Kelch propeller
A582R,582,A,R,0.113294683942842,Kelch propeller
A582S,582,A,S,0.0071544260111407,Kelch propeller
A582T,582,A,T,0.0492053160571567,Kelch propeller
A582V,582,A,V,0.1602105534027612,Kelch propeller
A582W,582,A,W,0.1119187454589476,Kelch propeller
A582Y,582,A,Y,0.0971050799224995,Kelch propeller
F583A,583,F,A,0.0045682974085749,Kelch propeller
F583C,583,F,C,0.0159633083070975,Kelch propeller
F583D,583,F,D,0.0902851780092047,Kelch propeller
F583E,583,F,E,0.0895798014046986,Kelch propeller
F583G,583,F,G,0.0280674800193766,Kelch propeller
F583H,583,F,H,0.0043412448534754,Kelch propeller
F583I,583,F,I,0.0018179341244867,Kelch propeller
F583K,583,F,K,0.0516188847178508,Kelch propeller
F583L,583,F,L,0.0085576108016483,Kelch propeller
F583M,583,F,M,0.0140401731654167,Kelch propeller
F583N,583,F,N,0.0603089428433035,Kelch propeller
F583P,583,F,P,0.1920637563574732,Kelch propeller
F583Q,583,F,Q,0.017289295228869,Kelch propeller
F583R,583,F,R,0.0182792443690966,Kelch propeller
F583S,583,F,S,0.0736997457011384,Kelch propeller
F583T,583,F,T,0.060481502785178,Kelch propeller
F583V,583,F,V,0.0,Kelch propeller
F583W,583,F,W,0.0036684124485361,Kelch propeller
F583Y,583,F,Y,0.0178289234681535,Kelch propeller
D584A,584,D,A,0.0177865403245324,Kelch propeller
D584C,584,D,C,0.0,Kelch propeller
D584E,584,D,E,0.006562575684185,Kelch propeller
D584F,584,D,F,0.0278343727294744,Kelch propeller
D584G,584,D,G,0.003431520949381,Kelch propeller
D584H,584,D,H,0.0394821688060063,Kelch propeller
D584I,584,D,I,0.0277147917171214,Kelch propeller
D584K,584,D,K,0.0255275187696779,Kelch propeller
D584L,584,D,L,0.0255282756115282,Kelch propeller
D584M,584,D,M,0.0348669472027111,Kelch propeller
D584N,584,D,N,0.0370474085735045,Kelch propeller
D584P,584,D,P,0.0149355170743521,Kelch propeller
D584Q,584,D,Q,0.0331807035601827,Kelch propeller
D584R,584,D,R,0.0245496790990554,Kelch propeller
D584S,584,D,S,0.0016915415354807,Kelch propeller
D584T,584,D,T,0.0359287963187212,Kelch propeller
D584V,584,D,V,0.0236952046500363,Kelch propeller
D584W,584,D,W,0.0449382417050133,Kelch propeller
D584Y,584,D,Y,0.0127346209736013,Kelch propeller
N585A,585,N,A,0.0325358743037055,Kelch propeller
N585C,585,N,C,0.0594514410268845,Kelch propeller
N585D,585,N,D,0.0,Kelch propeller
N585E,585,N,E,0.0260353596512473,Kelch propeller
N585F,585,N,F,0.0713573201743778,Kelch propeller
N585G,585,N,G,0.0361883930733848,Kelch propeller
N585H,585,N,H,0.0201388047953514,Kelch propeller
N585I,585,N,I,0.1023696718333752,Kelch propeller
N585K,585,N,K,0.0507719786873349,Kelch propeller
N585L,585,N,L,0.0875015136837007,Kelch propeller
N585M,585,N,M,0.0317215124727551,Kelch propeller
N585P,585,N,P,0.128426979898282,Kelch propeller
N585Q,585,N,Q,0.02437182126423,Kelch propeller
N585R,585,N,R,0.0246442843303463,Kelch propeller
N585S,585,N,S,0.0388169048195689,Kelch propeller
N585T,585,N,T,0.0373698232017452,Kelch propeller
N585V,585,N,V,0.1063786631145557,Kelch propeller
N585W,585,N,W,0.0620216759505948,Kelch propeller
N585Y,585,N,Y,0.0552131266650535,Kelch propeller
K586A,586,K,A,0.0239419350932415,Kelch propeller
K586C,586,K,C,0.0261920259142635,Kelch propeller
K586D,586,K,D,0.0487239646403474,Kelch propeller
K586E,586,K,E,0.0107895374182596,Kelch propeller
K586F,586,K,F,0.0436167958343411,Kelch propeller
K586G,586,K,G,0.0904955800435942,Kelch propeller
K586H,586,K,H,0.0384884354565256,Kelch propeller
K586I,586,K,I,0.0390992068297409,Kelch propeller
K586L,586,K,L,0.0375900641801875,Kelch propeller
K586M,586,K,M,0.01060184063938,Kelch propeller
K586N,586,K,N,0.0430355412932914,Kelch propeller
K586P,586,K,P,0.0497880842819071,Kelch propeller
K586Q,586,K,Q,0.030106411964156,Kelch propeller
K586R,586,K,R,0.0336900581254527,Kelch propeller
K586S,586,K,S,0.0205126846694115,Kelch propeller
K586T,586,K,T,0.0333971603293776,Kelch propeller
K586V,586,K,V,0.0,Kelch propeller
K586W,586,K,W,0.0395502845725357,Kelch propeller
K586Y,586,K,Y,0.0286676556066844,Kelch propeller
I587A,587,I,A,0.0501876967788797,Kelch propeller
I587C,587,I,C,0.0353339186243628,Kelch propeller
I587D,587,I,D,0.0530228263502045,Kelch propeller
I587E,587,I,E,0.107252058609833,Kelch propeller
I587F,587,I,F,0.0870004843787829,Kelch propeller
I587G,587,I,G,0.0513600448050376,Kelch propeller
I587H,587,I,H,0.1944198050375396,Kelch propeller
I587K,587,I,K,0.2629881629934598,Kelch propeller
I587L,587,I,L,0.0,Kelch propeller
I587M,587,I,M,0.0268898341002664,Kelch propeller
I587N,587,I,N,0.0571952954710584,Kelch propeller
I587P,587,I,P,0.2496563937999519,Kelch propeller
I587Q,587,I,Q,0.1283989767498185,Kelch propeller
I587R,587,I,R,0.1938771494308538,Kelch propeller
I587S,587,I,S,0.0732585069023963,Kelch propeller
I587T,587,I,T,0.00726870913054,Kelch propeller
I587V,587,I,V,0.0042383143618309,Kelch propeller
I587W,587,I,W,0.1677396161298137,Kelch propeller
I587Y,587,I,Y,0.1844113284088145,Kelch propeller
Y588A,588,Y,A,0.0215321506418019,Kelch propeller
Y588C,588,Y,C,0.0,Kelch propeller
Y588D,588,Y,D,0.0441594514410283,Kelch propeller
Y588E,588,Y,E,0.0677585371760731,Kelch propeller
Y588F,588,Y,F,0.0214224085735045,Kelch propeller
Y588G,588,Y,G,0.0283384294017936,Kelch propeller
Y588H,588,Y,H,0.0147311697747638,Kelch propeller
Y588I,588,Y,I,0.0748440905788341,Kelch propeller
Y588K,588,Y,K,0.0644973056430129,Kelch propeller
Y588L,588,Y,L,0.0405992673770889,Kelch propeller
Y588M,588,Y,M,0.0266362920804083,Kelch propeller
Y588N,588,Y,N,0.0405500726568176,Kelch propeller
Y588P,588,Y,P,0.0552138835069024,Kelch propeller
Y588Q,588,Y,Q,0.046129510777428,Kelch propeller
Y588R,588,Y,R,0.0734325805279729,Kelch propeller
Y588S,588,Y,S,0.0256788871397433,Kelch propeller
Y588T,588,Y,T,0.0841751937515152,Kelch propeller
Y588V,588,Y,V,0.0560759263744248,Kelch propeller
Y588W,588,Y,W,0.0624333979171727,Kelch propeller
V589A,589,V,A,0.0901005085977221,Kelch propeller
V589C,589,V,C,0.0542935638169048,Kelch propeller
V589D,589,V,D,0.0348866250908196,Kelch propeller
V589E,589,V,E,0.0147334403003148,Kelch propeller
V589F,589,V,F,0.0629427524824413,Kelch propeller
V589G,589,V,G,0.10419290385081,Kelch propeller
V589H,589,V,H,0.0335606381690482,Kelch propeller
V589I,589,V,I,0.0153495095664796,Kelch propeller
V589K,589,V,K,0.0885996912085237,Kelch propeller
V589L,589,V,L,0.0321483712763367,Kelch propeller
V589M,589,V,M,0.0,Kelch propeller
V589N,589,V,N,0.0090578832647116,Kelch propeller
V589P,589,V,P,0.1037524218939212,Kelch propeller
V589Q,589,V,Q,0.0256569387260838,Kelch propeller
V589R,589,V,R,0.0942131872124002,Kelch propeller
V589S,589,V,S,0.0328317994671819,Kelch propeller
V589T,589,V,T,0.0065292746427692,Kelch propeller
V589W,589,V,W,0.0277851780092032,Kelch propeller
V589Y,589,V,Y,0.0950661479777173,Kelch propeller
I590A,590,I,A,0.0621616916929039,Kelch propeller
I590C,590,I,C,0.0678084887381933,Kelch propeller
I590D,590,I,D,0.094469756599661,Kelch propeller
I590E,590,I,E,0.1089057580527974,Kelch propeller
I590F,590,I,F,0.0747298074594319,Kelch propeller
I590G,590,I,G,0.3783043715185266,Kelch propeller
I590H,590,I,H,0.0319803523855655,Kelch propeller
I590K,590,I,K,0.0776194296439817,Kelch propeller
I590L,590,I,L,0.0,Kelch propeller
I590M,590,I,M,0.0242083434245566,Kelch propeller
I590N,590,I,N,0.0495163780576411,Kelch propeller
I590P,590,I,P,0.159544532574472,Kelch propeller
I590Q,590,I,Q,0.0543298922257205,Kelch propeller
I590R,590,I,R,0.0625794683942844,Kelch propeller
I590S,590,I,S,0.0518693993703076,Kelch propeller
I590T,590,I,T,0.0391029910389925,Kelch propeller
I590V,590,I,V,0.0245617885686607,Kelch propeller
I590W,590,I,W,0.0154554674255253,Kelch propeller
I590Y,590,I,Y,0.0315315451683202,Kelch propeller
G591A,591,G,A,0.0,Kelch propeller
G591C,591,G,C,0.0002262957132463,Kelch propeller
G591D,591,G,D,0.0383476628723648,Kelch propeller
G591E,591,G,E,0.043080951804311,Kelch propeller
G591F,591,G,F,0.0250756841850313,Kelch propeller
G591H,591,G,H,0.0067086461612967,Kelch propeller
G591I,591,G,I,0.0195038144829256,Kelch propeller
G591K,591,G,K,0.061936152821505,Kelch propeller
G591L,591,G,L,0.0402200896100751,Kelch propeller
G591M,591,G,M,0.0147947444901913,Kelch propeller
G591N,591,G,N,0.017518618309518,Kelch propeller
G591P,591,G,P,0.0311084705739874,Kelch propeller
G591Q,591,G,Q,0.0075570658755132,Kelch propeller
G591R,591,G,R,0.0904622790021798,Kelch propeller
G591S,591,G,S,0.0286108924679085,Kelch propeller
G591T,591,G,T,0.0228937091305401,Kelch propeller
G591V,591,G,V,0.0160616977476386,Kelch propeller
G591W,591,G,W,0.0406083494792928,Kelch propeller
G591Y,591,G,Y,0.0340366916929024,Kelch propeller
G592A,592,G,A,0.0254366977476372,Kelch propeller
G592C,592,G,C,0.0,Kelch propeller
G592D,592,G,D,0.086273916202469,Kelch propeller
G592E,592,G,E,0.0759241038992493,Kelch propeller
G592F,592,G,F,0.0669593121821265,Kelch propeller
G592H,592,G,H,0.1141703499636717,Kelch propeller
G592I,592,G,I,0.0813983410026642,Kelch propeller
G592K,592,G,K,0.1188408210220394,Kelch propeller
G592L,592,G,L,0.0838875938483881,Kelch propeller
G592M,592,G,M,0.0849040324533772,Kelch propeller
G592N,592,G,N,0.1263002542988618,Kelch propeller
G592P,592,G,P,0.126708948898037,Kelch propeller
G592Q,592,G,Q,0.1185698716396223,Kelch propeller
G592R,592,G,R,0.2007856018406382,Kelch propeller
G592S,592,G,S,0.0626014168079439,Kelch propeller
G592T,592,G,T,0.0879934608864133,Kelch propeller
G592V,592,G,V,0.0788629208040674,Kelch propeller
G592W,592,G,W,0.098811001453135,Kelch propeller
G592Y,592,G,Y,0.0975326955679342,Kelch propeller
T593A,593,T,A,0.0281144042140954,Kelch propeller
T593C,593,T,C,0.019810335432308,Kelch propeller
T593D,593,T,D,0.0560797105836751,Kelch propeller
T593E,593,T,E,0.0347693146040203,Kelch propeller
T593F,593,T,F,0.0509816238798727,Kelch propeller
T593G,593,T,G,0.0514977900217957,Kelch propeller
T593H,593,T,H,0.0457609287963187,Kelch propeller
T593I,593,T,I,0.0215616674739632,Kelch propeller
T593K,593,T,K,0.0,Kelch propeller
T593L,593,T,L,0.0065209493824156,Kelch propeller
T593M,593,T,M,0.014899188665535,Kelch propeller
T593N,593,T,N,0.0433927706466457,Kelch propeller
T593P,593,T,P,0.1098253209009432,Kelch propeller
T593Q,593,T,Q,0.0116493097602325,Kelch propeller
T593R,593,T,R,0.0279759021554842,Kelch propeller
T593S,593,T,S,0.023256993218697,Kelch propeller
T593V,593,T,V,0.0247646221845469,Kelch propeller
T593W,593,T,W,0.041957041656574,Kelch propeller
T593Y,593,T,Y,0.0325494974570114,Kelch propeller
N594A,594,N,A,0.0184063937999501,Kelch propeller
N594C,594,N,C,0.0107865100508597,Kelch propeller
N594D,594,N,D,0.0157498789053039,Kelch propeller
N594E,594,N,E,0.0166641438604975,Kelch propeller
N594F,594,N,F,0.0462982865100509,Kelch propeller
N594G,594,N,G,0.0450283058852022,Kelch propeller
N594H,594,N,H,0.0384157786388956,Kelch propeller
N594I,594,N,I,0.0463535359651247,Kelch propeller
N594K,594,N,K,0.0121321748607397,Kelch propeller
N594L,594,N,L,0.035446688060063,Kelch propeller
N594M,594,N,M,0.0326705921530623,Kelch propeller
N594P,594,N,P,0.0497457011382902,Kelch propeller
N594Q,594,N,Q,0.0360120489222572,Kelch propeller
N594R,594,N,R,0.0,Kelch propeller
N594S,594,N,S,0.010938635262774,Kelch propeller
N594T,594,N,T,0.019858773310729,Kelch propeller
N594V,594,N,V,0.0167708585613936,Kelch propeller
N594W,594,N,W,0.056755570356017,Kelch propeller
N594Y,594,N,Y,0.0354625817389184,Kelch propeller
G595A,595,G,A,0.0110226447081617,Kelch propeller
G595C,595,G,C,0.0,Kelch propeller
G595D,595,G,D,0.0329097541777684,Kelch propeller
G595E,595,G,E,0.045645888835069,Kelch propeller
G595F,595,G,F,0.0358008900460174,Kelch propeller
G595H,595,G,H,0.0162645313635263,Kelch propeller
G595I,595,G,I,0.0154395737466699,Kelch propeller
G595K,595,G,K,0.00909723904093,Kelch propeller
G595L,595,G,L,0.0149975781060789,Kelch propeller
G595M,595,G,M,0.0155568842334705,Kelch propeller
G595N,595,G,N,0.0038909239525322,Kelch propeller
G595P,595,G,P,0.0033792988617098,Kelch propeller
G595Q,595,G,Q,0.0158490251876982,Kelch propeller
G595R,595,G,R,0.0233826289658527,Kelch propeller
G595S,595,G,S,0.0234227415839186,Kelch propeller
G595T,595,G,T,0.0369172317752483,Kelch propeller
G595V,595,G,V,0.0171629026398644,Kelch propeller
G595W,595,G,W,0.0569584039719061,Kelch propeller
G595Y,595,G,Y,0.0315126241220635,Kelch propeller
E596A,596,E,A,0.0108205679341259,Kelch propeller
E596C,596,E,C,0.0337543896827319,Kelch propeller
E596D,596,E,D,0.0107206648098813,Kelch propeller
E596F,596,E,F,0.0111164930976037,Kelch propeller
E596G,596,E,G,0.0012207859045787,Kelch propeller
E596H,596,E,H,0.002529365463794,Kelch propeller
E596I,596,E,I,0.0025808307096149,Kelch propeller
E596K,596,E,K,0.0126876967788811,Kelch propeller
E596L,596,E,L,0.0129056672317766,Kelch propeller
E596M,596,E,M,0.0,Kelch propeller
E596N,596,E,N,0.0201478868975539,Kelch propeller
E596P,596,E,P,0.0199125090821036,Kelch propeller
E596Q,596,E,Q,0.0129518345846452,Kelch propeller
E596R,596,E,R,0.0242378602567207,Kelch propeller
E596S,596,E,S,0.0384702712521206,Kelch propeller
E596T,596,E,T,0.0209395434729973,Kelch propeller
E596V,596,E,V,0.0164476870913068,Kelch propeller
E596W,596,E,W,0.0111974751755887,Kelch propeller
E596Y,596,E,Y,0.0052282635020586,Kelch propeller
R597A,597,R,A,0.0648901065633326,Kelch propeller
R597C,597,R,C,0.050083252603536,Kelch propeller
R597D,597,R,D,0.0336045349963657,Kelch propeller
R597E,597,R,E,0.0,Kelch propeller
R597F,597,R,F,0.0157241462823914,Kelch propeller
R597G,597,R,G,0.062110983288932,Kelch propeller
R597H,597,R,H,0.0126808852022281,Kelch propeller
R597I,597,R,I,0.021680491644466,Kelch propeller
R597K,597,R,K,0.0187045894889804,Kelch propeller
R597L,597,R,L,0.022386625090821,Kelch propeller
R597M,597,R,M,0.0166270586098315,Kelch propeller
R597N,597,R,N,0.0418488132719787,Kelch propeller
R597P,597,R,P,0.0278775127149417,Kelch propeller
R597Q,597,R,Q,0.0027488496003875,Kelch propeller
R597S,597,R,S,0.0392906878178736,Kelch propeller
R597T,597,R,T,0.0276315391135854,Kelch propeller
R597V,597,R,V,0.061380630903365,Kelch propeller
R597W,597,R,W,0.0197301101961734,Kelch propeller
R597Y,597,R,Y,0.017635171954467,Kelch propeller
L598A,598,L,A,0.0541944175345106,Kelch propeller
L598C,598,L,C,0.0348177524824399,Kelch propeller
L598D,598,L,D,0.0411479777185745,Kelch propeller
L598E,598,L,E,0.0460106866069266,Kelch propeller
L598F,598,L,F,0.0169729353354323,Kelch propeller
L598G,598,L,G,0.3326630237345609,Kelch propeller
L598H,598,L,H,0.0743339791717123,Kelch propeller
L598I,598,L,I,0.0351136776459177,Kelch propeller
L598K,598,L,K,0.0812288084281909,Kelch propeller
L598M,598,L,M,0.0,Kelch propeller
L598N,598,L,N,0.0795614858319206,Kelch propeller
L598P,598,L,P,0.1275301223056417,Kelch propeller
L598Q,598,L,Q,0.0387041353838702,Kelch propeller
L598R,598,L,R,0.0572195144102675,Kelch propeller
L598S,598,L,S,0.0454687878420925,Kelch propeller
L598T,598,L,T,0.0425776519738436,Kelch propeller
L598V,598,L,V,0.0910616977476373,Kelch propeller
L598W,598,L,W,0.0482728868975539,Kelch propeller
L598Y,598,L,Y,0.036747699200775,Kelch propeller
N599A,599,N,A,0.0120595180431111,Kelch propeller
N599C,599,N,C,0.0218174800193751,Kelch propeller
N599D,599,N,D,0.0243650096875771,Kelch propeller
N599E,599,N,E,0.003671439815936,Kelch propeller
N599F,599,N,F,0.0004730261564543,Kelch propeller
N599G,599,N,G,0.0576130721724389,Kelch propeller
N599H,599,N,H,0.0,Kelch propeller
N599I,599,N,I,0.0082836340518285,Kelch propeller
N599K,599,N,K,0.0399181097117946,Kelch propeller
N599L,599,N,L,0.010048589246791,Kelch propeller
N599M,599,N,M,0.0477302312908695,Kelch propeller
N599P,599,N,P,0.0227741281181898,Kelch propeller
N599Q,599,N,Q,0.0206996246064436,Kelch propeller
N599R,599,N,R,0.0432436728021327,Kelch propeller
N599S,599,N,S,0.0089148401550026,Kelch propeller
N599T,599,N,T,0.0168488132719801,Kelch propeller
N599V,599,N,V,0.0156628420925177,Kelch propeller
N599W,599,N,W,0.0230465911843061,Kelch propeller
N599Y,599,N,Y,0.0069394829256492,Kelch propeller
S600A,600,S,A,0.0147591729232245,Kelch propeller
S600C,600,S,C,0.03060517074352,Kelch propeller
S600D,600,S,D,0.0300617582949867,Kelch propeller
S600E,600,S,E,0.0406015379026399,Kelch propeller
S600F,600,S,F,0.0521562424315801,Kelch propeller
S600G,600,S,G,0.0263766953257447,Kelch propeller
S600H,600,S,H,0.0147410087188167,Kelch propeller
S600I,600,S,I,0.0820999333979158,Kelch propeller
S600K,600,S,K,0.0523446960523129,Kelch propeller
S600L,600,S,L,0.1608069447808174,Kelch propeller
S600M,600,S,M,0.1016748910147737,Kelch propeller
S600N,600,S,N,0.0482183942843304,Kelch propeller
S600P,600,S,P,0.1713436970210707,Kelch propeller
S600Q,600,S,Q,0.0649037297166385,Kelch propeller
S600R,600,S,R,0.0580906393799952,Kelch propeller
S600T,600,S,T,0.0,Kelch propeller
S600V,600,S,V,0.0396592697989814,Kelch propeller
S600W,600,S,W,0.0700631206103159,Kelch propeller
S600Y,600,S,Y,0.0358584100266394,Kelch propeller
I601A,601,I,A,0.0295766226689285,Kelch propeller
I601C,601,I,C,0.021093939210464,Kelch propeller
I601D,601,I,D,0.0386670501332056,Kelch propeller
I601E,601,I,E,0.0171364131751029,Kelch propeller
I601F,601,I,F,0.0141075320900958,Kelch propeller
I601G,601,I,G,0.0758499333979186,Kelch propeller
I601H,601,I,H,0.0210674497457011,Kelch propeller
I601K,601,I,K,0.0365365403245338,Kelch propeller
I601L,601,I,L,0.0111005994187468,Kelch propeller
I601M,601,I,M,0.0203598026156454,Kelch propeller
I601N,601,I,N,0.0098245640590956,Kelch propeller
I601P,601,I,P,0.2383249576168581,Kelch propeller
I601Q,601,I,Q,0.0242113707919607,Kelch propeller
I601R,601,I,R,0.0447422196657787,Kelch propeller
I601S,601,I,S,0.0195356018406394,Kelch propeller
I601T,601,I,T,0.0002535420198609,Kelch propeller
I601V,601,I,V,0.0,Kelch propeller
I601W,601,I,W,0.0331860014531378,Kelch propeller
I601Y,601,I,Y,0.0179545592153063,Kelch propeller
E602A,602,E,A,0.0098442419472013,Kelch propeller
E602C,602,E,C,0.0209569508355534,Kelch propeller
E602D,602,E,D,0.0068380661177026,Kelch propeller
E602F,602,E,F,0.0425155909421167,Kelch propeller
E602G,602,E,G,0.0047007447323807,Kelch propeller
E602H,602,E,H,0.0,Kelch propeller
E602I,602,E,I,0.0549716941147978,Kelch propeller
E602K,602,E,K,0.0682762170016954,Kelch propeller
E602L,602,E,L,0.0458350992976508,Kelch propeller
E602M,602,E,M,0.0520941813998533,Kelch propeller
E602N,602,E,N,0.0360430794381206,Kelch propeller
E602P,602,E,P,0.2304144465972379,Kelch propeller
E602Q,602,E,Q,0.0017838762412206,Kelch propeller
E602R,602,E,R,0.0372252664083313,Kelch propeller
E602S,602,E,S,0.0183708222329848,Kelch propeller
E602T,602,E,T,0.0312182126422849,Kelch propeller
E602V,602,E,V,0.061070325744731,Kelch propeller
E602W,602,E,W,0.0435933337369823,Kelch propeller
E602Y,602,E,Y,0.052097208767256,Kelch propeller
V603A,603,V,A,0.1308935274884975,Kelch propeller
V603C,603,V,C,0.1419328227173666,Kelch propeller
V603D,603,V,D,0.1159375756841852,Kelch propeller
V603E,603,V,E,0.1307133991281197,Kelch propeller
V603F,603,V,F,0.090246579074838,Kelch propeller
V603G,603,V,G,0.1912327440058142,Kelch propeller
V603H,603,V,H,0.1170645131993234,Kelch propeller
V603I,603,V,I,0.0540604565270041,Kelch propeller
V603K,603,V,K,0.1186939937030759,Kelch propeller
V603L,603,V,L,0.1146955982077986,Kelch propeller
V603M,603,V,M,0.1903956769193526,Kelch propeller
V603N,603,V,N,0.1294207132477599,Kelch propeller
V603P,603,V,P,0.3219241947202731,Kelch propeller
V603Q,603,V,Q,0.1247358621942374,Kelch propeller
V603R,603,V,R,0.1194266166141938,Kelch propeller
V603S,603,V,S,0.1624091789779624,Kelch propeller
V603T,603,V,T,0.1164113586824898,Kelch propeller
V603W,603,V,W,0.0,Kelch propeller
V603Y,603,V,Y,0.0535329377573277,Kelch propeller
Y604A,604,Y,A,0.0612353172681023,Kelch propeller
Y604C,604,Y,C,0.0323678554129315,Kelch propeller
Y604D,604,Y,D,0.2338338580770151,Kelch propeller
Y604E,604,Y,E,0.0959826834584646,Kelch propeller
Y604F,604,Y,F,0.0,Kelch propeller
Y604G,604,Y,G,0.0653260474691209,Kelch propeller
Y604H,604,Y,H,0.0413947081617825,Kelch propeller
Y604I,604,Y,I,0.0297559941874546,Kelch propeller
Y604K,604,Y,K,0.1100697808186003,Kelch propeller
Y604L,604,Y,L,0.0313188726083797,Kelch propeller
Y604M,604,Y,M,0.0106245458948884,Kelch propeller
Y604N,604,Y,N,0.1754669714216505,Kelch propeller
Y604P,604,Y,P,0.1543541111649312,Kelch propeller
Y604Q,604,Y,Q,0.0425458646161298,Kelch propeller
Y604R,604,Y,R,0.182220271252118,Kelch propeller
Y604S,604,Y,S,0.135772886897554,Kelch propeller
Y604T,604,Y,T,0.0903275611528202,Kelch propeller
Y604V,604,Y,V,0.0285246124969712,Kelch propeller
Y604W,604,Y,W,0.0250628178735771,Kelch propeller
E605A,605,E,A,0.0535026640833146,Kelch propeller
E605C,605,E,C,0.05858788447566,Kelch propeller
E605D,605,E,D,0.0,Kelch propeller
E605F,605,E,F,0.0358712763380964,Kelch propeller
E605G,605,E,G,0.0463346149188666,Kelch propeller
E605H,605,E,H,0.0228430007265696,Kelch propeller
E605I,605,E,I,0.0229610680552192,Kelch propeller
E605K,605,E,K,0.0458941329619777,Kelch propeller
E605L,605,E,L,0.0328484499878919,Kelch propeller
E605M,605,E,M,0.0219355473480261,Kelch propeller
E605N,605,E,N,0.0270972087672574,Kelch propeller
E605P,605,E,P,0.0996049285541308,Kelch propeller
E605Q,605,E,Q,0.0340722632598706,Kelch propeller
E605R,605,E,R,0.0415279123274415,Kelch propeller
E605S,605,E,S,0.0370307580527987,Kelch propeller
E605T,605,E,T,0.0331943267134914,Kelch propeller
E605V,605,E,V,0.0189498062484877,Kelch propeller
E605W,605,E,W,0.0292216638411252,Kelch propeller
E605Y,605,E,Y,0.0518164204407847,Kelch propeller
E606A,606,E,A,0.0110112920804083,Kelch propeller
E606C,606,E,C,0.0268088520222828,Kelch propeller
E606D,606,E,D,0.0,Kelch propeller
E606F,606,E,F,0.0652450653911373,Kelch propeller
E606G,606,E,G,0.0153964337612026,Kelch propeller
E606H,606,E,H,0.0193297408573518,Kelch propeller
E606I,606,E,I,0.0871965064180204,Kelch propeller
E606K,606,E,K,0.0089322475175601,Kelch propeller
E606L,606,E,L,0.059709524097846,Kelch propeller
E606M,606,E,M,0.0868354928554144,Kelch propeller
E606N,606,E,N,0.0364684245580044,Kelch propeller
E606P,606,E,P,0.0383968575926389,Kelch propeller
E606Q,606,E,Q,0.0113064604020358,Kelch propeller
E606R,606,E,R,0.0364245277306854,Kelch propeller
E606S,606,E,S,0.0170387805764121,Kelch propeller
E606T,606,E,T,0.0856760111407135,Kelch propeller
E606V,606,E,V,0.0485196173407619,Kelch propeller
E606W,606,E,W,0.021045501332043,Kelch propeller
E606Y,606,E,Y,0.0412917776701395,Kelch propeller
K607A,607,K,A,0.0051117098571082,Kelch propeller
K607C,607,K,C,0.0165998123032211,Kelch propeller
K607D,607,K,D,0.0241205497699215,Kelch propeller
K607E,607,K,E,0.0316443146040218,Kelch propeller
K607F,607,K,F,0.0278654032453393,Kelch propeller
K607G,607,K,G,0.0264879510777442,Kelch propeller
K607H,607,K,H,0.0263358258658285,Kelch propeller
K607I,607,K,I,0.011706072899007,Kelch propeller
K607L,607,K,L,0.0220725357229367,Kelch propeller
K607M,607,K,M,0.0202962279002179,Kelch propeller
K607N,607,K,N,0.0198065512230564,Kelch propeller
K607P,607,K,P,0.0612459130540097,Kelch propeller
K607Q,607,K,Q,0.0158944356987164,Kelch propeller
K607R,607,K,R,0.0176889077258416,Kelch propeller
K607S,607,K,S,0.0,Kelch propeller
K607T,607,K,T,0.0061470695083569,Kelch propeller
K607V,607,K,V,0.0285344514410269,Kelch propeller
K607W,607,K,W,0.0345589125696309,Kelch propeller
K607Y,607,K,Y,0.0566995640590942,Kelch propeller
M608A,608,M,A,0.0152768527488482,Kelch propeller
M608C,608,M,C,0.0467758537176058,Kelch propeller
M608D,608,M,D,0.0295266711068041,Kelch propeller
M608E,608,M,E,0.0031961431339293,Kelch propeller
M608F,608,M,F,0.0526777064664568,Kelch propeller
M608G,608,M,G,0.0747381327197869,Kelch propeller
M608H,608,M,H,0.040108833858077,Kelch propeller
M608I,608,M,I,0.0005184366674739,Kelch propeller
M608K,608,M,K,0.0169736921772812,Kelch propeller
M608L,608,M,L,0.0225077197868733,Kelch propeller
M608N,608,M,N,0.0290755933640106,Kelch propeller
M608P,608,M,P,0.0846058367643498,Kelch propeller
M608Q,608,M,Q,0.0,Kelch propeller
M608R,608,M,R,0.0241720150157423,Kelch propeller
M608S,608,M,S,0.0100432913538373,Kelch propeller
M608T,608,M,T,0.0335212823928312,Kelch propeller
M608V,608,M,V,0.0060229474449019,Kelch propeller
M608W,608,M,W,0.0266960825865827,Kelch propeller
M608Y,608,M,Y,0.0478808428190831,Kelch propeller
N609A,609,N,A,0.0418760595785891,Kelch propeller
N609C,609,N,C,0.0476787660450473,Kelch propeller
N609D,609,N,D,0.0026837612012579,Kelch propeller
N609E,609,N,E,0.0015280636958087,Kelch propeller
N609F,609,N,F,0.0396524582223299,Kelch propeller
N609G,609,N,G,0.0039257386776445,Kelch propeller
N609H,609,N,H,0.0477816965366903,Kelch propeller
N609I,609,N,I,0.093040082344392,Kelch propeller
N609K,609,N,K,0.0194879208040674,Kelch propeller
N609L,609,N,L,0.0521289961249698,Kelch propeller
N609M,609,N,M,0.0248720937272947,Kelch propeller
N609P,609,N,P,0.0,Kelch propeller
N609Q,609,N,Q,0.032744005812544,Kelch propeller
N609R,609,N,R,0.0264364858319205,Kelch propeller
N609S,609,N,S,0.0300178614676663,Kelch propeller
N609T,609,N,T,0.0655152579317012,Kelch propeller
N609V,609,N,V,0.085086431339306,Kelch propeller
N609W,609,N,W,0.0558481169774764,Kelch propeller
N609Y,609,N,Y,0.0250363284088143,Kelch propeller
K610A,610,K,A,0.0299747214821991,Kelch propeller
K610C,610,K,C,0.010284723904093,Kelch propeller
K610D,610,K,D,0.0140280636958115,Kelch propeller
K610E,610,K,E,0.0152715548558987,Kelch propeller
K610F,610,K,F,0.0010633627997093,Kelch propeller
K610G,610,K,G,0.082410995398403,Kelch propeller
K610H,610,K,H,0.0346974146282393,Kelch propeller
K610I,610,K,I,0.0065270041172196,Kelch propeller
K610L,610,K,L,0.00458343424558,Kelch propeller
K610M,610,K,M,0.0255683882295955,Kelch propeller
K610N,610,K,N,0.0093697021070491,Kelch propeller
K610P,610,K,P,0.1741054129329138,Kelch propeller
K610Q,610,K,Q,0.0039325502543002,Kelch propeller
K610R,610,K,R,0.0208290445628495,Kelch propeller
K610S,610,K,S,0.0196233954952787,Kelch propeller
K610T,610,K,T,0.009809427222089,Kelch propeller
K610V,610,K,V,0.0,Kelch propeller
K610W,610,K,W,0.0196097723419714,Kelch propeller
K610Y,610,K,Y,0.0194099660934865,Kelch propeller
W611A,611,W,A,0.0943085492855428,Kelch propeller
W611C,611,W,C,0.0826615100508599,Kelch propeller
W611D,611,W,D,0.1854913417292325,Kelch propeller
W611E,611,W,E,0.1542822111891501,Kelch propeller
W611F,611,W,F,0.0,Kelch propeller
W611G,611,W,G,0.0980655122305658,Kelch propeller
W611H,611,W,H,0.0192343787842092,Kelch propeller
W611I,611,W,I,0.0688461189149916,Kelch propeller
W611K,611,W,K,0.1604519859530155,Kelch propeller
W611L,611,W,L,0.0182762170016967,Kelch propeller
W611M,611,W,M,0.0211605412932913,Kelch propeller
W611N,611,W,N,0.1462400096875773,Kelch propeller
W611P,611,W,P,0.1498153305885204,Kelch propeller
W611Q,611,W,Q,0.1052343182368613,Kelch propeller
W611R,611,W,R,0.1053690360862195,Kelch propeller
W611S,611,W,S,0.1103361891499168,Kelch propeller
W611T,611,W,T,0.1059389379995171,Kelch propeller
W611V,611,W,V,0.1318683397917173,Kelch propeller
W611Y,611,W,Y,0.0458199624606457,Kelch propeller
E612A,612,E,A,0.0141877573262277,Kelch propeller
E612C,612,E,C,0.0151572717364979,Kelch propeller
E612D,612,E,D,0.0235067510293035,Kelch propeller
E612F,612,E,F,0.0594052736740131,Kelch propeller
E612G,612,E,G,0.0621215790748352,Kelch propeller
E612H,612,E,H,0.0688302252361347,Kelch propeller
E612I,612,E,I,0.0533104262533301,Kelch propeller
E612K,612,E,K,0.0586196718333737,Kelch propeller
E612L,612,E,L,0.0541921470089596,Kelch propeller
E612M,612,E,M,0.0420629995156198,Kelch propeller
E612N,612,E,N,0.0178213550496488,Kelch propeller
E612P,612,E,P,0.0742537539355777,Kelch propeller
E612Q,612,E,Q,0.035245368127876,Kelch propeller
E612R,612,E,R,0.0386034754177767,Kelch propeller
E612S,612,E,S,0.006390015742309,Kelch propeller
E612T,612,E,T,0.0,Kelch propeller
E612V,612,E,V,0.0334486255751998,Kelch propeller
E612W,612,E,W,0.0626521252119158,Kelch propeller
E612Y,612,E,Y,0.074057731896343,Kelch propeller
Q613A,613,Q,A,0.0233160268830239,Kelch propeller
Q613C,613,Q,C,0.0248032211189164,Kelch propeller
Q613D,613,Q,D,0.0391605110196188,Kelch propeller
Q613E,613,Q,E,0.0420970573988859,Kelch propeller
Q613F,613,Q,F,0.0,Kelch propeller
Q613G,613,Q,G,0.0332200593364011,Kelch propeller
Q613H,613,Q,H,0.0166913901671121,Kelch propeller
Q613I,613,Q,I,0.002135807701624,Kelch propeller
Q613K,613,Q,K,0.030261564543473,Kelch propeller
Q613L,613,Q,L,0.0310728990070235,Kelch propeller
Q613M,613,Q,M,0.0185403548074608,Kelch propeller
Q613N,613,Q,N,0.026950381448294,Kelch propeller
Q613P,613,Q,P,0.0325949079680324,Kelch propeller
Q613R,613,Q,R,0.0446922681036571,Kelch propeller
Q613S,613,Q,S,0.0150914264955209,Kelch propeller
Q613T,613,Q,T,0.0248266832162765,Kelch propeller
Q613V,613,Q,V,0.0223306187938982,Kelch propeller
Q613W,613,Q,W,0.0891105594574973,Kelch propeller
Q613Y,613,Q,Y,0.0265681763138789,Kelch propeller
F614A,614,F,A,0.0872025611528216,Kelch propeller
F614C,614,F,C,0.0819591608137578,Kelch propeller
F614D,614,F,D,0.1081088035844031,Kelch propeller
F614E,614,F,E,0.0780326652942616,Kelch propeller
F614G,614,F,G,0.131703348268346,Kelch propeller
F614H,614,F,H,0.0,Kelch propeller
F614I,614,F,I,0.0413349176556067,Kelch propeller
F614K,614,F,K,0.0556210644223797,Kelch propeller
F614L,614,F,L,0.0537773976749819,Kelch propeller
F614M,614,F,M,0.0655167716154047,Kelch propeller
F614N,614,F,N,0.0728679765076304,Kelch propeller
F614P,614,F,P,0.0903381569387262,Kelch propeller
F614Q,614,F,Q,0.0682663780576425,Kelch propeller
F614R,614,F,R,0.0928781181884234,Kelch propeller
F614S,614,F,S,0.0878920440784709,Kelch propeller
F614T,614,F,T,0.0689649430854929,Kelch propeller
F614V,614,F,V,0.0518905909421168,Kelch propeller
F614W,614,F,W,0.0438271978687348,Kelch propeller
F614Y,614,F,Y,0.066311455558248,Kelch propeller
P615A,615,P,A,0.0041323565027851,Kelch propeller
P615C,615,P,C,0.0248857168806006,Kelch propeller
P615D,615,P,D,0.0214572232986181,Kelch propeller
P615E,615,P,E,0.0512911721966578,Kelch propeller
P615F,615,P,F,0.0174959130540068,Kelch propeller
P615G,615,P,G,0.0533641620247033,Kelch propeller
P615H,615,P,H,0.0201100448050361,Kelch propeller
P615I,615,P,I,0.0323428796318707,Kelch propeller
P615K,615,P,K,0.0216577863889561,Kelch propeller
P615L,615,P,L,0.0094461431339307,Kelch propeller
P615M,615,P,M,0.027455951804311,Kelch propeller
P615N,615,P,N,0.0174558004359409,Kelch propeller
P615Q,615,P,Q,0.0202803342213611,Kelch propeller
P615R,615,P,R,0.0229943690966321,Kelch propeller
P615S,615,P,S,0.0351999576168564,Kelch propeller
P615T,615,P,T,0.0242757023492371,Kelch propeller
P615V,615,P,V,0.0302222087672546,Kelch propeller
P615W,615,P,W,0.0,Kelch propeller
P615Y,615,P,Y,0.0038727597481216,Kelch propeller
Y616A,616,Y,A,0.1212059518043125,Kelch propeller
Y616C,616,Y,C,0.0467198474206844,Kelch propeller
Y616D,616,Y,D,0.0778343727294745,Kelch propeller
Y616E,616,Y,E,0.0724577682247518,Kelch propeller
Y616F,616,Y,F,0.0,Kelch propeller
Y616G,616,Y,G,0.0731374122063468,Kelch propeller
Y616H,616,Y,H,0.0710576108016484,Kelch propeller
Y616I,616,Y,I,0.0588270465003633,Kelch propeller
Y616K,616,Y,K,0.0766620247033195,Kelch propeller
Y616L,616,Y,L,0.0560986316299361,Kelch propeller
Y616M,616,Y,M,0.0171409542262063,Kelch propeller
Y616N,616,Y,N,0.0750544926132236,Kelch propeller
Y616P,616,Y,P,0.1676646887866328,Kelch propeller
Y616Q,616,Y,Q,0.0669562848147266,Kelch propeller
Y616R,616,Y,R,0.0869149612496988,Kelch propeller
Y616S,616,Y,S,0.050452591426497,Kelch propeller
Y616T,616,Y,T,0.0598699745701153,Kelch propeller
Y616V,616,Y,V,0.0670175890046031,Kelch propeller
Y616W,616,Y,W,0.0625582768224766,Kelch propeller
A617C,617,A,C,0.0614608561394997,Kelch propeller
A617D,617,A,D,0.0,Kelch propeller
A617E,617,A,E,0.0973389440542491,Kelch propeller
A617F,617,A,F,0.0716252421893922,Kelch propeller
A617G,617,A,G,0.1271350508597711,Kelch propeller
A617H,617,A,H,0.0934472632598679,Kelch propeller
A617I,617,A,I,0.087454589488979,Kelch propeller
A617K,617,A,K,0.0921379268588037,Kelch propeller
A617L,617,A,L,0.1082298982804554,Kelch propeller
A617M,617,A,M,0.0779615221603294,Kelch propeller
A617N,617,A,N,0.0598601356260596,Kelch propeller
A617P,617,A,P,0.058585613950109,Kelch propeller
A617Q,617,A,Q,0.1061917231775235,Kelch propeller
A617R,617,A,R,0.0823519617340761,Kelch propeller
A617S,617,A,S,0.0869248001937502,Kelch propeller
A617T,617,A,T,0.09245352991039,Kelch propeller
A617V,617,A,V,0.068205830709615,Kelch propeller
A617W,617,A,W,0.0704483531121323,Kelch propeller
A617Y,617,A,Y,0.082212702833616,Kelch propeller
L618A,618,L,A,0.0721149188665551,Kelch propeller
L618C,618,L,C,0.1602332586582724,Kelch propeller
L618D,618,L,D,0.0455164688786631,Kelch propeller
L618E,618,L,E,0.052390106563334,Kelch propeller
L618F,618,L,F,0.0415816480988147,Kelch propeller
L618G,618,L,G,0.0,Kelch propeller
L618H,618,L,H,0.053772099782031,Kelch propeller
L618I,618,L,I,0.0220263683700654,Kelch propeller
L618K,618,L,K,0.1815459251634795,Kelch propeller
L618M,618,L,M,0.1744278275611544,Kelch propeller
L618N,618,L,N,0.0396812182126437,Kelch propeller
L618P,618,L,P,0.0696279365463793,Kelch propeller
L618Q,618,L,Q,0.1543821143133947,Kelch propeller
L618R,618,L,R,0.115802857834827,Kelch propeller
L618S,618,L,S,0.0455573383385822,Kelch propeller
L618T,618,L,T,0.0468613768466955,Kelch propeller
L618V,618,L,V,0.1656643557762186,Kelch propeller
L618W,618,L,W,0.0311084705739903,Kelch propeller
L618Y,618,L,Y,0.0398227476386548,Kelch propeller
L619A,619,L,A,0.0317729777185773,Kelch propeller
L619C,619,L,C,0.0296803100024219,Kelch propeller
L619D,619,L,D,0.0297628057641089,Kelch propeller
L619E,619,L,E,0.0367953802373456,Kelch propeller
L619F,619,L,F,0.0094083010414158,Kelch propeller
L619G,619,L,G,0.0613866856381691,Kelch propeller
L619H,619,L,H,0.0288175102930492,Kelch propeller
L619I,619,L,I,0.0,Kelch propeller
L619K,619,L,K,0.03599539840155,Kelch propeller
L619M,619,L,M,0.029587975296682,Kelch propeller
L619N,619,L,N,0.0170425647856638,Kelch propeller
L619P,619,L,P,0.0540945144102703,Kelch propeller
L619Q,619,L,Q,0.0307482138532332,Kelch propeller
L619R,619,L,R,0.033266226689271,Kelch propeller
L619S,619,L,S,0.0406484620973616,Kelch propeller
L619T,619,L,T,0.0396093182368626,Kelch propeller
L619V,619,L,V,0.0204120247033194,Kelch propeller
L619W,619,L,W,0.0105359953984029,Kelch propeller
L619Y,619,L,Y,0.0370496790990569,Kelch propeller
E620A,620,E,A,0.0197293533543245,Kelch propeller
E620C,620,E,C,0.0387215427464291,Kelch propeller
E620D,620,E,D,0.0266188847178508,Kelch propeller
E620F,620,E,F,0.0272674981835795,Kelch propeller
E620G,620,E,G,0.0976416807943827,Kelch propeller
E620H,620,E,H,0.0378436062000499,Kelch propeller
E620I,620,E,I,0.0199253753935592,Kelch propeller
E620K,620,E,K,0.0502088883506903,Kelch propeller
E620L,620,E,L,0.0208373698232031,Kelch propeller
E620M,620,E,M,0.0291126786146767,Kelch propeller
E620N,620,E,N,0.0142816057156696,Kelch propeller
E620P,620,E,P,0.7006728324049416,Kelch propeller
E620Q,620,E,Q,0.0280016347783981,Kelch propeller
E620R,620,E,R,0.0524461128602582,Kelch propeller
E620S,620,E,S,0.0534201683216275,Kelch propeller
E620T,620,E,T,0.0417125817389213,Kelch propeller
E620V,620,E,V,0.0014190784693644,Kelch propeller
E620W,620,E,W,0.0,Kelch propeller
E620Y,620,E,Y,0.0116107108258672,Kelch propeller
A621C,621,A,C,0.0339882538144829,Kelch propeller
A621D,621,A,D,0.0252830588520209,Kelch propeller
A621E,621,A,E,0.0487027730685396,Kelch propeller
A621F,621,A,F,0.0110953015257931,Kelch propeller
A621G,621,A,G,0.0415771070477099,Kelch propeller
A621H,621,A,H,0.028276368370064,Kelch propeller
A621I,621,A,I,0.034250877936545,Kelch propeller
A621K,621,A,K,0.0420440784693616,Kelch propeller
A621L,621,A,L,0.0318766650520693,Kelch propeller
A621M,621,A,M,0.0370928190845227,Kelch propeller
A621N,621,A,N,0.038175859772342,Kelch propeller
A621P,621,A,P,0.0538697323807218,Kelch propeller
A621Q,621,A,Q,0.0294918563816905,Kelch propeller
A621R,621,A,R,0.1007568418503271,Kelch propeller
A621S,621,A,S,0.0,Kelch propeller
A621T,621,A,T,0.0056240917897782,Kelch propeller
A621V,621,A,V,0.0389274037297166,Kelch propeller
A621W,621,A,W,0.0472821809154759,Kelch propeller
A621Y,621,A,Y,0.0104201985953015,Kelch propeller
R622A,622,R,A,0.0479762048922257,Kelch propeller
R622C,622,R,C,0.0244028517800934,Kelch propeller
R622D,622,R,D,0.1514962763380966,Kelch propeller
R622E,622,R,E,0.1019261625090822,Kelch propeller
R622F,622,R,F,0.022388895616372,Kelch propeller
R622G,622,R,G,0.0843205073867765,Kelch propeller
R622H,622,R,H,0.0284708767255994,Kelch propeller
R622I,622,R,I,0.0195386292080421,Kelch propeller
R622K,622,R,K,0.0296666868491174,Kelch propeller
R622L,622,R,L,0.0267233288931959,Kelch propeller
R622M,622,R,M,0.0392581436183109,Kelch propeller
R622N,622,R,N,0.0420493763623168,Kelch propeller
R622P,622,R,P,0.1949215911843078,Kelch propeller
R622Q,622,R,Q,0.0144238919835311,Kelch propeller
R622S,622,R,S,0.0477249333979172,Kelch propeller
R622T,622,R,T,0.0233220816178265,Kelch propeller
R622V,622,R,V,0.0,Kelch propeller
R622W,622,R,W,0.0462816359893451,Kelch propeller
R622Y,622,R,Y,0.0445817691935093,Kelch propeller
S623A,623,S,A,0.0129094514410283,Kelch propeller
S623C,623,S,C,0.0092319568902882,Kelch propeller
S623D,623,S,D,0.0147818781787357,Kelch propeller
S623E,623,S,E,0.019694538629208,Kelch propeller
S623F,623,S,F,0.0073640712036812,Kelch propeller
S623G,623,S,G,0.0549111467667731,Kelch propeller
S623H,623,S,H,0.0227991038992506,Kelch propeller
S623I,623,S,I,0.1001907241462825,Kelch propeller
S623K,623,S,K,0.054517589004603,Kelch propeller
S623L,623,S,L,0.0835349055461372,Kelch propeller
S623M,623,S,M,0.0090692358924693,Kelch propeller
S623N,623,S,N,0.0112905667231789,Kelch propeller
S623P,623,S,P,0.0385217364979428,Kelch propeller
S623Q,623,S,Q,0.007445810123518,Kelch propeller
S623R,623,S,R,0.0870330285783498,Kelch propeller
S623T,623,S,T,0.0002989525308805,Kelch propeller
S623V,623,S,V,0.0430196476144345,Kelch propeller
S623W,623,S,W,0.0,Kelch propeller
S623Y,623,S,Y,0.0178274097844528,Kelch propeller
S624A,624,S,A,0.0,Kelch propeller
S624C,624,S,C,0.0246420138047967,Kelch propeller
S624D,624,S,D,0.0315073262291126,Kelch propeller
S624E,624,S,E,0.0127928977960765,Kelch propeller
S624F,624,S,F,0.0173468152094952,Kelch propeller
S624G,624,S,G,0.0487557519980639,Kelch propeller
S624H,624,S,H,0.0209100266408345,Kelch propeller
S624I,624,S,I,0.0130063271978701,Kelch propeller
S624K,624,S,K,0.0144254056672332,Kelch propeller
S624L,624,S,L,0.0227075260353596,Kelch propeller
S624M,624,S,M,0.0242166686849116,Kelch propeller
S624N,624,S,N,0.0308738496003889,Kelch propeller
S624P,624,S,P,0.3059306127391624,Kelch propeller
S624Q,624,S,Q,0.0073686122547832,Kelch propeller
S624R,624,S,R,0.0392498183579573,Kelch propeller
S624T,624,S,T,0.0307678917413431,Kelch propeller
S624V,624,S,V,0.0152276580285797,Kelch propeller
S624W,624,S,W,0.0382371639622199,Kelch propeller
S624Y,624,S,Y,0.0060721421651745,Kelch propeller
G625A,625,G,A,0.0361952046500377,Kelch propeller
G625C,625,G,C,0.0,Kelch propeller
G625D,625,G,D,0.0704286752240267,Kelch propeller
G625E,625,G,E,0.1082874182610817,Kelch propeller
G625F,625,G,F,0.1641045047226934,Kelch propeller
G625H,625,G,H,0.0349517134899505,Kelch propeller
G625I,625,G,I,0.0587384960038765,Kelch propeller
G625K,625,G,K,0.192397523613466,Kelch propeller
G625L,625,G,L,0.0615743824170516,Kelch propeller
G625M,625,G,M,0.0430196476144345,Kelch propeller
G625N,625,G,N,0.0203189331557292,Kelch propeller
G625P,625,G,P,0.0422968636473737,Kelch propeller
G625Q,625,G,Q,0.0403608621942359,Kelch propeller
G625R,625,G,R,0.1850130176798273,Kelch propeller
G625S,625,G,S,0.1037751271494324,Kelch propeller
G625T,625,G,T,0.0129578893194492,Kelch propeller
G625V,625,G,V,0.0671538205376605,Kelch propeller
G625W,625,G,W,0.2357108258658288,Kelch propeller
G625Y,625,G,Y,0.1339867401307838,Kelch propeller
A626C,626,A,C,0.0,Kelch propeller
A626D,626,A,D,0.0560963611043837,Kelch propeller
A626E,626,A,E,0.0813113041898751,Kelch propeller
A626F,626,A,F,0.0341880600629692,Kelch propeller
A626G,626,A,G,0.0128367946233955,Kelch propeller
A626H,626,A,H,0.0214201380479521,Kelch propeller
A626I,626,A,I,0.062898098813272,Kelch propeller
A626K,626,A,K,0.0621336885444404,Kelch propeller
A626L,626,A,L,0.0813642831193994,Kelch propeller
A626M,626,A,M,0.1109469605231278,Kelch propeller
A626N,626,A,N,0.0349138713974328,Kelch propeller
A626P,626,A,P,0.1625469241947205,Kelch propeller
A626Q,626,A,Q,0.0493589549527717,Kelch propeller
A626R,626,A,R,0.0644102688302253,Kelch propeller
A626S,626,A,S,0.0101424376362315,Kelch propeller
A626T,626,A,T,0.025870368127876,Kelch propeller
A626V,626,A,V,0.016175980867038,Kelch propeller
A626W,626,A,W,0.0458131508839913,Kelch propeller
A626Y,626,A,Y,0.03766196415597,Kelch propeller
A627C,627,A,C,0.0,Kelch propeller
A627D,627,A,D,0.0482971058367644,Kelch propeller
A627E,627,A,E,0.079035480745942,Kelch propeller
A627F,627,A,F,0.0724835008476615,Kelch propeller
A627G,627,A,G,0.053588944054249,Kelch propeller
A627H,627,A,H,0.1070250060547349,Kelch propeller
A627I,627,A,I,0.0436622063453607,Kelch propeller
A627K,627,A,K,0.1465904274642758,Kelch propeller
A627L,627,A,L,0.0644942782756102,Kelch propeller
A627M,627,A,M,0.0665559154759008,Kelch propeller
A627N,627,A,N,0.1133605291838219,Kelch propeller
A627P,627,A,P,0.1673589246790993,Kelch propeller
A627Q,627,A,Q,0.0713800254298862,Kelch propeller
A627R,627,A,R,0.1293321627512702,Kelch propeller
A627S,627,A,S,0.0758098207798499,Kelch propeller
A627T,627,A,T,0.0671182489706951,Kelch propeller
A627V,627,A,V,0.0508098207798485,Kelch propeller
A627W,627,A,W,0.1194039113586812,Kelch propeller
A627Y,627,A,Y,0.1047151247275356,Kelch propeller
F628A,628,F,A,0.0229270101719559,Kelch propeller
F628C,628,F,C,0.0430400823443947,Kelch propeller
F628D,628,F,D,0.0279569811092288,Kelch propeller
F628E,628,F,E,0.0683027064664582,Kelch propeller
F628G,628,F,G,0.0513630721724403,Kelch propeller
F628H,628,F,H,0.008151943569873,Kelch propeller
F628I,628,F,I,0.0882386776459192,Kelch propeller
F628K,628,F,K,0.0758703681278761,Kelch propeller
F628L,628,F,L,0.0159065451683216,Kelch propeller
F628M,628,F,M,0.0,Kelch propeller
F628N,628,F,N,0.0575078711552448,Kelch propeller
F628P,628,F,P,0.1840488011625107,Kelch propeller
F628Q,628,F,Q,0.0809563453620732,Kelch propeller
F628R,628,F,R,0.0405629389682746,Kelch propeller
F628S,628,F,S,0.0401580285783483,Kelch propeller
F628T,628,F,T,0.0677426434972163,Kelch propeller
F628V,628,F,V,0.0982895374182612,Kelch propeller
F628W,628,F,W,0.0215609106321157,Kelch propeller
F628Y,628,F,Y,0.0311977779123274,Kelch propeller
N629A,629,N,A,0.0386367764591897,Kelch propeller
N629C,629,N,C,0.049335492855413,Kelch propeller
N629D,629,N,D,0.0,Kelch propeller
N629E,629,N,E,0.0834418139985469,Kelch propeller
N629F,629,N,F,0.0691284209251635,Kelch propeller
N629G,629,N,G,0.0514395131993219,Kelch propeller
N629H,629,N,H,0.0603604080891243,Kelch propeller
N629I,629,N,I,0.0554439634294018,Kelch propeller
N629K,629,N,K,0.0683806611770405,Kelch propeller
N629L,629,N,L,0.1107940784693631,Kelch propeller
N629M,629,N,M,0.0497214821990783,Kelch propeller
N629P,629,N,P,0.0962755812545397,Kelch propeller
N629Q,629,N,Q,0.0563998546863634,Kelch propeller
N629R,629,N,R,0.0658656757084026,Kelch propeller
N629S,629,N,S,0.0203840215548559,Kelch propeller
N629T,629,N,T,0.0523136655364495,Kelch propeller
N629V,629,N,V,0.0735029668200533,Kelch propeller
N629W,629,N,W,0.0944455376604506,Kelch propeller
N629Y,629,N,Y,0.0904607653184791,Kelch propeller
Y630A,630,Y,A,0.0074321869702107,Kelch propeller
Y630C,630,Y,C,0.01229489585856,Kelch propeller
Y630D,630,Y,D,0.0779940663598935,Kelch propeller
Y630E,630,Y,E,0.0645548256236377,Kelch propeller
Y630F,630,Y,F,0.0435411116493084,Kelch propeller
Y630G,630,Y,G,0.0212127633809625,Kelch propeller
Y630H,630,Y,H,0.0032332283845953,Kelch propeller
Y630I,630,Y,I,0.068404880116251,Kelch propeller
Y630K,630,Y,K,0.0518822656817632,Kelch propeller
Y630L,630,Y,L,0.0157150641801889,Kelch propeller
Y630M,630,Y,M,0.0,Kelch propeller
Y630N,630,Y,N,0.0359257689513185,Kelch propeller
Y630P,630,Y,P,0.0649824412690711,Kelch propeller
Y630Q,630,Y,Q,0.0307345906999259,Kelch propeller
Y630R,630,Y,R,0.0133075502542974,Kelch propeller
Y630S,630,Y,S,0.0159988798740615,Kelch propeller
Y630T,630,Y,T,0.1588648885928798,Kelch propeller
Y630V,630,Y,V,0.0585326350205861,Kelch propeller
Y630W,630,Y,W,0.0104088459675466,Kelch propeller
L631A,631,L,A,0.0,Kelch propeller
L631C,631,L,C,0.0222163356744974,Kelch propeller
L631D,631,L,D,0.0648787539355777,Kelch propeller
L631E,631,L,E,0.070172105836763,Kelch propeller
L631F,631,L,F,0.0397508476628724,Kelch propeller
L631G,631,L,G,0.0459970634536208,Kelch propeller
L631H,631,L,H,0.0680809518043096,Kelch propeller
L631I,631,L,I,0.0403078832647116,Kelch propeller
L631K,631,L,K,0.1090435032695555,Kelch propeller
L631M,631,L,M,0.0473957071930236,Kelch propeller
L631N,631,L,N,0.0401307822717351,Kelch propeller
L631P,631,L,P,0.0527518769677874,Kelch propeller
L631Q,631,L,Q,0.090356321143134,Kelch propeller
L631R,631,L,R,0.0685464095422607,Kelch propeller
L631S,631,L,S,0.0004041535480745,Kelch propeller
L631T,631,L,T,0.0234242552676179,Kelch propeller
L631V,631,L,V,0.0268845362073141,Kelch propeller
L631W,631,L,W,0.0430537054976992,Kelch propeller
L631Y,631,L,Y,0.0560025127149431,Kelch propeller
N632A,632,N,A,0.0,Kelch propeller
N632C,632,N,C,0.0065951198837491,Kelch propeller
N632D,632,N,D,0.0495080527972875,Kelch propeller
N632E,632,N,E,0.0321362618067315,Kelch propeller
N632F,632,N,F,0.0354527427948642,Kelch propeller
N632G,632,N,G,0.0548513562605944,Kelch propeller
N632H,632,N,H,0.0363927403729703,Kelch propeller
N632I,632,N,I,0.0360672983773297,Kelch propeller
N632K,632,N,K,0.0568191450714445,Kelch propeller
N632L,632,N,L,0.0337528759990298,Kelch propeller
N632M,632,N,M,0.0270919108743023,Kelch propeller
N632P,632,N,P,0.1274869823201731,Kelch propeller
N632Q,632,N,Q,0.022380570356017,Kelch propeller
N632R,632,N,R,0.0286366250908196,Kelch propeller
N632S,632,N,S,0.0069553766045033,Kelch propeller
N632T,632,N,T,0.0155455316057156,Kelch propeller
N632V,632,N,V,0.0167890227658014,Kelch propeller
N632W,632,N,W,0.0356540627270512,Kelch propeller
N632Y,632,N,Y,0.0421417110680552,Kelch propeller
Q633A,633,Q,A,0.04335644223783,Kelch propeller
Q633C,633,Q,C,0.0644329740857365,Kelch propeller
Q633D,633,Q,D,0.0610589731169775,Kelch propeller
Q633E,633,Q,E,0.0705603657059821,Kelch propeller
Q633F,633,Q,F,0.0187265379026413,Kelch propeller
Q633G,633,Q,G,0.1057883264713007,Kelch propeller
Q633H,633,Q,H,0.0553735771373228,Kelch propeller
Q633I,633,Q,I,0.0308806611770419,Kelch propeller
Q633K,633,Q,K,0.076992007750062,Kelch propeller
Q633L,633,Q,L,0.0547756720755645,Kelch propeller
Q633M,633,Q,M,0.0389705437151853,Kelch propeller
Q633N,633,Q,N,0.0313922862678615,Kelch propeller
Q633P,633,Q,P,0.0251460704771145,Kelch propeller
Q633R,633,Q,R,0.0619036086219438,Kelch propeller
Q633S,633,Q,S,0.0477325018164219,Kelch propeller
Q633T,633,Q,T,0.0085235529183821,Kelch propeller
Q633V,633,Q,V,0.0,Kelch propeller
Q633W,633,Q,W,0.012810305158634,Kelch propeller
Q633Y,633,Q,Y,0.0072641680794381,Kelch propeller
I634A,634,I,A,0.0708290445628468,Kelch propeller
I634C,634,I,C,0.0233099721482199,Kelch propeller
I634D,634,I,D,0.0982812121579062,Kelch propeller
I634E,634,I,E,0.1353225659966095,Kelch propeller
I634F,634,I,F,0.0,Kelch propeller
I634G,634,I,G,0.119433428190844,Kelch propeller
I634H,634,I,H,0.07310184063938,Kelch propeller
I634K,634,I,K,0.056165233712762,Kelch propeller
I634L,634,I,L,0.0501801283603764,Kelch propeller
I634M,634,I,M,0.044465215548559,Kelch propeller
I634N,634,I,N,0.0495027549043352,Kelch propeller
I634P,634,I,P,0.0867386170985712,Kelch propeller
I634Q,634,I,Q,0.0643557762170017,Kelch propeller
I634R,634,I,R,0.0202235710825866,Kelch propeller
I634S,634,I,S,0.061992915960281,Kelch propeller
I634T,634,I,T,0.0422983773310729,Kelch propeller
I634V,634,I,V,0.0468757568418503,Kelch propeller
I634W,634,I,W,0.0716108621942345,Kelch propeller
I634Y,634,I,Y,0.024359711794622,Kelch propeller
Y635A,635,Y,A,0.1193456345362074,Kelch propeller
Y635C,635,Y,C,0.1345906999273419,Kelch propeller
Y635D,635,Y,D,0.1203378542019847,Kelch propeller
Y635E,635,Y,E,0.0750635747154275,Kelch propeller
Y635F,635,Y,F,0.0,Kelch propeller
Y635G,635,Y,G,0.1865834645192529,Kelch propeller
Y635H,635,Y,H,0.0722655303947688,Kelch propeller
Y635I,635,Y,I,0.0761980806490676,Kelch propeller
Y635K,635,Y,K,0.1018292867522389,Kelch propeller
Y635L,635,Y,L,0.0747025611528216,Kelch propeller
Y635M,635,Y,M,0.0621609348510536,Kelch propeller
Y635N,635,Y,N,0.0593621336885445,Kelch propeller
Y635P,635,Y,P,0.1268383688544429,Kelch propeller
Y635Q,635,Y,Q,0.1029108137563576,Kelch propeller
Y635R,635,Y,R,0.1164121155243401,Kelch propeller
Y635S,635,Y,S,0.0723162387987407,Kelch propeller
Y635T,635,Y,T,0.1111596330830711,Kelch propeller
Y635V,635,Y,V,0.1211968697021072,Kelch propeller
Y635W,635,Y,W,0.0206950835553388,Kelch propeller
V636A,636,V,A,0.051581042625333,Kelch propeller
V636C,636,V,C,0.0313438483894405,Kelch propeller
V636D,636,V,D,0.0634377270525566,Kelch propeller
V636E,636,V,E,0.086693206587553,Kelch propeller
V636F,636,V,F,0.0364086340518299,Kelch propeller
V636G,636,V,G,0.1627437030758055,Kelch propeller
V636H,636,V,H,0.05270495277307,Kelch propeller
V636I,636,V,I,0.0178637381932685,Kelch propeller
V636K,636,V,K,0.1197929280697507,Kelch propeller
V636L,636,V,L,0.0,Kelch propeller
V636M,636,V,M,0.0397175466214594,Kelch propeller
V636N,636,V,N,0.0683428190845241,Kelch propeller
V636P,636,V,P,0.0962521191571824,Kelch propeller
V636Q,636,V,Q,0.0318933155727793,Kelch propeller
V636R,636,V,R,0.1149589791717124,Kelch propeller
V636S,636,V,S,0.0911903608621957,Kelch propeller
V636T,636,V,T,0.0349623092758537,Kelch propeller
V636W,636,V,W,0.0717364979413902,Kelch propeller
V636Y,636,V,Y,0.0343984620973615,Kelch propeller
V637A,637,V,A,0.1106139501089839,Kelch propeller
V637C,637,V,C,0.0603127270525537,Kelch propeller
V637D,637,V,D,0.1123486316299333,Kelch propeller
V637E,637,V,E,0.1003708525066603,Kelch propeller
V637F,637,V,F,0.0974850145313636,Kelch propeller
V637G,637,V,G,0.4446218818115773,Kelch propeller
V637H,637,V,H,0.133667352869943,Kelch propeller
V637I,637,V,I,0.0,Kelch propeller
V637K,637,V,K,0.1547355594574945,Kelch propeller
V637L,637,V,L,0.0218893799951548,Kelch propeller
V637M,637,V,M,0.0341449200775006,Kelch propeller
V637N,637,V,N,0.1050201319932188,Kelch propeller
V637P,637,V,P,0.1348419714216505,Kelch propeller
V637Q,637,V,Q,0.1020926677161541,Kelch propeller
V637R,637,V,R,0.1740372971663829,Kelch propeller
V637S,637,V,S,0.1616705013320419,Kelch propeller
V637T,637,V,T,0.0853543533543217,Kelch propeller
V637W,637,V,W,0.070101719544684,Kelch propeller
V637Y,637,V,Y,0.0473586219423575,Kelch propeller
G638A,638,G,A,0.0444538629208027,Kelch propeller
G638C,638,G,C,0.0177517255994187,Kelch propeller
G638D,638,G,D,0.1003314967304433,Kelch propeller
G638E,638,G,E,0.1357653184790494,Kelch propeller
G638F,638,G,F,0.0,Kelch propeller
G638H,638,G,H,0.0880706587551452,Kelch propeller
G638I,638,G,I,0.1780243400339067,Kelch propeller
G638K,638,G,K,0.137920804068782,Kelch propeller
G638L,638,G,L,0.1090775611528216,Kelch propeller
G638M,638,G,M,0.0581754056672318,Kelch propeller
G638N,638,G,N,0.0749901610559458,Kelch propeller
G638P,638,G,P,0.2416429522886901,Kelch propeller
G638Q,638,G,Q,0.1302963792685868,Kelch propeller
G638R,638,G,R,0.1149688181157652,Kelch propeller
G638S,638,G,S,0.0555779244369097,Kelch propeller
G638T,638,G,T,0.0641007205134401,Kelch propeller
G638V,638,G,V,0.1452568721240011,Kelch propeller
G638W,638,G,W,0.0539719060305159,Kelch propeller
G638Y,638,G,Y,0.0331595119883749,Kelch propeller
G639A,639,G,A,0.0095702651973843,Kelch propeller
G639C,639,G,C,0.0316314482925662,Kelch propeller
G639D,639,G,D,0.0368892286267876,Kelch propeller
G639E,639,G,E,0.0440065693872623,Kelch propeller
G639F,639,G,F,0.1502331072899023,Kelch propeller
G639H,639,G,H,0.0581004783240494,Kelch propeller
G639I,639,G,I,0.0541717122790022,Kelch propeller
G639K,639,G,K,0.0326751332041657,Kelch propeller
G639L,639,G,L,0.0735847057398901,Kelch propeller
G639M,639,G,M,0.0975349660934852,Kelch propeller
G639N,639,G,N,0.0576895131993219,Kelch propeller
G639P,639,G,P,0.0426775550980881,Kelch propeller
G639Q,639,G,Q,0.0348275914264955,Kelch propeller
G639R,639,G,R,0.0640969363041913,Kelch propeller
G639S,639,G,S,0.0618271675950608,Kelch propeller
G639T,639,G,T,0.0457783361588777,Kelch propeller
G639V,639,G,V,0.0451728626786147,Kelch propeller
G639W,639,G,W,0.0,Kelch propeller
G639Y,639,G,Y,0.0623478747880857,Kelch propeller
I640A,640,I,A,0.0415006660208297,Kelch propeller
I640C,640,I,C,0.025128663114557,Kelch propeller
I640D,640,I,D,0.0475183155727793,Kelch propeller
I640E,640,I,E,0.0088081254541051,Kelch propeller
I640F,640,I,F,0.0433836885444432,Kelch propeller
I640G,640,I,G,0.0630888229595544,Kelch propeller
I640H,640,I,H,0.0361422257205134,Kelch propeller
I640K,640,I,K,0.0131349903124257,Kelch propeller
I640L,640,I,L,0.0331057762170031,Kelch propeller
I640M,640,I,M,0.0129919472027139,Kelch propeller
I640N,640,I,N,0.0485937878420939,Kelch propeller
I640P,640,I,P,0.1118052191814014,Kelch propeller
I640Q,640,I,Q,0.0220876725599419,Kelch propeller
I640R,640,I,R,0.0218038568660692,Kelch propeller
I640S,640,I,S,0.0628700956648113,Kelch propeller
I640T,640,I,T,0.0379821082586583,Kelch propeller
I640V,640,I,V,0.0,Kelch propeller
I640W,640,I,W,0.0782506357471543,Kelch propeller
I640Y,640,I,Y,0.1015409300072672,Kelch propeller
D641A,641,D,A,0.058592425526762,Kelch propeller
D641C,641,D,C,0.1065209493824172,Kelch propeller
D641E,641,D,E,0.2605715669653687,Kelch propeller
D641F,641,D,F,0.0306081981109227,Kelch propeller
D641G,641,D,G,0.141994126907243,Kelch propeller
D641H,641,D,H,0.0239669108743051,Kelch propeller
D641I,641,D,I,0.0658323746669896,Kelch propeller
D641K,641,D,K,0.2372381327197872,Kelch propeller
D641L,641,D,L,0.0750605473480276,Kelch propeller
D641M,641,D,M,0.0606215185274899,Kelch propeller
D641N,641,D,N,0.0445340881569401,Kelch propeller
D641P,641,D,P,0.1414968818115782,Kelch propeller
D641Q,641,D,Q,0.1549656393799953,Kelch propeller
D641R,641,D,R,0.0997260232501831,Kelch propeller
D641S,641,D,S,0.1572232986195207,Kelch propeller
D641T,641,D,T,0.1074632174860756,Kelch propeller
D641V,641,D,V,0.0510837975296682,Kelch propeller
D641W,641,D,W,0.0148280455316071,Kelch propeller
D641Y,641,D,Y,0.0,Kelch propeller
N642A,642,N,A,0.0021554855897325,Kelch propeller
N642C,642,N,C,0.0345808609832889,Kelch propeller
N642D,642,N,D,0.0335008476628738,Kelch propeller
N642E,642,N,E,0.0258779365463793,Kelch propeller
N642F,642,N,F,0.0,Kelch propeller
N642G,642,N,G,0.0226212460644238,Kelch propeller
N642H,642,N,H,0.0226863344635519,Kelch propeller
N642I,642,N,I,0.0433011927827561,Kelch propeller
N642K,642,N,K,0.0121427706466456,Kelch propeller
N642L,642,N,L,0.0281863041898779,Kelch propeller
N642M,642,N,M,0.020284875272463,Kelch propeller
N642P,642,N,P,0.0504684851053524,Kelch propeller
N642Q,642,N,Q,0.0011572111891499,Kelch propeller
N642R,642,N,R,0.0304787781545168,Kelch propeller
N642S,642,N,S,0.0101038387018662,Kelch propeller
N642T,642,N,T,0.0228445144102688,Kelch propeller
N642V,642,N,V,0.0191730745943327,Kelch propeller
N642W,642,N,W,0.019497759748123,Kelch propeller
N642Y,642,N,Y,0.0208600750787129,Kelch propeller
E643A,643,E,A,0.0129639440542518,Kelch propeller
E643C,643,E,C,0.0384891922983787,Kelch propeller
E643D,643,E,D,0.0120723843545666,Kelch propeller
E643F,643,E,F,0.0375090821022039,Kelch propeller
E643G,643,E,G,0.0355935153790278,Kelch propeller
E643H,643,E,H,0.0133794502300799,Kelch propeller
E643I,643,E,I,0.0788273492371049,Kelch propeller
E643K,643,E,K,0.0,Kelch propeller
E643L,643,E,L,0.0274574654880116,Kelch propeller
E643M,643,E,M,0.0462104928554144,Kelch propeller
E643N,643,E,N,0.0187363768466941,Kelch propeller
E643P,643,E,P,0.1664681218212644,Kelch propeller
E643Q,643,E,Q,0.033782392831194,Kelch propeller
E643R,643,E,R,0.0612391014773553,Kelch propeller
E643S,643,E,S,0.0295319689997578,Kelch propeller
E643T,643,E,T,0.0455603657059821,Kelch propeller
E643V,643,E,V,0.0391953257447324,Kelch propeller
E643W,643,E,W,0.0259634596754662,Kelch propeller
E643Y,643,E,Y,0.019434185032697,Kelch propeller
H644A,644,H,A,0.0055590033906529,Kelch propeller
H644C,644,H,C,0.0035321809154759,Kelch propeller
H644D,644,H,D,0.010448201743765,Kelch propeller
H644E,644,H,E,0.0218750000000014,Kelch propeller
H644F,644,H,F,0.0057890833131508,Kelch propeller
H644G,644,H,G,0.0093961915718105,Kelch propeller
H644I,644,H,I,0.0048362194235892,Kelch propeller
H644K,644,H,K,0.0157725841608137,Kelch propeller
H644L,644,H,L,0.0023325865827076,Kelch propeller
H644M,644,H,M,0.0176162509082102,Kelch propeller
H644N,644,H,N,0.0169055764107546,Kelch propeller
H644P,644,H,P,0.0074178069750545,Kelch propeller
H644Q,644,H,Q,0.0055711128602581,Kelch propeller
H644R,644,H,R,0.0,Kelch propeller
H644S,644,H,S,0.0058912569629464,Kelch propeller
H644T,644,H,T,0.0046825805279728,Kelch propeller
H644V,644,H,V,0.0134044260111407,Kelch propeller
H644W,644,H,W,0.0041785238556551,Kelch propeller
H644Y,644,H,Y,0.0054129329135383,Kelch propeller
N645A,645,N,A,0.023254722693146,Kelch propeller
N645C,645,N,C,0.0221118914991523,Kelch propeller
N645D,645,N,D,0.0136791596028094,Kelch propeller
N645E,645,N,E,0.00363435456527,Kelch propeller
N645F,645,N,F,0.0671190058125469,Kelch propeller
N645G,645,N,G,0.0367340760474705,Kelch propeller
N645H,645,N,H,0.020772281424075,Kelch propeller
N645I,645,N,I,0.0087672559941888,Kelch propeller
N645K,645,N,K,0.0169040627270539,Kelch propeller
N645L,645,N,L,0.0153843242915974,Kelch propeller
N645M,645,N,M,0.0208774824412705,Kelch propeller
N645P,645,N,P,0.0,Kelch propeller
N645Q,645,N,Q,0.0315867946233969,Kelch propeller
N645R,645,N,R,0.0274657907483666,Kelch propeller
N645S,645,N,S,0.0043283785420198,Kelch propeller
N645T,645,N,T,0.0099729050617597,Kelch propeller
N645V,645,N,V,0.025596391378059,Kelch propeller
N645W,645,N,W,0.0616500666020829,Kelch propeller
N645Y,645,N,Y,0.0562310789537419,Kelch propeller
I646A,646,I,A,0.0353059154759022,Kelch propeller
I646C,646,I,C,0.0118771191571795,Kelch propeller
I646D,646,I,D,0.0185607895374168,Kelch propeller
I646E,646,I,E,0.0155114737224495,Kelch propeller
I646F,646,I,F,0.0123789053039462,Kelch propeller
I646G,646,I,G,0.0455702046500349,Kelch propeller
I646H,646,I,H,0.0482403426979884,Kelch propeller
I646K,646,I,K,0.0496556369581013,Kelch propeller
I646L,646,I,L,0.0,Kelch propeller
I646M,646,I,M,0.004782483652216,Kelch propeller
I646N,646,I,N,0.0332980140469833,Kelch propeller
I646P,646,I,P,0.0148462097360121,Kelch propeller
I646Q,646,I,Q,0.0425458646161298,Kelch propeller
I646R,646,I,R,0.0429515318479051,Kelch propeller
I646S,646,I,S,0.0245474085735031,Kelch propeller
I646T,646,I,T,0.0417019859530139,Kelch propeller
I646V,646,I,V,0.0191927524824412,Kelch propeller
I646W,646,I,W,0.0245572475175587,Kelch propeller
I646Y,646,I,Y,0.0257621397432792,Kelch propeller
L647A,647,L,A,0.0300254298861724,Kelch propeller
L647C,647,L,C,0.0355375090821022,Kelch propeller
L647D,647,L,D,0.0556520949382417,Kelch propeller
L647E,647,L,E,0.0564853778154531,Kelch propeller
L647F,647,L,F,0.0544260111407135,Kelch propeller
L647G,647,L,G,0.0807830285783483,Kelch propeller
L647H,647,L,H,0.0508643133930748,Kelch propeller
L647I,647,L,I,0.0195469544683943,Kelch propeller
L647K,647,L,K,0.0193297408573518,Kelch propeller
L647M,647,L,M,0.0359136594817147,Kelch propeller
L647N,647,L,N,0.0387457616856396,Kelch propeller
L647P,647,L,P,0.0601144344877709,Kelch propeller
L647Q,647,L,Q,0.0425095362073155,Kelch propeller
L647R,647,L,R,0.0353377028336173,Kelch propeller
L647S,647,L,S,0.0565277609590714,Kelch propeller
L647T,647,L,T,0.0321090155001225,Kelch propeller
L647V,647,L,V,0.0,Kelch propeller
L647W,647,L,W,0.0471323262291112,Kelch propeller
L647Y,647,L,Y,0.0515613647372245,Kelch propeller
D648A,648,D,A,0.0449019132961976,Kelch propeller
D648C,648,D,C,0.0375166505207072,Kelch propeller
D648E,648,D,E,0.0017203015257917,Kelch propeller
D648F,648,D,F,0.0853165112618054,Kelch propeller
D648G,648,D,G,0.0097511503996125,Kelch propeller
D648H,648,D,H,0.009011715911843,Kelch propeller
D648I,648,D,I,0.0331050193751514,Kelch propeller
D648K,648,D,K,0.0611709857108259,Kelch propeller
D648L,648,D,L,0.119284330346331,Kelch propeller
D648M,648,D,M,0.0739699382417051,Kelch propeller
D648N,648,D,N,0.0,Kelch propeller
D648P,648,D,P,0.0367416444659724,Kelch propeller
D648Q,648,D,Q,0.0013078227173635,Kelch propeller
D648R,648,D,R,0.0781514894647601,Kelch propeller
D648S,648,D,S,0.0639115100508584,Kelch propeller
D648T,648,D,T,0.0331670804068782,Kelch propeller
D648V,648,D,V,0.0355178311939937,Kelch propeller
D648W,648,D,W,0.0232645616372003,Kelch propeller
D648Y,648,D,Y,0.032345906999272,Kelch propeller
S649A,649,S,A,0.0114994550738691,Kelch propeller
S649C,649,S,C,0.0251135262775504,Kelch propeller
S649D,649,S,D,0.0367991644465987,Kelch propeller
S649E,649,S,E,0.0359325805279743,Kelch propeller
S649F,649,S,F,0.0234386352627769,Kelch propeller
S649G,649,S,G,0.0,Kelch propeller
S649H,649,S,H,0.0083699140227672,Kelch propeller
S649I,649,S,I,0.06152443085493,Kelch propeller
S649K,649,S,K,0.0615509203196915,Kelch propeller
S649L,649,S,L,0.0983198110922757,Kelch propeller
S649M,649,S,M,0.0639652458222344,Kelch propeller
S649N,649,S,N,0.0131546682005342,Kelch propeller
S649P,649,S,P,0.0856358985226462,Kelch propeller
S649Q,649,S,Q,0.0590132295955437,Kelch propeller
S649R,649,S,R,0.0431710159845013,Kelch propeller
S649T,649,S,T,0.0279123274400581,Kelch propeller
S649V,649,S,V,0.0254185335432322,Kelch propeller
S649W,649,S,W,0.0474524703318009,Kelch propeller
S649Y,649,S,Y,0.0254957314119641,Kelch propeller
V650A,650,V,A,0.0382840881569401,Kelch propeller
V650C,650,V,C,0.0193327682247517,Kelch propeller
V650D,650,V,D,0.0844529547105852,Kelch propeller
V650E,650,V,E,0.0334508961007522,Kelch propeller
V650F,650,V,F,0.0815027851780107,Kelch propeller
V650G,650,V,G,0.0715616674739661,Kelch propeller
V650H,650,V,H,0.0171076531847919,Kelch propeller
V650I,650,V,I,0.0408679462339564,Kelch propeller
V650K,650,V,K,0.0887608985226462,Kelch propeller
V650L,650,V,L,0.0583918624364267,Kelch propeller
V650M,650,V,M,0.0349471724388486,Kelch propeller
V650N,650,V,N,0.1067684366674755,Kelch propeller
V650P,650,V,P,0.2948126059578608,Kelch propeller
V650Q,650,V,Q,0.0689755388713975,Kelch propeller
V650R,650,V,R,0.089651701380481,Kelch propeller
V650S,650,V,S,0.0497948958585628,Kelch propeller
V650T,650,V,T,0.0243589549527745,Kelch propeller
V650W,650,V,W,0.0484439331557278,Kelch propeller
V650Y,650,V,Y,0.0,Kelch propeller
E651A,651,E,A,0.0930249455073869,Kelch propeller
E651C,651,E,C,0.0532014410268816,Kelch propeller
E651D,651,E,D,0.0440232199079666,Kelch propeller
E651F,651,E,F,0.1024620065391123,Kelch propeller
E651G,651,E,G,0.0562341063211418,Kelch propeller
E651H,651,E,H,0.0894965488011612,Kelch propeller
E651I,651,E,I,0.0929356381690469,Kelch propeller
E651K,651,E,K,0.0911487345604263,Kelch propeller
E651L,651,E,L,0.0878345240978446,Kelch propeller
E651M,651,E,M,0.0398469665778625,Kelch propeller
E651N,651,E,N,0.0655523431823673,Kelch propeller
E651P,651,E,P,0.4152208464519246,Kelch propeller
E651Q,651,E,Q,0.0,Kelch propeller
E651R,651,E,R,0.0619565875514653,Kelch propeller
E651S,651,E,S,0.0463459675466215,Kelch propeller
E651T,651,E,T,0.0401572717364979,Kelch propeller
E651V,651,E,V,0.1025626665052058,Kelch propeller
E651W,651,E,W,0.0422802131266651,Kelch propeller
E651Y,651,E,Y,0.0850001513683687,Kelch propeller
Q652A,652,Q,A,0.1143012836037769,Kelch propeller
Q652C,652,Q,C,0.0650240675708404,Kelch propeller
Q652D,652,Q,D,0.0828575320900945,Kelch propeller
Q652E,652,Q,E,0.087970755630902,Kelch propeller
Q652F,652,Q,F,0.0323459069992734,Kelch propeller
Q652G,652,Q,G,0.0626112557519967,Kelch propeller
Q652H,652,Q,H,0.0530576410753195,Kelch propeller
Q652I,652,Q,I,0.0578779668200533,Kelch propeller
Q652K,652,Q,K,0.0470732925647843,Kelch propeller
Q652L,652,Q,L,0.0719083010414144,Kelch propeller
Q652M,652,Q,M,0.074018376120126,Kelch propeller
Q652N,652,Q,N,0.0392157604746912,Kelch propeller
Q652P,652,Q,P,0.0517816057156697,Kelch propeller
Q652R,652,Q,R,0.0,Kelch propeller
Q652S,652,Q,S,0.1191261503996126,Kelch propeller
Q652T,652,Q,T,0.0648219907968031,Kelch propeller
Q652V,652,Q,V,0.0758741523371277,Kelch propeller
Q652W,652,Q,W,0.0358659784451427,Kelch propeller
Q652Y,652,Q,Y,0.0575699321869702,Kelch propeller
Y653A,653,Y,A,0.1753019798982821,Kelch propeller
Y653C,653,Y,C,0.2054976992007767,Kelch propeller
Y653D,653,Y,D,0.1319818660692677,Kelch propeller
Y653E,653,Y,E,0.0465866432550255,Kelch propeller
Y653F,653,Y,F,0.1160291535480747,Kelch propeller
Y653G,653,Y,G,0.1409693630419004,Kelch propeller
Y653H,653,Y,H,0.0803221118915006,Kelch propeller
Y653I,653,Y,I,0.1882333797529685,Kelch propeller
Y653K,653,Y,K,0.1483788447565998,Kelch propeller
Y653L,653,Y,L,0.11923589246791,Kelch propeller
Y653M,653,Y,M,0.1329006720755647,Kelch propeller
Y653N,653,Y,N,0.1659163841123775,Kelch propeller
Y653P,653,Y,P,0.0,Kelch propeller
Y653Q,653,Y,Q,0.1010709312182127,Kelch propeller
Y653R,653,Y,R,0.1255403850811336,Kelch propeller
Y653S,653,Y,S,0.291586945991766,Kelch propeller
Y653T,653,Y,T,0.3195439271009934,Kelch propeller
Y653V,653,Y,V,0.1632258113344638,Kelch propeller
Y653W,653,Y,W,0.0869043654637942,Kelch propeller
Q654A,654,Q,A,0.0400467728263488,Kelch propeller
Q654C,654,Q,C,0.0556460402034377,Kelch propeller
Q654D,654,Q,D,0.0544494732380722,Kelch propeller
Q654E,654,Q,E,0.0663167534511975,Kelch propeller
Q654F,654,Q,F,0.0051586340518271,Kelch propeller
Q654G,654,Q,G,0.0797196657786376,Kelch propeller
Q654H,654,Q,H,0.0403767558730928,Kelch propeller
Q654I,654,Q,I,0.0222806672317752,Kelch propeller
Q654K,654,Q,K,0.0202856321143134,Kelch propeller
Q654L,654,Q,L,0.0,Kelch propeller
Q654M,654,Q,M,0.010437605957859,Kelch propeller
Q654N,654,Q,N,0.0368021918139985,Kelch propeller
Q654P,654,Q,P,0.0368324654880116,Kelch propeller
Q654R,654,Q,R,0.0136420743521419,Kelch propeller
Q654S,654,Q,S,0.0244467486074096,Kelch propeller
Q654T,654,Q,T,0.0601568176313878,Kelch propeller
Q654V,654,Q,V,0.0356888774521676,Kelch propeller
Q654W,654,Q,W,0.018664476870913,Kelch propeller
Q654Y,654,Q,Y,0.0303327076774037,Kelch propeller
P655A,655,P,A,0.0806785844030046,Kelch propeller
P655C,655,P,C,0.0933829317025915,Kelch propeller
P655D,655,P,D,0.0138615584887396,Kelch propeller
P655E,655,P,E,0.0053902276580285,Kelch propeller
P655F,655,P,F,0.0555726265439574,Kelch propeller
P655G,655,P,G,0.0506811576652957,Kelch propeller
P655H,655,P,H,0.0223124545894904,Kelch propeller
P655I,655,P,I,0.115839943085493,Kelch propeller
P655K,655,P,K,0.0362391014773567,Kelch propeller
P655L,655,P,L,0.1127474872850584,Kelch propeller
P655M,655,P,M,0.0859310668442737,Kelch propeller
P655N,655,P,N,0.0,Kelch propeller
P655Q,655,P,Q,0.0197399491402276,Kelch propeller
P655R,655,P,R,0.0468152094938242,Kelch propeller
P655S,655,P,S,0.043756054734804,Kelch propeller
P655T,655,P,T,0.1005108682489708,Kelch propeller
P655V,655,P,V,0.1202190300314847,Kelch propeller
P655W,655,P,W,0.0482721300557036,Kelch propeller
P655Y,655,P,Y,0.0487792140954241,Kelch propeller
F656A,656,F,A,0.0149438423347043,Kelch propeller
F656C,656,F,C,0.0264077258416081,Kelch propeller
F656D,656,F,D,0.0200237648341002,Kelch propeller
F656E,656,F,E,0.0124545894889789,Kelch propeller
F656G,656,F,G,0.0407816662630177,Kelch propeller
F656H,656,F,H,0.0045887321385323,Kelch propeller
F656I,656,F,I,0.0124878905303947,Kelch propeller
F656K,656,F,K,0.0055817086461613,Kelch propeller
F656L,656,F,L,0.0054802918382174,Kelch propeller
F656M,656,F,M,0.0180415960280939,Kelch propeller
F656N,656,F,N,0.0278525369338823,Kelch propeller
F656P,656,F,P,0.0577826047469121,Kelch propeller
F656Q,656,F,Q,0.0111475236134657,Kelch propeller
F656R,656,F,R,0.0067767619278261,Kelch propeller
F656S,656,F,S,0.0009649733591654,Kelch propeller
F656T,656,F,T,0.0180915475902155,Kelch propeller
F656V,656,F,V,0.0,Kelch propeller
F656W,656,F,W,0.0188741220634522,Kelch propeller
F656Y,656,F,Y,0.0311077137321385,Kelch propeller
N657A,657,N,A,0.0375605473480262,Kelch propeller
N657C,657,N,C,0.0174240130782271,Kelch propeller
N657D,657,N,D,0.0290347239040916,Kelch propeller
N657E,657,N,E,0.0449314301283604,Kelch propeller
N657F,657,N,F,0.0,Kelch propeller
N657G,657,N,G,0.0038417292322596,Kelch propeller
N657H,657,N,H,0.0177426434972148,Kelch propeller
N657I,657,N,I,0.016451471300557,Kelch propeller
N657K,657,N,K,0.0175829498667958,Kelch propeller
N657L,657,N,L,0.0225932429159589,Kelch propeller
N657M,657,N,M,0.0283187515136837,Kelch propeller
N657P,657,N,P,0.0861709857108259,Kelch propeller
N657Q,657,N,Q,0.0128451198837477,Kelch propeller
N657R,657,N,R,0.0193827197868719,Kelch propeller
N657S,657,N,S,0.0237277488496004,Kelch propeller
N657T,657,N,T,0.0229413901671107,Kelch propeller
N657V,657,N,V,0.0307535117461855,Kelch propeller
N657W,657,N,W,0.004106623879874,Kelch propeller
N657Y,657,N,Y,0.0248751210946946,Kelch propeller
K658A,658,K,A,0.0142770646645677,Kelch propeller
K658C,658,K,C,0.0015757447323807,Kelch propeller
K658D,658,K,D,0.0413485408089126,Kelch propeller
K658E,658,K,E,0.0086718939210448,Kelch propeller
K658F,658,K,F,0.0026232138532318,Kelch propeller
K658G,658,K,G,0.0141983531121337,Kelch propeller
K658H,658,K,H,0.0065512230564301,Kelch propeller
K658I,658,K,I,0.0188430915475888,Kelch propeller
K658L,658,K,L,0.0193796924194706,Kelch propeller
K658M,658,K,M,0.0098707314119627,Kelch propeller
K658N,658,K,N,0.036555461370792,Kelch propeller
K658P,658,K,P,0.04030409905546,Kelch propeller
K658Q,658,K,Q,0.0078953741826094,Kelch propeller
K658R,658,K,R,0.0044267679825609,Kelch propeller
K658S,658,K,S,0.0183223843545638,Kelch propeller
K658T,658,K,T,0.0218242915960281,Kelch propeller
K658V,658,K,V,0.0209054855897297,Kelch propeller
K658W,658,K,W,0.0,Kelch propeller
K658Y,658,K,Y,0.0305756539113587,Kelch propeller
R659A,659,R,A,0.0,Kelch propeller
R659C,659,R,C,0.0009498365221589,Kelch propeller
R659D,659,R,D,0.0322127028336145,Kelch propeller
R659E,659,R,E,0.0293843848389426,Kelch propeller
R659F,659,R,F,0.0170153184790492,Kelch propeller
R659G,659,R,G,0.0513206890288206,Kelch propeller
R659H,659,R,H,0.0151996548801148,Kelch propeller
R659I,659,R,I,0.0023984318236861,Kelch propeller
R659K,659,R,K,0.0198345543715185,Kelch propeller
R659L,659,R,L,0.0235710825865813,Kelch propeller
R659M,659,R,M,0.0166573322838445,Kelch propeller
R659N,659,R,N,0.0220445325744732,Kelch propeller
R659P,659,R,P,0.0242953802373456,Kelch propeller
R659Q,659,R,Q,0.0230957859045774,Kelch propeller
R659S,659,R,S,0.0379071809154759,Kelch propeller
R659T,659,R,T,0.0423225962702834,Kelch propeller
R659V,659,R,V,0.0170584584645178,Kelch propeller
R659W,659,R,W,0.0165498607410995,Kelch propeller
R659Y,659,R,Y,0.0269155667231775,Kelch propeller
W660A,660,W,A,0.1030129874061517,Kelch propeller
W660C,660,W,C,0.094708161782514,Kelch propeller
W660D,660,W,D,0.0658058852022282,Kelch propeller
W660E,660,W,E,0.1061205800435942,Kelch propeller
W660F,660,W,F,0.0,Kelch propeller
W660G,660,W,G,0.0990615161055933,Kelch propeller
W660H,660,W,H,0.0779986074109955,Kelch propeller
W660I,660,W,I,0.1122502421893922,Kelch propeller
W660K,660,W,K,0.1128186304189878,Kelch propeller
W660L,660,W,L,0.077377240251877,Kelch propeller
W660M,660,W,M,0.0703007689513186,Kelch propeller
W660N,660,W,N,0.0910473177524811,Kelch propeller
W660P,660,W,P,0.1159731472511505,Kelch propeller
W660Q,660,W,Q,0.0926737708888352,Kelch propeller
W660R,660,W,R,0.1312605957859033,Kelch propeller
W660S,660,W,S,0.0883136049891016,Kelch propeller
W660T,660,W,T,0.0956481593606187,Kelch propeller
W660V,660,W,V,0.1142838762412193,Kelch propeller
W660Y,660,W,Y,0.0340245822232986,Kelch propeller
Q661A,661,Q,A,0.0196317207556309,Kelch propeller
Q661C,661,Q,C,0.0177630782271736,Kelch propeller
Q661D,661,Q,D,0.0260648764834114,Kelch propeller
Q661E,661,Q,E,0.065826319932187,Kelch propeller
Q661F,661,Q,F,0.0700850690239782,Kelch propeller
Q661G,661,Q,G,0.0426548498425769,Kelch propeller
Q661H,661,Q,H,0.0525914264955209,Kelch propeller
Q661I,661,Q,I,0.0,Kelch propeller
Q661K,661,Q,K,0.0076335069023976,Kelch propeller
Q661L,661,Q,L,0.0091850326955693,Kelch propeller
Q661M,661,Q,M,0.0271244550738678,Kelch propeller
Q661N,661,Q,N,0.0194152639864388,Kelch propeller
Q661P,661,Q,P,0.007992249939454,Kelch propeller
Q661R,661,Q,R,0.0150149854686364,Kelch propeller
Q661S,661,Q,S,0.0751059578590472,Kelch propeller
Q661T,661,Q,T,0.0407809094211674,Kelch propeller
Q661V,661,Q,V,0.0019064846209736,Kelch propeller
Q661W,661,Q,W,0.0851583313150885,Kelch propeller
Q661Y,661,Q,Y,0.0595770767740373,Kelch propeller
F662A,662,F,A,0.0210962097360121,Kelch propeller
F662C,662,F,C,0.0224199261322354,Kelch propeller
F662D,662,F,D,0.016576350205861,Kelch propeller
F662E,662,F,E,0.0179780213126651,Kelch propeller
F662G,662,F,G,0.0283762714943085,Kelch propeller
F662H,662,F,H,0.0317056187938954,Kelch propeller
F662I,662,F,I,0.0214784148704287,Kelch propeller
F662K,662,F,K,0.0166997154274643,Kelch propeller
F662L,662,F,L,0.0136443448776943,Kelch propeller
F662M,662,F,M,0.0,Kelch propeller
F662N,662,F,N,0.0211688665536435,Kelch propeller
F662P,662,F,P,0.0136844574957602,Kelch propeller
F662Q,662,F,Q,0.0214655485589717,Kelch propeller
F662R,662,F,R,0.0113026761927813,Kelch propeller
F662S,662,F,S,0.0188468757568418,Kelch propeller
F662T,662,F,T,0.0391052615645421,Kelch propeller
F662V,662,F,V,0.0097405546137065,Kelch propeller
F662W,662,F,W,0.0161033240494066,Kelch propeller
F662Y,662,F,Y,0.0353672196657786,Kelch propeller
L663A,663,L,A,0.075205860983289,Kelch propeller
L663C,663,L,C,0.0568569871639637,Kelch propeller
L663D,663,L,D,0.0713134233470575,Kelch propeller
L663E,663,L,E,0.0464231654153562,Kelch propeller
L663F,663,L,F,0.0463701864858333,Kelch propeller
L663G,663,L,G,0.083675678130298,Kelch propeller
L663H,663,L,H,0.0469726325986936,Kelch propeller
L663I,663,L,I,0.0476537902639879,Kelch propeller
L663K,663,L,K,0.0647152760959085,Kelch propeller
L663M,663,L,M,0.0054696960523129,Kelch propeller
L663N,663,L,N,0.0444251029304931,Kelch propeller
L663P,663,L,P,0.1007621397432808,Kelch propeller
L663Q,663,L,Q,0.0359098752724631,Kelch propeller
L663R,663,L,R,0.0420501332041671,Kelch propeller
L663S,663,L,S,0.0605904880116265,Kelch propeller
L663T,663,L,T,0.0413432429159617,Kelch propeller
L663V,663,L,V,0.0359310668442736,Kelch propeller
L663W,663,L,W,0.0,Kelch propeller
L663Y,663,L,Y,0.0495837369823202,Kelch propeller
N664A,664,N,A,0.0310131085008477,Kelch propeller
N664C,664,N,C,0.0364464761443435,Kelch propeller
N664D,664,N,D,0.0164597965609106,Kelch propeller
N664E,664,N,E,0.0061614495035103,Kelch propeller
N664F,664,N,F,0.0314831072898993,Kelch propeller
N664G,664,N,G,0.014872699200775,Kelch propeller
N664H,664,N,H,0.0408316178251379,Kelch propeller
N664I,664,N,I,0.0474668503269557,Kelch propeller
N664K,664,N,K,0.0440247335916673,Kelch propeller
N664L,664,N,L,0.0066375030273674,Kelch propeller
N664M,664,N,M,0.0226553039476871,Kelch propeller
N664P,664,N,P,0.0,Kelch propeller
N664Q,664,N,Q,0.021665354807458,Kelch propeller
N664R,664,N,R,0.0431891801889063,Kelch propeller
N664S,664,N,S,0.0099433882295941,Kelch propeller
N664T,664,N,T,0.0442427040445629,Kelch propeller
N664V,664,N,V,0.0440307883264699,Kelch propeller
N664W,664,N,W,0.0059457495761671,Kelch propeller
N664Y,664,N,Y,0.0262805764107518,Kelch propeller
G665A,665,G,A,0.0218674315814953,Kelch propeller
G665C,665,G,C,0.0760951501574218,Kelch propeller
G665D,665,G,D,0.0078567752482427,Kelch propeller
G665E,665,G,E,0.0115478929522872,Kelch propeller
G665F,665,G,F,0.0395752603535965,Kelch propeller
G665H,665,G,H,0.0572694659723904,Kelch propeller
G665I,665,G,I,0.0300572172438847,Kelch propeller
G665K,665,G,K,0.0051601477355291,Kelch propeller
G665L,665,G,L,0.0283323746669882,Kelch propeller
G665M,665,G,M,0.0311160389924921,Kelch propeller
G665N,665,G,N,0.01958328287721,Kelch propeller
G665P,665,G,P,0.0574511080164675,Kelch propeller
G665Q,665,G,Q,0.0252974388471785,Kelch propeller
G665R,665,G,R,0.0,Kelch propeller
G665S,665,G,S,0.0381819145071432,Kelch propeller
G665T,665,G,T,0.0044691511261792,Kelch propeller
G665V,665,G,V,0.0166210038750288,Kelch propeller
G665W,665,G,W,0.0595437757326215,Kelch propeller
G665Y,665,G,Y,0.030580951804311,Kelch propeller
V666A,666,V,A,0.0152541474933398,Kelch propeller
V666C,666,V,C,0.0005721724388471,Kelch propeller
V666D,666,V,D,0.1167920501332043,Kelch propeller
V666E,666,V,E,0.0335954528941632,Kelch propeller
V666F,666,V,F,0.0373849600387503,Kelch propeller
V666G,666,V,G,0.0202152458222344,Kelch propeller
V666H,666,V,H,0.0584637624122064,Kelch propeller
V666I,666,V,I,0.0005154093000726,Kelch propeller
V666K,666,V,K,0.0569387260837976,Kelch propeller
V666L,666,V,L,0.0148969181399854,Kelch propeller
V666M,666,V,M,0.0,Kelch propeller
V666N,666,V,N,0.1206912993460888,Kelch propeller
V666P,666,V,P,0.0244482622911116,Kelch propeller
V666Q,666,V,Q,0.0349623092758551,Kelch propeller
V666R,666,V,R,0.0837104928554144,Kelch propeller
V666S,666,V,S,0.0170251574231048,Kelch propeller
V666T,666,V,T,0.0171023552918396,Kelch propeller
V666W,666,V,W,0.0275581254541065,Kelch propeller
V666Y,666,V,Y,0.0530803463308307,Kelch propeller
P667A,667,P,A,0.0071468575926374,Kelch propeller
P667C,667,P,C,0.0269518951319932,Kelch propeller
P667D,667,P,D,0.0244755085977248,Kelch propeller
P667E,667,P,E,0.0220082041656575,Kelch propeller
P667F,667,P,F,0.0381289355776217,Kelch propeller
P667G,667,P,G,0.2023537781545185,Kelch propeller
P667H,667,P,H,0.0374894042140954,Kelch propeller
P667I,667,P,I,0.0277163054008234,Kelch propeller
P667K,667,P,K,0.0087256296924208,Kelch propeller
P667L,667,P,L,0.0185456527004131,Kelch propeller
P667M,667,P,M,0.0315565209493838,Kelch propeller
P667N,667,P,N,0.0,Kelch propeller
P667Q,667,P,Q,0.0193410934851067,Kelch propeller
P667R,667,P,R,0.0304681823686137,Kelch propeller
P667S,667,P,S,0.0040536449503511,Kelch propeller
P667T,667,P,T,0.017085704771131,Kelch propeller
P667V,667,P,V,0.0296606321143148,Kelch propeller
P667W,667,P,W,0.0542988617098571,Kelch propeller
P667Y,667,P,Y,0.0538992492128845,Kelch propeller
E668A,668,E,A,0.0222352567207556,Kelch propeller
E668C,668,E,C,0.0212876907241463,Kelch propeller
E668D,668,E,D,0.0308723359166868,Kelch propeller
E668F,668,E,F,0.031674588278032,Kelch propeller
E668G,668,E,G,0.0088209917655606,Kelch propeller
E668H,668,E,H,0.0460174981835782,Kelch propeller
E668I,668,E,I,0.0127815451683216,Kelch propeller
E668K,668,E,K,0.0165952712521191,Kelch propeller
E668L,668,E,L,0.0109719363041898,Kelch propeller
E668M,668,E,M,0.0221913598934367,Kelch propeller
E668N,668,E,N,0.0,Kelch propeller
E668P,668,E,P,0.1183413054008236,Kelch propeller
E668Q,668,E,Q,0.0177010171954468,Kelch propeller
E668R,668,E,R,0.0303652518769678,Kelch propeller
E668S,668,E,S,0.0083653729716638,Kelch propeller
E668T,668,E,T,0.0057391317510293,Kelch propeller
E668V,668,E,V,0.0048543836279956,Kelch propeller
E668W,668,E,W,0.0397879329135384,Kelch propeller
E668Y,668,E,Y,0.0133007386776445,Kelch propeller
K669A,669,K,A,0.0159754177767014,Kelch propeller
K669C,669,K,C,0.016416656575442,Kelch propeller
K669D,669,K,D,0.0249349116008719,Kelch propeller
K669E,669,K,E,0.0149135686606912,Kelch propeller
K669F,669,K,F,0.0324178069750531,Kelch propeller
K669G,669,K,G,0.0172469120852506,Kelch propeller
K669H,669,K,H,0.0259785965124713,Kelch propeller
K669I,669,K,I,0.0268807519980625,Kelch propeller
K669L,669,K,L,0.0136920259142649,Kelch propeller
K669M,669,K,M,0.0417716154032453,Kelch propeller
K669N,669,K,N,0.0054227718575912,Kelch propeller
K669P,669,K,P,0.0,Kelch propeller
K669Q,669,K,Q,0.0208623456042611,Kelch propeller
K669R,669,K,R,0.0413894102688302,Kelch propeller
K669S,669,K,S,0.0234636110438349,Kelch propeller
K669T,669,K,T,0.0288220513441497,Kelch propeller
K669V,669,K,V,0.0396562424315815,Kelch propeller
K669W,669,K,W,0.0362383446355036,Kelch propeller
K669Y,669,K,Y,0.0381796439815936,Kelch propeller
K670A,670,K,A,0.0319092092516348,Kelch propeller
K670C,670,K,C,0.0198565027851766,Kelch propeller
K670D,670,K,D,0.0641052615645421,Kelch propeller
K670E,670,K,E,0.045293957374667,Kelch propeller
K670F,670,K,F,0.0383120913054008,Kelch propeller
K670G,670,K,G,0.0187605957859046,Kelch propeller
K670H,670,K,H,0.0522440360862195,Kelch propeller
K670I,670,K,I,0.0280190421409528,Kelch propeller
K670L,670,K,L,0.0156287842092516,Kelch propeller
K670M,670,K,M,0.0,Kelch propeller
K670N,670,K,N,0.0481911479777186,Kelch propeller
K670P,670,K,P,0.0792935638169035,Kelch propeller
K670Q,670,K,Q,0.0225879450230066,Kelch propeller
K670R,670,K,R,0.0093795410511019,Kelch propeller
K670S,670,K,S,0.0282642589004587,Kelch propeller
K670T,670,K,T,0.033152700411722,Kelch propeller
K670V,670,K,V,0.0453340699927329,Kelch propeller
K670W,670,K,W,0.1301336582707679,Kelch propeller
K670Y,670,K,Y,0.0459380297892952,Kelch propeller
M671A,671,M,A,0.0360476204892212,Kelch propeller
M671C,671,M,C,0.0152753390651475,Kelch propeller
M671D,671,M,D,0.0450222511503996,Kelch propeller
M671E,671,M,E,0.0259044260111393,Kelch propeller
M671F,671,M,F,0.0063718515379026,Kelch propeller
M671G,671,M,G,0.0439180188907726,Kelch propeller
M671H,671,M,H,0.0285352082828758,Kelch propeller
M671I,671,M,I,0.0,Kelch propeller
M671K,671,M,K,0.0073837490917883,Kelch propeller
M671L,671,M,L,0.0354565270041158,Kelch propeller
M671N,671,M,N,0.0361672015015742,Kelch propeller
M671P,671,M,P,0.0237875393557748,Kelch propeller
M671Q,671,M,Q,0.0262147311697748,Kelch propeller
M671R,671,M,R,0.0308208706708646,Kelch propeller
M671S,671,M,S,0.0324064543472982,Kelch propeller
M671T,671,M,T,0.0219279789295229,Kelch propeller
M671V,671,M,V,0.0255979050617583,Kelch propeller
M671W,671,M,W,0.0187144284330332,Kelch propeller
M671Y,671,M,Y,0.0191079861952032,Kelch propeller
N672A,672,N,A,0.0198784511988375,Kelch propeller
N672C,672,N,C,0.0230034511988375,Kelch propeller
N672D,672,N,D,0.0278555643012836,Kelch propeller
N672E,672,N,E,0.0037357713732124,Kelch propeller
N672F,672,N,F,0.0288447565996595,Kelch propeller
N672G,672,N,G,0.0006001755873078,Kelch propeller
N672H,672,N,H,0.0,Kelch propeller
N672I,672,N,I,0.0240350266408317,Kelch propeller
N672K,672,N,K,0.0052850266408331,Kelch propeller
N672L,672,N,L,0.018339034875271,Kelch propeller
N672M,672,N,M,0.0120701138290128,Kelch propeller
N672P,672,N,P,0.0535291535480746,Kelch propeller
N672Q,672,N,Q,0.0052706466456769,Kelch propeller
N672R,672,N,R,0.0087945023007992,Kelch propeller
N672S,672,N,S,0.0074654880116251,Kelch propeller
N672T,672,N,T,0.0187227536933882,Kelch propeller
N672V,672,N,V,0.0294608258658271,Kelch propeller
N672W,672,N,W,0.0076130721724388,Kelch propeller
N672Y,672,N,Y,0.0114267982562363,Kelch propeller
F673A,673,F,A,0.0352090397190617,Kelch propeller
F673C,673,F,C,0.0362285056914521,Kelch propeller
F673D,673,F,D,0.0471520041172197,Kelch propeller
F673E,673,F,E,0.0366114676677176,Kelch propeller
F673G,673,F,G,0.0212982865100508,Kelch propeller
F673H,673,F,H,0.0038054008234439,Kelch propeller
F673I,673,F,I,0.0247525127149445,Kelch propeller
F673K,673,F,K,0.0742030455316058,Kelch propeller
F673L,673,F,L,0.0206587551465246,Kelch propeller
F673M,673,F,M,0.0,Kelch propeller
F673N,673,F,N,0.0325782574473252,Kelch propeller
F673P,673,F,P,0.0418457859045788,Kelch propeller
F673Q,673,F,Q,0.0052827561152821,Kelch propeller
F673R,673,F,R,0.0775255812545425,Kelch propeller
F673S,673,F,S,0.0359076047469121,Kelch propeller
F673T,673,F,T,0.0374273431823686,Kelch propeller
F673V,673,F,V,0.0340041474933412,Kelch propeller
F673W,673,F,W,0.0270714761443463,Kelch propeller
F673Y,673,F,Y,0.0293624364252846,Kelch propeller
G674A,674,G,A,0.0330845846451925,Kelch propeller
G674C,674,G,C,0.0183844453862921,Kelch propeller
G674D,674,G,D,0.0361422257205134,Kelch propeller
G674E,674,G,E,0.0245837369823187,Kelch propeller
G674F,674,G,F,0.0431959917655593,Kelch propeller
G674H,674,G,H,0.0079158089125696,Kelch propeller
G674I,674,G,I,0.0725712945022994,Kelch propeller
G674K,674,G,K,0.0133802070719302,Kelch propeller
G674L,674,G,L,0.1038212945023009,Kelch propeller
G674M,674,G,M,0.0518497214821977,Kelch propeller
G674N,674,G,N,0.0189861346573006,Kelch propeller
G674P,674,G,P,0.1205550678130285,Kelch propeller
G674Q,674,G,Q,0.0109159300072642,Kelch propeller
G674R,674,G,R,0.0,Kelch propeller
G674S,674,G,S,0.0021766771615403,Kelch propeller
G674T,674,G,T,0.0265303342213611,Kelch propeller
G674V,674,G,V,0.0748902579317012,Kelch propeller
G674W,674,G,W,0.0310100811334449,Kelch propeller
G674Y,674,G,Y,0.0515870973601357,Kelch propeller
A675C,675,A,C,0.0026269980624848,Kelch propeller
A675D,675,A,D,0.0844408452409799,Kelch propeller
A675E,675,A,E,0.0492893255025444,Kelch propeller
A675F,675,A,F,0.0017498183579573,Kelch propeller
A675G,675,A,G,0.0780326652942616,Kelch propeller
A675H,675,A,H,0.0496700169532589,Kelch propeller
A675I,675,A,I,0.0127134294017922,Kelch propeller
A675K,675,A,K,0.0548566541535495,Kelch propeller
A675L,675,A,L,0.0191927524824427,Kelch propeller
A675M,675,A,M,0.0209160813756371,Kelch propeller
A675N,675,A,N,0.0758544744490206,Kelch propeller
A675P,675,A,P,0.0298188120610317,Kelch propeller
A675Q,675,A,Q,0.011275429886171,Kelch propeller
A675R,675,A,R,0.0255169229837747,Kelch propeller
A675S,675,A,S,0.0926094393315588,Kelch propeller
A675T,675,A,T,0.0200048437878435,Kelch propeller
A675V,675,A,V,0.0327409784451441,Kelch propeller
A675W,675,A,W,0.0,Kelch propeller
A675Y,675,A,Y,0.0168321627512729,Kelch propeller
A676C,676,A,C,0.0075616069266152,Kelch propeller
A676D,676,A,D,0.0234000363284074,Kelch propeller
A676E,676,A,E,0.025351931460402,Kelch propeller
A676F,676,A,F,0.0233780879147493,Kelch propeller
A676G,676,A,G,0.0448020101719545,Kelch propeller
A676H,676,A,H,0.0135527670138034,Kelch propeller
A676I,676,A,I,0.1063188726083785,Kelch propeller
A676K,676,A,K,0.0319402397674982,Kelch propeller
A676L,676,A,L,0.0685933337369824,Kelch propeller
A676M,676,A,M,0.0007235408089125,Kelch propeller
A676N,676,A,N,0.0131463429401778,Kelch propeller
A676P,676,A,P,0.043675829498668,Kelch propeller
A676Q,676,A,Q,0.0215117159118416,Kelch propeller
A676R,676,A,R,0.0098177524824398,Kelch propeller
A676S,676,A,S,0.0077659542262049,Kelch propeller
A676T,676,A,T,0.0,Kelch propeller
A676V,676,A,V,0.0785261261806734,Kelch propeller
A676W,676,A,W,0.0532249031242418,Kelch propeller
A676Y,676,A,Y,0.0891771615403232,Kelch propeller
T677A,677,T,A,0.0114510171954454,Kelch propeller
T677C,677,T,C,0.0400392044078469,Kelch propeller
T677D,677,T,D,0.0222352567207542,Kelch propeller
T677E,677,T,E,0.0058693085492855,Kelch propeller
T677F,677,T,F,0.0173733046742552,Kelch propeller
T677G,677,T,G,0.0279433579559215,Kelch propeller
T677H,677,T,H,0.0480163175102931,Kelch propeller
T677I,677,T,I,0.0595732925647857,Kelch propeller
T677K,677,T,K,0.0188468757568418,Kelch propeller
T677L,677,T,L,0.0192252966820039,Kelch propeller
T677M,677,T,M,0.0521569992734304,Kelch propeller
T677N,677,T,N,0.0220187999515607,Kelch propeller
T677P,677,T,P,0.0,Kelch propeller
T677Q,677,T,Q,0.0327674679099055,Kelch propeller
T677R,677,T,R,0.0272561455558246,Kelch propeller
T677S,677,T,S,0.0472965609106321,Kelch propeller
T677V,677,T,V,0.033905001210947,Kelch propeller
T677W,677,T,W,0.0339208948898024,Kelch propeller
T677Y,677,T,Y,0.0740554613707906,Kelch propeller
L678A,678,L,A,0.0008363102446112,Kelch propeller
L678C,678,L,C,0.0095240978445158,Kelch propeller
L678D,678,L,D,0.0946952954710599,Kelch propeller
L678E,678,L,E,0.0455929099055476,Kelch propeller
L678F,678,L,F,0.050444266166142,Kelch propeller
L678G,678,L,G,0.0246647190603051,Kelch propeller
L678H,678,L,H,0.0211068055219195,Kelch propeller
L678I,678,L,I,0.018030243400339,Kelch propeller
L678K,678,L,K,0.0391491583918639,Kelch propeller
L678M,678,L,M,0.0080558246548815,Kelch propeller
L678N,678,L,N,0.1413962218454833,Kelch propeller
L678P,678,L,P,0.0,Kelch propeller
L678Q,678,L,Q,0.0306172802131281,Kelch propeller
L678R,678,L,R,0.0363556551223071,Kelch propeller
L678S,678,L,S,0.0166406817631402,Kelch propeller
L678T,678,L,T,0.0337483349479307,Kelch propeller
L678V,678,L,V,0.0107055279728762,Kelch propeller
L678W,678,L,W,0.0067585977234211,Kelch propeller
L678Y,678,L,Y,0.0222927767013805,Kelch propeller
S679A,679,S,A,0.0086007507871169,Kelch propeller
S679C,679,S,C,0.0083479656091063,Kelch propeller
S679D,679,S,D,0.0152034390893693,Kelch propeller
S679E,679,S,E,0.011320840397192,Kelch propeller
S679F,679,S,F,0.0142172741583932,Kelch propeller
S679G,679,S,G,0.0442843303463323,Kelch propeller
S679H,679,S,H,0.0290922438847193,Kelch propeller
S679I,679,S,I,0.0149559518043124,Kelch propeller
S679K,679,S,K,0.0350039355776217,Kelch propeller
S679L,679,S,L,0.0042133385807701,Kelch propeller
S679M,679,S,M,0.0127830588520223,Kelch propeller
S679N,679,S,N,0.0258537176071688,Kelch propeller
S679P,679,S,P,0.0475410208282877,Kelch propeller
S679Q,679,S,Q,0.0335992371034163,Kelch propeller
S679R,679,S,R,0.0198383385807716,Kelch propeller
S679T,679,S,T,0.0208615887624136,Kelch propeller
S679V,679,S,V,0.0249000968757568,Kelch propeller
S679W,679,S,W,0.0,Kelch propeller
S679Y,679,S,Y,0.0226553039476871,Kelch propeller
D680A,680,D,A,0.0115191329619776,Kelch propeller
D680C,680,D,C,0.0,Kelch propeller
D680E,680,D,E,0.0204430552191828,Kelch propeller
D680F,680,D,F,0.0149960644223783,Kelch propeller
D680G,680,D,G,0.0159406030515877,Kelch propeller
D680H,680,D,H,0.0079407846936304,Kelch propeller
D680I,680,D,I,0.036430582465488,Kelch propeller
D680K,680,D,K,0.0166936606926616,Kelch propeller
D680L,680,D,L,0.0071559396948427,Kelch propeller
D680M,680,D,M,0.012549951562123,Kelch propeller
D680N,680,D,N,0.0162365282150656,Kelch propeller
D680P,680,D,P,0.0061599358198125,Kelch propeller
D680Q,680,D,Q,0.0093341305400837,Kelch propeller
D680R,680,D,R,0.0154683337369837,Kelch propeller
D680S,680,D,S,0.0093114252845739,Kelch propeller
D680T,680,D,T,0.0444235892467924,Kelch propeller
D680V,680,D,V,0.0225220997820309,Kelch propeller
D680W,680,D,W,0.025636503996125,Kelch propeller
D680Y,680,D,Y,0.0229126301767982,Kelch propeller
S681A,681,S,A,0.036155092031969,Kelch propeller
S681C,681,S,C,0.0268459372729488,Kelch propeller
S681D,681,S,D,0.0316306914507159,Kelch propeller
S681E,681,S,E,0.0870648159360621,Kelch propeller
S681F,681,S,F,0.1206829740857366,Kelch propeller
S681G,681,S,G,0.0402087369823202,Kelch propeller
S681H,681,S,H,0.052182731896343,Kelch propeller
S681I,681,S,I,0.1221792504238316,Kelch propeller
S681K,681,S,K,0.0716487042867537,Kelch propeller
S681L,681,S,L,0.1167034996367174,Kelch propeller
S681M,681,S,M,0.1404774158391878,Kelch propeller
S681N,681,S,N,0.0191185819811106,Kelch propeller
S681P,681,S,P,0.0,Kelch propeller
S681Q,681,S,Q,0.0598601356260596,Kelch propeller
S681R,681,S,R,0.0663939513199336,Kelch propeller
S681T,681,S,T,0.063299981835797,Kelch propeller
S681V,681,S,V,0.0982819689997593,Kelch propeller
S681W,681,S,W,0.1356154637926875,Kelch propeller
S681Y,681,S,Y,0.1029713611043837,Kelch propeller
Y682A,682,Y,A,0.1338149370307568,Kelch propeller
Y682C,682,Y,C,0.1641673225962705,Kelch propeller
Y682D,682,Y,D,0.0660374788084268,Kelch propeller
Y682E,682,Y,E,0.2218757568418492,Kelch propeller
Y682F,682,Y,F,0.0787842092516348,Kelch propeller
Y682G,682,Y,G,0.0897077076774024,Kelch propeller
Y682H,682,Y,H,0.0418896827318949,Kelch propeller
Y682I,682,Y,I,0.2361520646645666,Kelch propeller
Y682K,682,Y,K,0.1005267619278263,Kelch propeller
Y682L,682,Y,L,0.0929689392104627,Kelch propeller
Y682M,682,Y,M,0.1240653003148449,Kelch propeller
Y682N,682,Y,N,0.0123955558246534,Kelch propeller
Y682P,682,Y,P,0.1296598752724632,Kelch propeller
Y682Q,682,Y,Q,0.0517263562605944,Kelch propeller
Y682R,682,Y,R,0.0888517195446826,Kelch propeller
Y682S,682,Y,S,0.1129253451198825,Kelch propeller
Y682T,682,Y,T,0.1240592455800423,Kelch propeller
Y682V,682,Y,V,0.2261329922499383,Kelch propeller
Y682W,682,Y,W,0.0,Kelch propeller
I683A,683,I,A,0.0541997154274643,Kelch propeller
I683C,683,I,C,0.0383067934124485,Kelch propeller
I683D,683,I,D,0.0624530758052798,Kelch propeller
I683E,683,I,E,0.0678970392346816,Kelch propeller
I683F,683,I,F,0.0286570598207813,Kelch propeller
I683G,683,I,G,0.0508075502543003,Kelch propeller
I683H,683,I,H,0.0248312242673785,Kelch propeller
I683K,683,I,K,0.1039317934124501,Kelch propeller
I683L,683,I,L,0.0619240433519026,Kelch propeller
I683M,683,I,M,0.0461590276095921,Kelch propeller
I683N,683,I,N,0.0679954286752241,Kelch propeller
I683P,683,I,P,0.1806036570598224,Kelch propeller
I683Q,683,I,Q,0.0917572354080892,Kelch propeller
I683R,683,I,R,0.0623372790021797,Kelch propeller
I683S,683,I,S,0.1105261564543488,Kelch propeller
I683T,683,I,T,0.0366848813271993,Kelch propeller
I683V,683,I,V,0.0,Kelch propeller
I683W,683,I,W,0.0535003935577636,Kelch propeller
I683Y,683,I,Y,0.0462248728505706,Kelch propeller
I684A,684,I,A,0.0337354686364723,Kelch propeller
I684C,684,I,C,0.0364631266650521,Kelch propeller
I684D,684,I,D,0.0919570416565741,Kelch propeller
I684E,684,I,E,0.0721187030758053,Kelch propeller
I684F,684,I,F,0.0349554976992008,Kelch propeller
I684G,684,I,G,0.0588209917655607,Kelch propeller
I684H,684,I,H,0.0497850569145072,Kelch propeller
I684K,684,I,K,0.0820742007750047,Kelch propeller
I684L,684,I,L,0.0336287539355762,Kelch propeller
I684M,684,I,M,0.0,Kelch propeller
I684N,684,I,N,0.0305075381448293,Kelch propeller
I684P,684,I,P,0.0631289355776203,Kelch propeller
I684Q,684,I,Q,0.0234409057883265,Kelch propeller
I684R,684,I,R,0.0509445386292067,Kelch propeller
I684S,684,I,S,0.025588066117704,Kelch propeller
I684T,684,I,T,0.0712120065391122,Kelch propeller
I684V,684,I,V,0.0227711007507871,Kelch propeller
I684W,684,I,W,0.04666989585856,Kelch propeller
I684Y,684,I,Y,0.0585500423831437,Kelch propeller
T685A,685,T,A,0.0399665475902156,Kelch propeller
T685C,685,T,C,0.1125249757810595,Kelch propeller
T685D,685,T,D,0.0218871094696038,Kelch propeller
T685E,685,T,E,0.0326683216275113,Kelch propeller
T685F,685,T,F,0.0416913901671093,Kelch propeller
T685G,685,T,G,0.1993544139016713,Kelch propeller
T685H,685,T,H,0.0154955800435927,Kelch propeller
T685I,685,T,I,0.0237330467425527,Kelch propeller
T685K,685,T,K,0.0710560971179449,Kelch propeller
T685L,685,T,L,0.0133204165657544,Kelch propeller
T685M,685,T,M,0.0189974872850569,Kelch propeller
T685N,685,T,N,0.0346058367643483,Kelch propeller
T685P,685,T,P,0.0274771433761187,Kelch propeller
T685Q,685,T,Q,0.0327197868733349,Kelch propeller
T685R,685,T,R,0.0610165899733578,Kelch propeller
T685S,685,T,S,0.038327228142406,Kelch propeller
T685V,685,T,V,0.0,Kelch propeller
T685W,685,T,W,0.0519284330346331,Kelch propeller
T685Y,685,T,Y,0.0216986558488738,Kelch propeller
G686A,686,G,A,0.0520510414143847,Kelch propeller
G686C,686,G,C,0.603899249212884,Kelch propeller
G686D,686,G,D,0.0,Kelch propeller
G686E,686,G,E,0.0158830830709615,Kelch propeller
G686F,686,G,F,0.5693698534754186,Kelch propeller
G686H,686,G,H,0.022496367159117,Kelch propeller
G686I,686,G,I,0.1872820295471061,Kelch propeller
G686K,686,G,K,0.0403305885202228,Kelch propeller
G686L,686,G,L,0.1977922923225965,Kelch propeller
G686M,686,G,M,0.2683238980382663,Kelch propeller
G686N,686,G,N,0.0250908210220392,Kelch propeller
G686P,686,G,P,0.0089110559457495,Kelch propeller
G686Q,686,G,Q,0.025706133446355,Kelch propeller
G686R,686,G,R,0.0177539961249683,Kelch propeller
G686S,686,G,S,0.0046969605231276,Kelch propeller
G686T,686,G,T,0.5667413417292316,Kelch propeller
G686V,686,G,V,0.2901239706950839,Kelch propeller
G686W,686,G,W,0.4624318842334712,Kelch propeller
G686Y,686,G,Y,0.3023787539355766,Kelch propeller
G687A,687,G,A,0.089479898280454,Kelch propeller
G687C,687,G,C,0.0722882356502772,Kelch propeller
G687D,687,G,D,0.1233372184548318,Kelch propeller
G687E,687,G,E,0.1530190421409544,Kelch propeller
G687F,687,G,F,0.0462203317994658,Kelch propeller
G687H,687,G,H,0.0393799951562108,Kelch propeller
G687I,687,G,I,0.065002119157181,Kelch propeller
G687K,687,G,K,0.054076350205861,Kelch propeller
G687L,687,G,L,0.0,Kelch propeller
G687M,687,G,M,0.1458373698232019,Kelch propeller
G687N,687,G,N,0.1239782635020573,Kelch propeller
G687P,687,G,P,0.1156007810607882,Kelch propeller
G687Q,687,G,Q,0.0879752966820054,Kelch propeller
G687R,687,G,R,0.0357872668927087,Kelch propeller
G687S,687,G,S,0.095779849842577,Kelch propeller
G687T,687,G,T,0.0519571930249455,Kelch propeller
G687V,687,G,V,0.0842387684669398,Kelch propeller
G687W,687,G,W,0.1184412085250667,Kelch propeller
G687Y,687,G,Y,0.1052229656091064,Kelch propeller
E688A,688,E,A,0.029782483652216,Kelch propeller
E688C,688,E,C,0.0154857410995384,Kelch propeller
E688D,688,E,D,0.033144375151367,Kelch propeller
E688F,688,E,F,0.0198943448776943,Kelch propeller
E688G,688,E,G,0.0285178009203197,Kelch propeller
E688H,688,E,H,0.0306097117946234,Kelch propeller
E688I,688,E,I,0.026218515379025,Kelch propeller
E688K,688,E,K,0.0,Kelch propeller
E688L,688,E,L,0.0216941147977718,Kelch propeller
E688M,688,E,M,0.0282180915475888,Kelch propeller
E688N,688,E,N,0.0289068176313863,Kelch propeller
E688P,688,E,P,0.0131516408331315,Kelch propeller
E688Q,688,E,Q,0.0130827682247517,Kelch propeller
E688R,688,E,R,0.0237724025187683,Kelch propeller
E688S,688,E,S,0.0272432792443691,Kelch propeller
E688T,688,E,T,0.0483591668684912,Kelch propeller
E688V,688,E,V,0.0341941147977719,Kelch propeller
E688W,688,E,W,0.0570931218212643,Kelch propeller
E688Y,688,E,Y,0.0397796076531848,Kelch propeller
N689A,689,N,A,0.0218538084281908,Kelch propeller
N689C,689,N,C,0.0524506539113601,Kelch propeller
N689D,689,N,D,0.0069387260837975,Kelch propeller
N689E,689,N,E,0.059383325260355,Kelch propeller
N689F,689,N,F,0.0251861830951818,Kelch propeller
N689G,689,N,G,0.024538326471302,Kelch propeller
N689H,689,N,H,0.0056846391378057,Kelch propeller
N689I,689,N,I,0.0066708040687832,Kelch propeller
N689K,689,N,K,0.0,Kelch propeller
N689L,689,N,L,0.0114525308791475,Kelch propeller
N689M,689,N,M,0.039087097360137,Kelch propeller
N689P,689,N,P,0.0289317934124499,Kelch propeller
N689Q,689,N,Q,0.0413054008234454,Kelch propeller
N689R,689,N,R,0.0183836885444431,Kelch propeller
N689S,689,N,S,0.0672453984015515,Kelch propeller
N689T,689,N,T,0.0462210886413189,Kelch propeller
N689V,689,N,V,0.0112073141196415,Kelch propeller
N689W,689,N,W,0.0096951441026883,Kelch propeller
N689Y,689,N,Y,0.0029206527004131,Kelch propeller
G690A,690,G,A,0.0367840276095907,Kelch propeller
G690C,690,G,C,0.0160397493339777,Kelch propeller
G690D,690,G,D,0.025113526277549,Kelch propeller
G690E,690,G,E,0.0245913054008234,Kelch propeller
G690F,690,G,F,0.0169903426979898,Kelch propeller
G690H,690,G,H,0.0277208464519254,Kelch propeller
G690I,690,G,I,0.0317298377331059,Kelch propeller
G690K,690,G,K,0.0126279062727052,Kelch propeller
G690L,690,G,L,0.0195499818357942,Kelch propeller
G690M,690,G,M,0.0056097117946234,Kelch propeller
G690N,690,G,N,0.0170804068781787,Kelch propeller
G690P,690,G,P,0.0605488617098571,Kelch propeller
G690Q,690,G,Q,0.0210999939452638,Kelch propeller
G690R,690,G,R,0.0157226325986922,Kelch propeller
G690S,690,G,S,0.0,Kelch propeller
G690T,690,G,T,0.0256243945265197,Kelch propeller
G690V,690,G,V,0.014590397190603,Kelch propeller
G690W,690,G,W,0.0322581133446341,Kelch propeller
G690Y,690,G,Y,0.0141264531363512,Kelch propeller
E691A,691,E,A,0.0194182913538387,Kelch propeller
E691C,691,E,C,0.0095218273189634,Kelch propeller
E691D,691,E,D,0.017864495035116,Kelch propeller
E691F,691,E,F,0.0189490494066346,Kelch propeller
E691G,691,E,G,0.0138063090336629,Kelch propeller
E691H,691,E,H,0.0089042443690952,Kelch propeller
E691I,691,E,I,0.0222776398643739,Kelch propeller
E691K,691,E,K,0.0043155122305628,Kelch propeller
E691L,691,E,L,0.0290211007507871,Kelch propeller
E691M,691,E,M,0.0293684911600858,Kelch propeller
E691N,691,E,N,0.0133385807701608,Kelch propeller
E691P,691,E,P,0.0,Kelch propeller
E691Q,691,E,Q,0.0186811273916202,Kelch propeller
E691R,691,E,R,0.0314732683458464,Kelch propeller
E691S,691,E,S,0.025658452409783,Kelch propeller
E691T,691,E,T,0.046153729716637,Kelch propeller
E691V,691,E,V,0.0279395737466685,Kelch propeller
E691W,691,E,W,0.0279554674255268,Kelch propeller
E691Y,691,E,Y,0.0566238798740615,Kelch propeller
V692A,692,V,A,0.0799232562363769,Kelch propeller
V692C,692,V,C,0.0,Kelch propeller
V692D,692,V,D,0.0144450835553417,Kelch propeller
V692E,692,V,E,0.0203628299830481,Kelch propeller
V692F,692,V,F,0.0329195931218213,Kelch propeller
V692G,692,V,G,0.0254200472269314,Kelch propeller
V692H,692,V,H,0.0248849600387503,Kelch propeller
V692I,692,V,I,0.030057974085735,Kelch propeller
V692K,692,V,K,0.0924035783482684,Kelch propeller
V692L,692,V,L,0.0371480685395994,Kelch propeller
V692M,692,V,M,0.1188529304916446,Kelch propeller
V692N,692,V,N,0.0326857289900702,Kelch propeller
V692P,692,V,P,0.0732093121821279,Kelch propeller
V692Q,692,V,Q,0.0789514713005571,Kelch propeller
V692R,692,V,R,0.0549648825381463,Kelch propeller
V692S,692,V,S,0.0304257992249953,Kelch propeller
V692T,692,V,T,0.01752315936062,Kelch propeller
V692W,692,V,W,0.063893345846452,Kelch propeller
V692Y,692,V,Y,0.0658671893921047,Kelch propeller
L693A,693,L,A,0.0,Kelch propeller
L693C,693,L,C,0.0317025914264955,Kelch propeller
L693D,693,L,D,0.0159459009445386,Kelch propeller
L693E,693,L,E,0.0211484318236861,Kelch propeller
L693F,693,L,F,0.0171137079195931,Kelch propeller
L693G,693,L,G,0.0464799285541279,Kelch propeller
L693H,693,L,H,0.018339034875271,Kelch propeller
L693I,693,L,I,0.0033792988617098,Kelch propeller
L693K,693,L,K,0.0177078287720983,Kelch propeller
L693M,693,L,M,0.0120973601356246,Kelch propeller
L693N,693,L,N,0.027602779123273,Kelch propeller
L693P,693,L,P,0.0641635383870173,Kelch propeller
L693Q,693,L,Q,0.0105420501332027,Kelch propeller
L693R,693,L,R,0.0183208706708632,Kelch propeller
L693S,693,L,S,0.0099736619036072,Kelch propeller
L693T,693,L,T,0.0172136110438348,Kelch propeller
L693V,693,L,V,0.0151572717364979,Kelch propeller
L693W,693,L,W,0.0124439937030758,Kelch propeller
L693Y,693,L,Y,0.0043177827561152,Kelch propeller
N694A,694,N,A,0.0060471663841109,Kelch propeller
N694C,694,N,C,0.0096474630661163,Kelch propeller
N694D,694,N,D,0.0144571930249441,Kelch propeller
N694E,694,N,E,0.0010383870186485,Kelch propeller
N694F,694,N,F,0.0163008597723405,Kelch propeller
N694G,694,N,G,0.031724539840155,Kelch propeller
N694H,694,N,H,0.0078348268345846,Kelch propeller
N694I,694,N,I,0.0075351174618551,Kelch propeller
N694K,694,N,K,0.0467440663598935,Kelch propeller
N694L,694,N,L,0.0126392589004601,Kelch propeller
N694M,694,N,M,0.0035548861709857,Kelch propeller
N694P,694,N,P,0.0054787781545168,Kelch propeller
N694Q,694,N,Q,0.0073360680552191,Kelch propeller
N694R,694,N,R,0.038482380721723,Kelch propeller
N694S,694,N,S,0.0,Kelch propeller
N694T,694,N,T,0.0224782029547092,Kelch propeller
N694V,694,N,V,0.0165218575926374,Kelch propeller
N694W,694,N,W,0.0216933579559215,Kelch propeller
N694Y,694,N,Y,0.0075086279970937,Kelch propeller
S695A,695,S,A,0.0,Kelch propeller
S695C,695,S,C,0.0132205134415098,Kelch propeller
S695D,695,S,D,0.0341214579801391,Kelch propeller
S695E,695,S,E,0.042394496246063,Kelch propeller
S695F,695,S,F,0.0391241826108017,Kelch propeller
S695G,695,S,G,0.0060501937515136,Kelch propeller
S695H,695,S,H,0.0226424376362301,Kelch propeller
S695I,695,S,I,0.0226575744732381,Kelch propeller
S695K,695,S,K,0.0056831254541051,Kelch propeller
S695L,695,S,L,0.0590450169532561,Kelch propeller
S695M,695,S,M,0.0276292685880358,Kelch propeller
S695N,695,S,N,0.0271812182126409,Kelch propeller
S695P,695,S,P,0.1602627754904323,Kelch propeller
S695Q,695,S,Q,0.0282597178493568,Kelch propeller
S695R,695,S,R,0.0171084100266394,Kelch propeller
S695T,695,S,T,0.0347034693630419,Kelch propeller
S695V,695,S,V,0.0188082768224752,Kelch propeller
S695W,695,S,W,0.0363397614434474,Kelch propeller
S695Y,695,S,Y,0.0037539355776202,Kelch propeller
C696A,696,C,A,0.0021471603293775,Kelch propeller
C696D,696,C,D,0.0035473177524824,Kelch propeller
C696E,696,C,E,0.0211226992007736,Kelch propeller
C696F,696,C,F,0.0557368612254784,Kelch propeller
C696G,696,C,G,0.0324579195931218,Kelch propeller
C696H,696,C,H,0.0,Kelch propeller
C696I,696,C,I,0.0844491705013321,Kelch propeller
C696K,696,C,K,0.1045592153063683,Kelch propeller
C696L,696,C,L,0.0179469907968031,Kelch propeller
C696M,696,C,M,0.0563665536449504,Kelch propeller
C696N,696,C,N,0.063725326955678,Kelch propeller
C696P,696,C,P,0.1875325441995643,Kelch propeller
C696Q,696,C,Q,0.0218152094938242,Kelch propeller
C696R,696,C,R,0.0575517679825624,Kelch propeller
C696S,696,C,S,0.0127951683216261,Kelch propeller
C696T,696,C,T,0.0177479413901657,Kelch propeller
C696V,696,C,V,0.0477082828772086,Kelch propeller
C696W,696,C,W,0.0348381872124001,Kelch propeller
C696Y,696,C,Y,0.0083313150883977,Kelch propeller
H697A,697,H,A,0.0458638592879618,Kelch propeller
H697C,697,H,C,0.0207230867038024,Kelch propeller
H697D,697,H,D,0.0220074473238072,Kelch propeller
H697E,697,H,E,0.0479966396221832,Kelch propeller
H697F,697,H,F,0.0103679765076275,Kelch propeller
H697G,697,H,G,0.0754942177282636,Kelch propeller
H697I,697,H,I,0.0727014713005571,Kelch propeller
H697K,697,H,K,0.0313688241705013,Kelch propeller
H697L,697,H,L,0.0768966456769194,Kelch propeller
H697M,697,H,M,0.0376309336401066,Kelch propeller
H697N,697,H,N,0.0300511625090807,Kelch propeller
H697P,697,H,P,0.1442805461370794,Kelch propeller
H697Q,697,H,Q,0.0120375696294502,Kelch propeller
H697R,697,H,R,0.0347814240736256,Kelch propeller
H697S,697,H,S,0.047668927100993,Kelch propeller
H697T,697,H,T,0.0929840760474678,Kelch propeller
H697V,697,H,V,0.1179871034148691,Kelch propeller
H697W,697,H,W,0.0412796682005328,Kelch propeller
H697Y,697,H,Y,0.0,Kelch propeller
F698A,698,F,A,0.0213164507144601,Kelch propeller
F698C,698,F,C,0.0356979595543715,Kelch propeller
F698D,698,F,D,0.0107842395253102,Kelch propeller
F698E,698,F,E,0.0353770586098343,Kelch propeller
F698G,698,F,G,0.0066927524824426,Kelch propeller
F698H,698,F,H,0.0092758537176071,Kelch propeller
F698I,698,F,I,0.0298369762654396,Kelch propeller
F698K,698,F,K,0.0463520222814241,Kelch propeller
F698L,698,F,L,0.0115032392831208,Kelch propeller
F698M,698,F,M,0.0068244429643995,Kelch propeller
F698N,698,F,N,0.0049951562121593,Kelch propeller
F698P,698,F,P,0.0610604868006796,Kelch propeller
F698Q,698,F,Q,0.017730534027611,Kelch propeller
F698R,698,F,R,0.0428735771373228,Kelch propeller
F698S,698,F,S,0.0228316480988133,Kelch propeller
F698T,698,F,T,0.0295327258416095,Kelch propeller
F698V,698,F,V,0.0230715669653669,Kelch propeller
F698W,698,F,W,0.0102635323322852,Kelch propeller
F698Y,698,F,Y,0.0,Kelch propeller
F699A,699,F,A,0.0701789174134173,Kelch propeller
F699C,699,F,C,0.1053372487285058,Kelch propeller
F699D,699,F,D,0.124132659239524,Kelch propeller
F699E,699,F,E,0.0522796076531834,Kelch propeller
F699G,699,F,G,0.102698898038266,Kelch propeller
F699H,699,F,H,0.0375075684185033,Kelch propeller
F699I,699,F,I,0.0536540324533786,Kelch propeller
F699K,699,F,K,0.0663091850326942,Kelch propeller
F699L,699,F,L,0.0276217001695326,Kelch propeller
F699M,699,F,M,0.0360915173165415,Kelch propeller
F699N,699,F,N,0.0764591910874304,Kelch propeller
F699P,699,F,P,0.0910465609106308,Kelch propeller
F699Q,699,F,Q,0.0495769254056658,Kelch propeller
F699R,699,F,R,0.0426866372002906,Kelch propeller
F699S,699,F,S,0.0759589186243629,Kelch propeller
F699T,699,F,T,0.0736278457253559,Kelch propeller
F699V,699,F,V,0.0613556551223057,Kelch propeller
F699W,699,F,W,0.0,Kelch propeller
F699Y,699,F,Y,0.0159390893678843,Kelch propeller
S700A,700,S,A,0.0374894042140954,Kelch propeller
S700C,700,S,C,0.0527829074836537,Kelch propeller
S700D,700,S,D,0.0283369157180915,Kelch propeller
S700E,700,S,E,0.0366243339791731,Kelch propeller
S700F,700,S,F,0.0279607653184805,Kelch propeller
S700G,700,S,G,0.0533073988859302,Kelch propeller
S700H,700,S,H,0.0535919714216518,Kelch propeller
S700I,700,S,I,0.0222625030273688,Kelch propeller
S700K,700,S,K,0.0592909905546152,Kelch propeller
S700L,700,S,L,0.0,Kelch propeller
S700M,700,S,M,0.0017271131024475,Kelch propeller
S700N,700,S,N,0.0594173831436183,Kelch propeller
S700P,700,S,P,0.0318834766287251,Kelch propeller
S700Q,700,S,Q,0.0447914143860499,Kelch propeller
S700R,700,S,R,0.0509415112618068,Kelch propeller
S700T,700,S,T,0.0544320658755161,Kelch propeller
S700V,700,S,V,0.0268580467425541,Kelch propeller
S700W,700,S,W,0.066664143860499,Kelch propeller
S700Y,700,S,Y,0.0406575441995641,Kelch propeller
P701A,701,P,A,0.0927494550738664,Kelch propeller
P701C,701,P,C,0.0847201198837492,Kelch propeller
P701D,701,P,D,0.0524733591668685,Kelch propeller
P701E,701,P,E,0.0583736982320161,Kelch propeller
P701F,701,P,F,0.110659360620005,Kelch propeller
P701G,701,P,G,0.0074670016953257,Kelch propeller
P701H,701,P,H,0.0,Kelch propeller
P701I,701,P,I,0.1106608743037042,Kelch propeller
P701K,701,P,K,0.1065913356744962,Kelch propeller
P701L,701,P,L,0.097190603051585,Kelch propeller
P701M,701,P,M,0.1055128360377802,Kelch propeller
P701N,701,P,N,0.0738791172196644,Kelch propeller
P701Q,701,P,Q,0.089276307822716,Kelch propeller
P701R,701,P,R,0.0858637079195932,Kelch propeller
P701S,701,P,S,0.0758847481230309,Kelch propeller
P701T,701,P,T,0.1145079014289175,Kelch propeller
P701V,701,P,V,0.0934745095664811,Kelch propeller
P701W,701,P,W,0.0789870428675225,Kelch propeller
P701Y,701,P,Y,0.0636322354080878,Kelch propeller
D702A,702,D,A,0.012447777912326,Kelch propeller
D702C,702,D,C,0.009129783240494,Kelch propeller
D702E,702,D,E,0.0713875938483895,Kelch propeller
D702F,702,D,F,0.0046856078953727,Kelch propeller
D702G,702,D,G,0.0175874909178978,Kelch propeller
D702H,702,D,H,0.00555900339065,Kelch propeller
D702I,702,D,I,0.0251059578590444,Kelch propeller
D702K,702,D,K,0.0359492310486787,Kelch propeller
D702L,702,D,L,0.0026625696294488,Kelch propeller
D702M,702,D,M,0.0198625575199806,Kelch propeller
D702N,702,D,N,0.0174603414870414,Kelch propeller
D702P,702,D,P,0.0418881690481957,Kelch propeller
D702Q,702,D,Q,0.0283505388713974,Kelch propeller
D702R,702,D,R,0.013328741826108,Kelch propeller
D702S,702,D,S,0.019180643012836,Kelch propeller
D702T,702,D,T,0.0,Kelch propeller
D702V,702,D,V,0.0085031181884233,Kelch propeller
D702W,702,D,W,0.0304931581496716,Kelch propeller
D702Y,702,D,Y,0.0088648885928796,Kelch propeller
T703A,703,T,A,0.0632454892225707,Kelch propeller
T703C,703,T,C,0.0330664204407847,Kelch propeller
T703D,703,T,D,0.0227695870670864,Kelch propeller
T703E,703,T,E,0.0037221482199079,Kelch propeller
T703F,703,T,F,0.0,Kelch propeller
T703G,703,T,G,0.0194447808185987,Kelch propeller
T703H,703,T,H,0.0705338762412193,Kelch propeller
T703I,703,T,I,0.0434518043109698,Kelch propeller
T703K,703,T,K,0.0404759021554842,Kelch propeller
T703L,703,T,L,0.0549936425284573,Kelch propeller
T703M,703,T,M,0.0279713611043822,Kelch propeller
T703N,703,T,N,0.0442638956163706,Kelch propeller
T703P,703,T,P,0.0739381508839913,Kelch propeller
T703Q,703,T,Q,0.00101870913054,Kelch propeller
T703R,703,T,R,0.0821037176071675,Kelch propeller
T703S,703,T,S,0.0446688060062955,Kelch propeller
T703V,703,T,V,0.0620330285783469,Kelch propeller
T703W,703,T,W,0.0246367159118416,Kelch propeller
T703Y,703,T,Y,0.0228891680794367,Kelch propeller
N704A,704,N,A,0.0212929886170986,Kelch propeller
N704C,704,N,C,0.0686160389924908,Kelch propeller
N704D,704,N,D,0.0057815148946476,Kelch propeller
N704E,704,N,E,0.0588088822959555,Kelch propeller
N704F,704,N,F,0.054783240494065,Kelch propeller
N704G,704,N,G,0.0336567570840397,Kelch propeller
N704H,704,N,H,0.0364343666747382,Kelch propeller
N704I,704,N,I,0.0640712036812774,Kelch propeller
N704K,704,N,K,0.0446975659966094,Kelch propeller
N704L,704,N,L,0.0925292140954227,Kelch propeller
N704M,704,N,M,0.0601848207798499,Kelch propeller
N704P,704,N,P,0.0,Kelch propeller
N704Q,704,N,Q,0.0473722450956634,Kelch propeller
N704R,704,N,R,0.0648280455316044,Kelch propeller
N704S,704,N,S,0.0209834403003134,Kelch propeller
N704T,704,N,T,0.0608190542504239,Kelch propeller
N704V,704,N,V,0.0506100145313636,Kelch propeller
N704W,704,N,W,0.0124250726568176,Kelch propeller
N704Y,704,N,Y,0.0658240494066346,Kelch propeller
E705A,705,E,A,0.0379132356502785,Kelch propeller
E705C,705,E,C,0.0241137381932657,Kelch propeller
E705D,705,E,D,0.0322581133446341,Kelch propeller
E705F,705,E,F,0.0461484318236861,Kelch propeller
E705G,705,E,G,0.0952205437151854,Kelch propeller
E705H,705,E,H,0.0225024218939196,Kelch propeller
E705I,705,E,I,0.0515590942116721,Kelch propeller
E705K,705,E,K,0.0524551949624607,Kelch propeller
E705L,705,E,L,0.0455724751755873,Kelch propeller
E705M,705,E,M,0.0296697142165173,Kelch propeller
E705N,705,E,N,0.0187030758052797,Kelch propeller
E705P,705,E,P,0.0809487769435685,Kelch propeller
E705Q,705,E,Q,0.0217183337369823,Kelch propeller
E705R,705,E,R,0.0498410632114314,Kelch propeller
E705S,705,E,S,0.0248577137321371,Kelch propeller
E705T,705,E,T,0.0290801344151126,Kelch propeller
E705V,705,E,V,0.0,Kelch propeller
E705W,705,E,W,0.018347360135626,Kelch propeller
E705Y,705,E,Y,0.0420236437394042,Kelch propeller
W706A,706,W,A,0.1268921046258175,Kelch propeller
W706C,706,W,C,0.1252482441269074,Kelch propeller
W706D,706,W,D,0.215383567449746,Kelch propeller
W706E,706,W,E,0.1468719726325975,Kelch propeller
W706F,706,W,F,0.0,Kelch propeller
W706G,706,W,G,0.0168306490675694,Kelch propeller
W706H,706,W,H,0.0929371518527489,Kelch propeller
W706I,706,W,I,0.1888804795349966,Kelch propeller
W706K,706,W,K,0.1433783906514882,Kelch propeller
W706L,706,W,L,0.1575426858803572,Kelch propeller
W706M,706,W,M,0.1072505449261323,Kelch propeller
W706N,706,W,N,0.1638396100750789,Kelch propeller
W706P,706,W,P,0.0650989949140228,Kelch propeller
W706Q,706,W,Q,0.1609182005328168,Kelch propeller
W706R,706,W,R,0.1428682792443679,Kelch propeller
W706S,706,W,S,0.1393429099055449,Kelch propeller
W706T,706,W,T,0.1690345725357217,Kelch propeller
W706V,706,W,V,0.1634301586340506,Kelch propeller
W706Y,706,W,Y,0.0030228263502044,Kelch propeller
Q707A,707,Q,A,0.0216918442722223,Kelch propeller
Q707C,707,Q,C,0.0262154880116251,Kelch propeller
Q707D,707,Q,D,0.0083184487769449,Kelch propeller
Q707E,707,Q,E,0.0127891135868249,Kelch propeller
Q707F,707,Q,F,0.0163689755388714,Kelch propeller
Q707G,707,Q,G,0.0383575018164204,Kelch propeller
Q707H,707,Q,H,0.0234424194720271,Kelch propeller
Q707I,707,Q,I,0.0061228505691464,Kelch propeller
Q707K,707,Q,K,0.0212786086219438,Kelch propeller
Q707L,707,Q,L,0.0292080406878193,Kelch propeller
Q707M,707,Q,M,0.0196332344393315,Kelch propeller
Q707N,707,Q,N,0.0286653850811348,Kelch propeller
Q707P,707,Q,P,0.024061516105596,Kelch propeller
Q707R,707,Q,R,0.0572671954468409,Kelch propeller
Q707S,707,Q,S,0.0122169411479777,Kelch propeller
Q707T,707,Q,T,0.0,Kelch propeller
Q707V,707,Q,V,0.0141166141922983,Kelch propeller
Q707W,707,Q,W,0.0096482199079694,Kelch propeller
Q707Y,707,Q,Y,0.0032862073141196,Kelch propeller
L708A,708,L,A,0.0311137684669397,Kelch propeller
L708C,708,L,C,0.0112943509324277,Kelch propeller
L708D,708,L,D,0.0599047892952275,Kelch propeller
L708E,708,L,E,0.0662032271736484,Kelch propeller
L708F,708,L,F,0.0129662145798,Kelch propeller
L708G,708,L,G,0.0356025974812289,Kelch propeller
L708H,708,L,H,0.0032309578590443,Kelch propeller
L708I,708,L,I,0.0111195204650036,Kelch propeller
L708K,708,L,K,0.0382303523855641,Kelch propeller
L708M,708,L,M,0.05521161298135,Kelch propeller
L708N,708,L,N,0.0372858137563575,Kelch propeller
L708P,708,L,P,0.0248410632114313,Kelch propeller
L708Q,708,L,Q,0.0520790445628482,Kelch propeller
L708R,708,L,R,0.0043881690481942,Kelch propeller
L708S,708,L,S,0.0344241947202713,Kelch propeller
L708T,708,L,T,0.0365834645192541,Kelch propeller
L708V,708,L,V,0.0,Kelch propeller
L708W,708,L,W,0.0046000847662872,Kelch propeller
L708Y,708,L,Y,0.016213066117704,Kelch propeller
G709A,709,G,A,0.0013229595543715,Kelch propeller
G709C,709,G,C,0.0575298195689043,Kelch propeller
G709D,709,G,D,0.0460886413175103,Kelch propeller
G709E,709,G,E,0.0191632356502799,Kelch propeller
G709F,709,G,F,0.0786941450714459,Kelch propeller
G709H,709,G,H,0.0,Kelch propeller
G709I,709,G,I,0.0874175042383158,Kelch propeller
G709K,709,G,K,0.0249205316057171,Kelch propeller
G709L,709,G,L,0.0984439331557279,Kelch propeller
G709M,709,G,M,0.0417057701622683,Kelch propeller
G709N,709,G,N,0.0608258658270768,Kelch propeller
G709P,709,G,P,0.0439937030758067,Kelch propeller
G709Q,709,G,Q,0.0119724812303235,Kelch propeller
G709R,709,G,R,0.0367431581496731,Kelch propeller
G709S,709,G,S,0.0228180249455074,Kelch propeller
G709T,709,G,T,0.0371306611770404,Kelch propeller
G709V,709,G,V,0.0371299043351915,Kelch propeller
G709W,709,G,W,0.0718227779123275,Kelch propeller
G709Y,709,G,Y,0.0346187030758067,Kelch propeller
P710A,710,P,A,0.0426911782513926,Kelch propeller
P710C,710,P,C,0.0131864555582465,Kelch propeller
P710D,710,P,D,0.1208555340276097,Kelch propeller
P710E,710,P,E,0.1337256296924182,Kelch propeller
P710F,710,P,F,0.5041437091305394,Kelch propeller
P710G,710,P,G,0.2883847481230312,Kelch propeller
P710H,710,P,H,0.0133544744490177,Kelch propeller
P710I,710,P,I,0.1674277972874776,Kelch propeller
P710K,710,P,K,0.0,Kelch propeller
P710L,710,P,L,0.3505366008718809,Kelch propeller
P710M,710,P,M,0.3879041535480737,Kelch propeller
P710N,710,P,N,0.0300292140954212,Kelch propeller
P710Q,710,P,Q,0.0475501029304917,Kelch propeller
P710R,710,P,R,0.0073549891014773,Kelch propeller
P710S,710,P,S,0.0270911540324534,Kelch propeller
P710T,710,P,T,0.0288508113344635,Kelch propeller
P710V,710,P,V,0.0244633991281168,Kelch propeller
P710W,710,P,W,0.3506259082102209,Kelch propeller
P710Y,710,P,Y,0.1444742976507631,Kelch propeller
S711A,711,S,A,0.0193948292564785,Kelch propeller
S711C,711,S,C,0.0428077318963415,Kelch propeller
S711D,711,S,D,0.0,Kelch propeller
S711E,711,S,E,0.0280758052797273,Kelch propeller
S711F,711,S,F,0.0265712036812773,Kelch propeller
S711G,711,S,G,0.0089504117219665,Kelch propeller
S711H,711,S,H,0.0171591184306113,Kelch propeller
S711I,711,S,I,0.0514735710825852,Kelch propeller
S711K,711,S,K,0.0288114555582465,Kelch propeller
S711L,711,S,L,0.0046629026398643,Kelch propeller
S711M,711,S,M,0.0289938544441739,Kelch propeller
S711N,711,S,N,0.0207064361830952,Kelch propeller
S711P,711,S,P,0.0409088156938712,Kelch propeller
S711Q,711,S,Q,0.029826380479535,Kelch propeller
S711R,711,S,R,0.0319924618551707,Kelch propeller
S711T,711,S,T,0.0589178675224011,Kelch propeller
S711V,711,S,V,0.0538954650036329,Kelch propeller
S711W,711,S,W,0.027524067570839,Kelch propeller
S711Y,711,S,Y,0.0281075926374411,Kelch propeller
L712A,712,L,A,0.1141461310244612,Kelch propeller
L712C,712,L,C,0.0333275308791461,Kelch propeller
L712D,712,L,D,0.0831746488253801,Kelch propeller
L712E,712,L,E,0.0902677706466458,Kelch propeller
L712F,712,L,F,0.0,Kelch propeller
L712G,712,L,G,0.0894761140712038,Kelch propeller
L712H,712,L,H,0.037699049406636,Kelch propeller
L712I,712,L,I,0.0313052494550725,Kelch propeller
L712K,712,L,K,0.039350478324048,Kelch propeller
L712M,712,L,M,0.0190527367401294,Kelch propeller
L712N,712,L,N,0.0272114918866554,Kelch propeller
L712P,712,L,P,0.0967713126665053,Kelch propeller
L712Q,712,L,Q,0.0453287720997806,Kelch propeller
L712R,712,L,R,0.035053130297893,Kelch propeller
L712S,712,L,S,0.1267475478324037,Kelch propeller
L712T,712,L,T,0.0641075320900931,Kelch propeller
L712V,712,L,V,0.0708161782513912,Kelch propeller
L712W,712,L,W,0.0394571930249455,Kelch propeller
L712Y,712,L,Y,0.0275013623153306,Kelch propeller
L713A,713,L,A,0.0268588035844016,Kelch propeller
L713C,713,L,C,0.0464125696294488,Kelch propeller
L713D,713,L,D,0.0394390288205377,Kelch propeller
L713E,713,L,E,0.0562636231533059,Kelch propeller
L713F,713,L,F,0.0423990372971664,Kelch propeller
L713G,713,L,G,0.0504457798498412,Kelch propeller
L713H,713,L,H,0.0145290930007265,Kelch propeller
L713I,713,L,I,0.0277533906514895,Kelch propeller
L713K,713,L,K,0.029061213368853,Kelch propeller
L713M,713,L,M,0.0056051707435214,Kelch propeller
L713N,713,L,N,0.0,Kelch propeller
L713P,713,L,P,0.0651981411964156,Kelch propeller
L713Q,713,L,Q,0.0357895374182597,Kelch propeller
L713R,713,L,R,0.0534428735771359,Kelch propeller
L713S,713,L,S,0.0441617219665765,Kelch propeller
L713T,713,L,T,0.0414022765802858,Kelch propeller
L713V,713,L,V,0.0302078287720998,Kelch propeller
L713W,713,L,W,0.0212808791474919,Kelch propeller
L713Y,713,L,Y,0.0414787176071674,Kelch propeller
V714A,714,V,A,0.0307474570113829,Kelch propeller
V714C,714,V,C,0.0223919229837747,Kelch propeller
V714D,714,V,D,0.0,Kelch propeller
V714E,714,V,E,0.0513562605957873,Kelch propeller
V714F,714,V,F,0.0092539053039491,Kelch propeller
V714G,714,V,G,0.074894798982806,Kelch propeller
V714H,714,V,H,0.0258764228626786,Kelch propeller
V714I,714,V,I,0.0285276398643739,Kelch propeller
V714K,714,V,K,0.0492825139258915,Kelch propeller
V714L,714,V,L,0.0161994429643995,Kelch propeller
V714M,714,V,M,0.0232380721724388,Kelch propeller
V714N,714,V,N,0.0288576229111179,Kelch propeller
V714P,714,V,P,0.2058602264470833,Kelch propeller
V714Q,714,V,Q,0.0405319084524112,Kelch propeller
V714R,714,V,R,0.0320378723661918,Kelch propeller
V714S,714,V,S,0.0411865766529426,Kelch propeller
V714T,714,V,T,0.0298876846694115,Kelch propeller
V714W,714,V,W,0.0047461552434017,Kelch propeller
V714Y,714,V,Y,0.0290438060062969,Kelch propeller
P715A,715,P,A,0.0208691571809155,Kelch propeller
P715C,715,P,C,0.0258771797045289,Kelch propeller
P715D,715,P,D,0.0217349842576909,Kelch propeller
P715E,715,P,E,0.0465737769435699,Kelch propeller
P715F,715,P,F,0.0383514470816178,Kelch propeller
P715G,715,P,G,0.0143224751755887,Kelch propeller
P715H,715,P,H,0.0336121034148718,Kelch propeller
P715I,715,P,I,0.0420819205618808,Kelch propeller
P715K,715,P,K,0.0416376543957389,Kelch propeller
P715L,715,P,L,0.0346376241220649,Kelch propeller
P715M,715,P,M,0.0259793533543245,Kelch propeller
P715N,715,P,N,0.0218901368370065,Kelch propeller
P715Q,715,P,Q,0.0441851840639394,Kelch propeller
P715R,715,P,R,0.0653608621942374,Kelch propeller
P715S,715,P,S,0.0,Kelch propeller
P715T,715,P,T,0.0314498062484863,Kelch propeller
P715V,715,P,V,0.0219484136594831,Kelch propeller
P715W,715,P,W,0.01819447808186,Kelch propeller
P715Y,715,P,Y,0.0315587914749334,Kelch propeller
R716A,716,R,A,0.0708820234923711,Kelch propeller
R716C,716,R,C,0.024085735044805,Kelch propeller
R716D,716,R,D,0.1087528759990314,Kelch propeller
R716E,716,R,E,0.0528502664083299,Kelch propeller
R716F,716,R,F,0.0551283603778155,Kelch propeller
R716G,716,R,G,0.1108372184548318,Kelch propeller
R716H,716,R,H,0.0444871639622185,Kelch propeller
R716I,716,R,I,0.003400490433519,Kelch propeller
R716K,716,R,K,0.03152776095907,Kelch propeller
R716L,716,R,L,0.0,Kelch propeller
R716M,716,R,M,0.0103331617825139,Kelch propeller
R716N,716,R,N,0.0425307277791233,Kelch propeller
R716P,716,R,P,0.1238367340760462,Kelch propeller
R716Q,716,R,Q,0.0099956103172667,Kelch propeller
R716S,716,R,S,0.0171106805521918,Kelch propeller
R716T,716,R,T,0.026902700411722,Kelch propeller
R716V,716,R,V,0.0418071869702107,Kelch propeller
R716W,716,R,W,0.0712702833615874,Kelch propeller
R716Y,716,R,Y,0.0360165899733592,Kelch propeller
F717A,717,F,A,0.0221489767498183,Kelch propeller
F717C,717,F,C,0.0241137381932685,Kelch propeller
F717D,717,F,D,0.0,Kelch propeller
F717E,717,F,E,0.0207276277549043,Kelch propeller
F717G,717,F,G,0.0102279607653199,Kelch propeller
F717H,717,F,H,0.0007984681520963,Kelch propeller
F717I,717,F,I,0.0267974993945279,Kelch propeller
F717K,717,F,K,0.0063347662872366,Kelch propeller
F717L,717,F,L,0.0071771312666519,Kelch propeller
F717M,717,F,M,0.0167322596270297,Kelch propeller
F717N,717,F,N,0.0208169350932443,Kelch propeller
F717P,717,F,P,0.0529403305885202,Kelch propeller
F717Q,717,F,Q,0.0221860620004844,Kelch propeller
F717R,717,F,R,0.0311826410753223,Kelch propeller
F717S,717,F,S,0.0409262230564315,Kelch propeller
F717T,717,F,T,0.0322490312424316,Kelch propeller
F717V,717,F,V,0.0347920198595316,Kelch propeller
F717W,717,F,W,0.0080679341244867,Kelch propeller
F717Y,717,F,Y,0.020606533058852,Kelch propeller
G718A,718,G,A,0.0087543896827319,Kelch propeller
G718C,718,G,C,0.0230193448776958,Kelch propeller
G718D,718,G,D,0.0,Kelch propeller
G718E,718,G,E,0.0038439997578106,Kelch propeller
G718F,718,G,F,0.0335893981593606,Kelch propeller
G718H,718,G,H,0.0218416989585856,Kelch propeller
G718I,718,G,I,0.0706496730443207,Kelch propeller
G718K,718,G,K,0.0442578408815708,Kelch propeller
G718L,718,G,L,0.031092576895132,Kelch propeller
G718M,718,G,M,0.0239207435214337,Kelch propeller
G718N,718,G,N,0.0465745337854202,Kelch propeller
G718P,718,G,P,0.2487421288447583,Kelch propeller
G718Q,718,G,Q,0.0146751634778411,Kelch propeller
G718R,718,G,R,0.0674096330830724,Kelch propeller
G718S,718,G,S,0.0126498546863661,Kelch propeller
G718T,718,G,T,0.0474903124243158,Kelch propeller
G718V,718,G,V,0.0430060244611286,Kelch propeller
G718W,718,G,W,0.0060433821748621,Kelch propeller
G718Y,718,G,Y,0.0331004783240508,Kelch propeller
H719A,719,H,A,0.0740251876967789,Kelch propeller
H719C,719,H,C,0.0544396342940194,Kelch propeller
H719D,719,H,D,0.0626975357229368,Kelch propeller
H719E,719,H,E,0.042439906757084,Kelch propeller
H719F,719,H,F,0.0103316480988146,Kelch propeller
H719G,719,H,G,0.0564301283603793,Kelch propeller
H719I,719,H,I,0.1637313816904836,Kelch propeller
H719K,719,H,K,0.0884589186243657,Kelch propeller
H719L,719,H,L,0.0902155485589732,Kelch propeller
H719M,719,H,M,0.0506047166384127,Kelch propeller
H719N,719,H,N,0.0539158997335931,Kelch propeller
H719P,719,H,P,0.0864661540324549,Kelch propeller
H719Q,719,H,Q,0.0401640833131509,Kelch propeller
H719R,719,H,R,0.0770306066844287,Kelch propeller
H719S,719,H,S,0.0364706950835568,Kelch propeller
H719T,719,H,T,0.0831390772584176,Kelch propeller
H719V,719,H,V,0.2300746246064439,Kelch propeller
H719W,719,H,W,0.0198837490917912,Kelch propeller
H719Y,719,H,Y,0.0,Kelch propeller
S720A,720,S,A,0.005383416081377,Kelch propeller
S720C,720,S,C,0.0097314725115054,Kelch propeller
S720D,720,S,D,0.041456012351659,Kelch propeller
S720E,720,S,E,0.0625681157665309,Kelch propeller
S720F,720,S,F,0.0144761140712051,Kelch propeller
S720G,720,S,G,0.0676790687817888,Kelch propeller
S720H,720,S,H,0.0030583979171726,Kelch propeller
S720I,720,S,I,0.0277200896100751,Kelch propeller
S720K,720,S,K,0.0325351174618566,Kelch propeller
S720L,720,S,L,0.0421825805279729,Kelch propeller
S720M,720,S,M,0.0360332404940678,Kelch propeller
S720N,720,S,N,0.0102726144344877,Kelch propeller
S720P,720,S,P,0.0426306309033664,Kelch propeller
S720Q,720,S,Q,0.0,Kelch propeller
S720R,720,S,R,0.0194886776459205,Kelch propeller
S720T,720,S,T,0.004552403729718,Kelch propeller
S720V,720,S,V,0.0177176677161554,Kelch propeller
S720W,720,S,W,0.000672832404942,Kelch propeller
S720Y,720,S,Y,0.0253572293533557,Kelch propeller
V721A,721,V,A,0.1032559336401067,Kelch propeller
V721C,721,V,C,0.0522849055461371,Kelch propeller
V721D,721,V,D,0.0708706708646162,Kelch propeller
V721E,721,V,E,0.0953431520949369,Kelch propeller
V721F,721,V,F,0.0,Kelch propeller
V721G,721,V,G,0.1081950835553404,Kelch propeller
V721H,721,V,H,0.0481540627270512,Kelch propeller
V721I,721,V,I,0.0126566662630162,Kelch propeller
V721K,721,V,K,0.0879238314361818,Kelch propeller
V721L,721,V,L,0.0340684790506162,Kelch propeller
V721M,721,V,M,0.0333593182368598,Kelch propeller
V721N,721,V,N,0.0568130903366419,Kelch propeller
V721P,721,V,P,0.0787849660934838,Kelch propeller
V721Q,721,V,Q,0.0635595785904578,Kelch propeller
V721R,721,V,R,0.0788553523855656,Kelch propeller
V721S,721,V,S,0.0729724206829727,Kelch propeller
V721T,721,V,T,0.0421333858077016,Kelch propeller
V721W,721,V,W,0.070384021554856,Kelch propeller
V721Y,721,V,Y,0.0492984076047455,Kelch propeller
L722A,722,L,A,0.0175065088399128,Kelch propeller
L722C,722,L,C,0.0,Kelch propeller
L722D,722,L,D,0.0889818963429388,Kelch propeller
L722E,722,L,E,0.1085704771131012,Kelch propeller
L722F,722,L,F,0.0407468515379012,Kelch propeller
L722G,722,L,G,0.0448845059336387,Kelch propeller
L722H,722,L,H,0.0689331557277792,Kelch propeller
L722I,722,L,I,0.0349903124243144,Kelch propeller
L722K,722,L,K,0.0714678190845242,Kelch propeller
L722M,722,L,M,0.0424444478081846,Kelch propeller
L722N,722,L,N,0.0797128542019846,Kelch propeller
L722P,722,L,P,0.0119285844030017,Kelch propeller
L722Q,722,L,Q,0.0672650762896586,Kelch propeller
L722R,722,L,R,0.0322793049164447,Kelch propeller
L722S,722,L,S,0.0302479413901657,Kelch propeller
L722T,722,L,T,0.0475523734560426,Kelch propeller
L722V,722,L,V,0.0304273129086946,Kelch propeller
L722W,722,L,W,0.0637798195689029,Kelch propeller
L722Y,722,L,Y,0.0622282937757327,Kelch propeller
I723A,723,I,A,0.0387275974812303,Kelch propeller
I723C,723,I,C,0.0437469726325987,Kelch propeller
I723D,723,I,D,0.0344839852264485,Kelch propeller
I723E,723,I,E,0.0095914567691949,Kelch propeller
I723F,723,I,F,0.0416527912327454,Kelch propeller
I723G,723,I,G,0.040950441995642,Kelch propeller
I723H,723,I,H,0.0423748183579559,Kelch propeller
I723K,723,I,K,0.0727491523371291,Kelch propeller
I723L,723,I,L,0.0270540687817888,Kelch propeller
I723M,723,I,M,0.0350697808186016,Kelch propeller
I723N,723,I,N,0.0,Kelch propeller
I723P,723,I,P,0.0290634838944054,Kelch propeller
I723Q,723,I,Q,0.0231858500847677,Kelch propeller
I723R,723,I,R,0.0683905001210962,Kelch propeller
I723S,723,I,S,0.0484961552434018,Kelch propeller
I723T,723,I,T,0.0518406393799952,Kelch propeller
I723V,723,I,V,0.0147947444901913,Kelch propeller
I723W,723,I,W,0.0237822414628253,Kelch propeller
I723Y,723,I,Y,0.0318501755873093,Kelch propeller
A724C,724,A,C,0.0019178372487285,Kelch propeller
A724D,724,A,D,0.0872176979898281,Kelch propeller
A724E,724,A,E,0.0409875272463052,Kelch propeller
A724F,724,A,F,0.0052729171712279,Kelch propeller
A724G,724,A,G,0.0804295834342457,Kelch propeller
A724H,724,A,H,0.0417859953984002,Kelch propeller
A724I,724,A,I,0.0,Kelch propeller
A724K,724,A,K,0.0447528154516832,Kelch propeller
A724L,724,A,L,0.0131130418987648,Kelch propeller
A724M,724,A,M,0.0196256660208269,Kelch propeller
A724N,724,A,N,0.0580527972874788,Kelch propeller
A724P,724,A,P,0.050516166141923,Kelch propeller
A724Q,724,A,Q,0.0317941692903851,Kelch propeller
A724R,724,A,R,0.0155281242431567,Kelch propeller
A724S,724,A,S,0.0431642044078455,Kelch propeller
A724T,724,A,T,0.0317722208767242,Kelch propeller
A724V,724,A,V,0.0064475357229353,Kelch propeller
A724W,724,A,W,0.038097148219908,Kelch propeller
A724Y,724,A,Y,0.0442116735286995,Kelch propeller
N725A,725,N,A,0.0109840457737951,Kelch propeller
N725C,725,N,C,0.0,Kelch propeller
N725D,725,N,D,0.017284754177767,Kelch propeller
N725E,725,N,E,0.0235264289174134,Kelch propeller
N725F,725,N,F,0.0172802131266636,Kelch propeller
N725G,725,N,G,0.0157748546863633,Kelch propeller
N725H,725,N,H,0.01798937394042,Kelch propeller
N725I,725,N,I,0.0074791111649309,Kelch propeller
N725K,725,N,K,0.0206012351658983,Kelch propeller
N725L,725,N,L,0.0290649975781047,Kelch propeller
N725M,725,N,M,0.0336673528699429,Kelch propeller
N725P,725,N,P,0.0166096512472739,Kelch propeller
N725Q,725,N,Q,0.0303001634778397,Kelch propeller
N725R,725,N,R,0.0159496851537902,Kelch propeller
N725S,725,N,S,0.0037493945265183,Kelch propeller
N725T,725,N,T,0.0165559154759007,Kelch propeller
N725V,725,N,V,0.0108258658270767,Kelch propeller
N725W,725,N,W,0.0185804674255267,Kelch propeller
N725Y,725,N,Y,0.0319909481714701,Kelch propeller
I726A,726,I,A,0.0153540506175843,Kelch propeller
I726C,726,I,C,0.0097049830467425,Kelch propeller
I726D,726,I,D,0.02279759021555,Kelch propeller
I726E,726,I,E,0.0285965124727551,Kelch propeller
I726F,726,I,F,0.0045122911116493,Kelch propeller
I726G,726,I,G,0.031378663114557,Kelch propeller
I726H,726,I,H,0.037029244369098,Kelch propeller
I726K,726,I,K,0.0412395555824655,Kelch propeller
I726L,726,I,L,0.0070068418503283,Kelch propeller
I726M,726,I,M,0.0,Kelch propeller
I726N,726,I,N,0.0352052555098087,Kelch propeller
I726P,726,I,P,0.0071052312908708,Kelch propeller
I726Q,726,I,Q,0.0349494429643996,Kelch propeller
I726R,726,I,R,0.0358077016226689,Kelch propeller
I726S,726,I,S,0.0095490736255766,Kelch propeller
I726T,726,I,T,0.0267899309760247,Kelch propeller
I726V,726,I,V,0.0059419653669183,Kelch propeller
I726W,726,I,W,0.0343303463308321,Kelch propeller
I726Y,726,I,Y,0.020210704771131,Kelch propeller
